review_id,text,human_label
YFySoU9YzhWY7NGx1uvf5Q,"Absolutely love this place when in Philly. Not only are the beer and appetizers great, the atmosphere, with all of it's history, is amazing. Definitely a great place to add to your list.",Positive
CJ84uHzBB8BVnGOBCS2i0Q,This is One of my favorite breakfast places in the city. Even with its location the menu doesn't give overly hipster vibes. The staff is friendly and always remember me which makes you feel appreciated as opposed to just a customer.,Positive
FfIYtzGxzNFgXkqs-gpqxA,This place just doesnt get it. Pat's has died. Geno's had a nice long line and Pat's had no line yesterday at 6pm. We wanted to give Pat's another go to see if they pulled their heads out of their arses. Nope. They skimped out on the steak and hardly put any cheese on it. Next time we're going to John's Roast Pork or Tony Luke's.  RIP Pat's,Negative
IPT0OgJ6lhCfmIxHsBKGFw,Amazing food. I actually had a cheese hoagie and it was delicious. My partner had a cheesesteak and said it was the best he's ever had in his life!,Positive
Fg303MkNRI0ixwYULK3AgQ,Best cheesesteak in the city. No one else can compete with their rolls. Love this place and def worth the trip from Jersey.,Positive
iGTHADlIpq7Mx9QKKAyqvg,"Update to my earlier review:

I only made the initial review to warn others about the potential of not being reached out to and truly didn't think anyone would reach out to me. One of the dentists called me but I was in a meeting so I didn't answer and was reached out to via Yelp by a receptionist. In that initial message, they said they never got my online appointment request so I forwarded the confirmation to them saying it was sent. On the voicemail the dentist left, they said they have gotten 4 voicemails this year and mine was one of them... 4 voicemails and somehow I didn't get a call back? Upon review they said their web developer blocked certain email addresses so my message never made it to them or even went to their junk folder. In both the yelp message and voicemail they did apologize which was thoughtful but also felt like they were just trying to save themselves.

I did try to make an appointment but they were out of network for me so it did not happen. While I did appreciate their attempt to make things better, it just sounded like excuses to me about the situation so I'm only giving them 2 starts instead of making it 3 stars.",Neutral
pYPrqBptfb0thZJmhtCZcg,"Ah, Good King, what a lovely place. My boyfriend and I are big fans of their steak frites and mussels (and Negronis). Come here and you won't be disappointed.",Positive
aAU-can2UtqrDa2r5U4bfQ,My friends and I were super excited to try this place -- and it didnt disappoint! They have everything from Pork to Buffalo Chicken (my fav) to Falafel bao buns. Definitely worth the price & will be back again!,Positive
sXAC5C_MFlp8bCOcJC6UEg,"We went here for my birthday lunch and couldn't have picked a better place. Atmosphere was amazing, service was great, and food was perfect. We will definitely be back!",Positive
RLVvwodLl5XaYmt2IRqKBA,"To say I'm obsessed is an understatement! I live right around the corner and I could not be happier with my experiences here so far. The people who work there are so friendly, the coffee is fantastic, and the food is amazing. Even better- the prices are nothing outrageous. The ambiance is warm and welcoming with great soft folk music in the background. Definitely my new favorite coffee shop!!",Positive
EdV-eV5jbXYI1pvPOMOu_A,"There's not a lot of birria taco spots on the east coast in general so I was surprised how good the food was. We got the beef taco boxes and fiesta fries, and I would recommend both. The birria was thinner than what I was used to but the flavor in the tacos were still there. Everything came out very quickly. It's a small place with not that many tables but they have a huge bar area to sit at and some TV's to catch the game. The overall atmosphere of this place has a bar type feel, which is perfect if you're looking for a happy hour or a place with good eats and music. Between the music, art, food, & customer service I would deff recommend it.",Positive
nhtEXS79OvGvrmYG392stA,This place is a Hidden gem for tourists. We have tried other places for cheese steak but Jim is number one. The only thing is make sure you bring cash. We drove around looking for atms and it was so worth it!,Positive
RbyAsxfuYkSLJeuRwfMQOQ,Nasty. gave me days old chicken.  Not good at all. Will nevee order from here again. Ordered lo mein and it was so dry it was inedible.,Negative
CZ76DZ3iN8toAz84kU4ZSQ,The issue has been rectified.  The customer service was really polite and mystery is solved,Neutral
pZbdhuuXmVFosyLLnFjptw,It was my first time visiting and I was very pleased! The nail tech was very skilled and tailored my manicure to my needs. I will Definately be back!,Positive
gtq8ZTcCmMAO-Uy6Ob-MZA,"Drove from NY to see Emily King at Union Transfer. Came here based on the good reviews... Didn't disappoint. We would definitely come back. Ordered a wiz steak sandwich without. My husband ordered a provolone steak sandwich with.. We both enjoyed it!
Pay cash and it's slightly cheaper than if you use your card.",Positive
3vlcRwCMaM7Cv_yXgs50PQ,"They were super careful about following covid precautions, all staff wearing masks and gloves, with sanitizer available. They only allow a limited number of people in to pick up their orders at one time. Their food is always delicious! It's my favorite place for pho",Positive
wkQK29MAHSESZvJnR94JjQ,"The restaurant stretched themselves outrageously thin by adding more outdoor tables than their kitchen or staff could manage. We had a reservation but were sat outside far from the restaurant at an uncomfortably small table the edge of a closed street with pedestrian traffic crossing right next to us. 15 minutes passed before we were greeted, an hour passed before one of our appetizers was provided. Another 30-45 minutes passed without the second appetizer or main courses so we asked our server what the status was and if it wasn't being prepared soon could we please pay for our appetizer and drinks and leave. The food came out about 5 minutes afterwards. The tofu scallop dish that took so long to come out was 3 bite-size pieces of unseasoned tofu that were slightly pan fried before being tossed on top of a bowl of bland tomato sauce. The chips were too burnt to eat. The rest of the food was okay, but overpriced for the quality/size/creativity ($9 for a few bites of fried potato balls). I do not blame our server as he was pleasant, but just faced with an unacceptably large section. Management needs to consider if maximizing the quantity of their sales is worth sacrificing the quality of their customers' experience. I'm truly disappointed as my partner and I were told that this was the best vegan restaurant in all of Philadelphia and expected it to be the highlight of our trip. We will not be returning or recommending this restaurant to friends.",Negative
HUykKOJo9mFBlpQS9NVDoA,Gel manicure completely lifted and peeled off within one day. Sloppy work. Don't waste your money here. Seriously overpriced. There are better salons in the area for less money.,Negative
a0tde9h8AS94xSVzUje5dg,"The best Nashville hot chicken sandwich I've had outside of Nashville. I had it and tater tot's delivered and they were hot, perfectly cooked and very tasty. I've been looking for a place to have really good fried chicken products and now I've found it.",Positive
_5D34ecSHTpaBIkywnPnfg,"Amazing meal last night at aroma. I'd passed this restaurant a bunch of times on my commute but it wasn't until an act of kindness occurred between myself and the staff that I was lured in.
The food is really out of this world. Def my favorite place in Philadelphia for Italian. The flavors are unbelievable. 
And don't skip on dessert. I don't care how full I am, I am absolutely going to get their espresso chocolate pastry with ice cream. Idk what the actual name is but it is sooooo worth feeling uncomfortably full every time. :)",Positive
3d4D-baTG24N5AKbYFiDUQ,"We stopped in for a cute dinner Saturday evening but we were al full from eating throughout the day we didn't end up ordering much for dinner. The fries and the cheese plate were very tasty. For dinner we shared a portobello mushroom steak, which was so delicious! It was cooked to perfection and had absorbed all of the yummy sauces and seasonings it was cooked with. Even though I did not take a photo of it, which I regret now, it was definitely one to remember.",Positive
Tya-7MNXgY-iNfy6rFCjaA,"I had the jerk chicken, yams, cabbage and macaroni and cheese. Everything was so good. I will visit again when I'm in the area.",Positive
ofFtuGrKXNwcukIA20dd7w,"Love this place!  Despite the name, I actually find their non-Pho options to be the best. (The pho is good though.) The pork chop and rice is honestly the best pork dish I've ever had. 

Everything is easily customizable so you can alter the dish to your preferences/allergies, and since you order through a touchscreen and they work from a printout, the workers never miss a detail no matter how many changes you make. 

It's a great value too. My family can get a delicious meal for three people for under $30 and have leftovers for the next day. Highly recommend.",Negative
Gh7f4fGRv3yoUipl2IarGQ,"My husband and I have heard so many good things about this restaurant and decided to give it a try.

We ordered a chicken Caesar wrap, and requested french fries on the side, a personal pizza, and 2 red velvet cakes.

We didn't end up getting any fries which we were disappointed about. As for the pizza, it was good, but we received it almost cold. As for the red velvet cake, we were satisfied with that!",Positive
3mdbA0wQryiCTdVvTaFbPA,Hella authentic trust me. Great value too. When they say it's so korean they're not kidding. Go shop next door at hmart and then come eat here aftetwards.,Positive
RHKNc9S64JDkWjVFKQBq0g,Completely satisfied with Mark & his team. I had a cracked pipe in my basement that could have turned into a huge problem so I contacted Mark for an estimate. He came out the next day and gave me a very fair price and even matched the price of another company who gave me a slightly cheaper quote. The work was completed within a week of receiving the estimate and looks great! I will definitely be contacting JB in the future for all of my plumbing needs!,Positive
3b9-y57Nm9RoZOSnDbWZfQ,"I have been to Yards on a number of occasions particularly when I have visitors to the city. They have a large indoor seating area and a handful of tables outside now with COVID. I've had quite a few dishes here including the BBQ ribs, chicken cheesesteak, nachos, and pork sandwich. I probably have come back so many times because of how close it is, but the food is mediocre at best. I also find the beer to be pretty plain and unimaginative. While it is a nice location to visit (with ample parking), the food and drink make me think twice about coming back.",Neutral
vKIYZhUiJRz4KrgM3PJLDg,"It was five years ago, a company that I worked for, ordered pizza from here. One of those was  Buffalo chicken, and it was deliciously topped with tender chicken, tasty, tangy, smooth Buffalo sauce, and Bleu cheese! The others were good but this one really left an impact but I never had it again, until this weekend...what a disappointment! I was in the area, and decided to order the Buffalo chicken as well as a half and half pizza, to satisfy the ""good"" pizza craving that I'd been having for this past year. The Buffalo chicken pizza did not have the same sauce, instead it was a hot sauce drizzle,  the chicken was dried out grilled chicken, and tasteless! The half and half was better but not by much, though it had black olives, green onions, sausage and pepperoni. The veggies were small enough to go on a doll house pizza! The bottom line is that I did not get the ""good"" pizza that I've been craving during this crazy pandemic, so the search continues!",Neutral
oUwPqVO8RATHaH5Do4n0KQ,"Located on the 2nd floor of the Philadelphia Fashion District, Wonderspaces spans 24k sq ft and the art installations are spread out between two floors. My husband and I decided to come here because we both appreciate art and were interested based on all the promotional ads we saw. Yes, you can take Instagram worthy photos but I really liked that it was an interactive, immersive art experience that allowed you enjoy each installation at your own pace in a non intimidating space. You can go through each exhibit as quickly or as slowly as you want. It's just a good time. 

I think it's cool that they rotate the exhibits every couple months because then it makes the membership they offer potentially worth it especially because you get unlimited visits for the year along with other perks which include a 10% ticket discount for any friend you bring and a free drink for you and your friend at the bar (they do cap it at 6 complimentary drinks a year).

Would I go back? : I would definitely consider going back depending on how often the exhibits are changed. I also like how Wonderspaces showcases art in a way that is not too ""Instagram-y"" that it's gimmicky or too contemporary that it's pretentious; you can enjoy the exhibits regardless of whether or not you're into art.",Neutral
0VZUmXzJ-3tmGPj_Kvc15g,"I feel lucky to get my hair done by Eric at Bobby Mack. I've never been very comfortable in hair salons, not always knowing what to ask for or what to expect, but that changes the moment I step in the door here. I'm always met with hospitality and respect by the entire staff. 

Eric especially takes time to consult with me to give me a cut and color that makes me feel as amazing as it looks! He's helped me take my damaged hair and give it life, plus is informative and fun to talk to during the process. I would recommend this artist and salon in a heartbeat!",Positive
-1GfUiWz5k6-RrSY2Z2F2w,"I had a craving for water ice and was walking around the Italian Market. My usual go to place is a bit out of the way and decided to give John's a try. Still not sure how to best describe water ice, but I was very happy with their portion sizes with the cup overflowing. Ordered a gelati which is ice cream and gelati which was a good snack on a warm day.",Positive
mIwC8gDH_vXZGjiNAwuzTQ,Went for the 2nd time to try their brunch and it was so AMAZING  Absolutely enjoy the food,Positive
UWXDLvanGyy_7zfXVwDlgA,"Second time going , and I am certain this will be my Nail Palace because not only did ""Lena"" do exactly what I had asked ,and was very patient , But the service is soooo amazing, I felt like a princess .
They even give you a shoulder massage after your nails are done without even asking.
Happy to spend my money when I get good service.
So glad it's 3 blocks away .",Positive
8v0IOlOVeAjwhJt8Jj6JBQ,"Rocky is simply the best. His tree selection was massive, the environment with the Christmas music blasting was so fun and most importantly his customer service is unmatched. Thanks Rocky for helping us start a new Christmas tradition!",Positive
YGqPo7u0VW31P_ARFjYg2A,"Love Trader Joe's, love the options. Enjoyed the fact that the aisles are actually big enough for two people with carts to walk down without hitting each other, unlike the other location. 

HOWEVER, they only validate during certain hours. For less than an hour of shopping, I had to pay $16 for parking. Won't be going back, especially since their validation hours are during busy shopping times.",Positive
77pPIOgecPnr8Ekn92adfg,Sam was our server and was very nice. The quality of food is great. Birthday treat was a nice surprise.,Negative
oA8LdRaRH5xqS5ubp8pC-w,If I could give them 100 stars it still wouldn't be enough. We were greeted by our hostess who said our table would be ready in a few minutes. Our reservations weren't for another 45 minutes. I wanted to go a little earlier so we can hang out at the bar.  She said we could but to let her know when we were ready for our table. Had a drink at the bar and enjoyed the ambiance. Half hour were seated at our table on the second floor. The staff couldn't have been anymore accommodating. Definitely recommend.,Positive
ttXijcfskWM7u3O1qPe9kQ,"The chicken banh mi is great. The price is cheap too. If you wanna try vietnamese authentic banh mi, this place is a must try. It's hard to find a parking and it's a take out restaurant. They also have Vietnamese coffee. Which is great.",Positive
2Y4bCyURdWJswn9X0tPTdg,Great atmosphere and good beer selection. Staff is friendly and the weather was amazing!,Positive
h9gVtg4x0fNnFN2pXretBw,"This place just shouldn't be open right now. They have no menu other than gross hotdogs and literally like 5 drink selections. You have to stand on the sidewalk to order, and they don't even have outdoor seating. It's just sad. At least the dude working was nice though.",Negative
zEiOtIXeeNAK4R915OhmlA,"First entered and a family of four was waiting for food.  Father was NOT wearing a mask and the cashier/manager did not ask him to put his mask back on or wait outside.  Cashier did NOT greet me.  Felt unsafe and left.  
Came back 4 minutes later, Cashier/Manager was not wearing his mask..when he did put it on he wore it incorrectly with an exposed nose.  
If these people can't enforce basic safety in a pandemic, how the hell do you trust them to follow basic rules of food safety?   
DO NOT PATRONIZE",Negative
XMW6Q-3i7Qcvhv6r4VPYWw,"Great service,very clean,they have take care about all the hygiene facility. The person i was communicating was very sweet and helping.Would love to use their services again! Highly recommended!",Positive
eR9OMthlBWe6M9l9X0bjDg,"Beware during COVID Era - we ordered pick-up and the greeter at the door was not wearing a mask, not to mention was rude and would rather be on a cellphone than figure out which order was ours.

Looking to the back, the employees had masks on but were wearing them on their chins with their mouths and noses completely exposed. 

Ice cream was delicious though.",Negative
7mWFn1FwKzLPtCFoLStXcQ,"We were looking for a place to get Pho. Our regular spot didn't open until 4. So google.... and we came across this one which was a few blocks way from us. The service was great, the Pho was really good. Normally I get extra noodles at our other place. So I did the same here-did not need to do it-they give you more than enough. It's a nice size space, so we were socially distanced.  Definitely recommend.",Positive
kS6YX-S0WdhZ7LBVHNnyqQ,"The food here is amazing. Don't let the bad reviews change your mind about this place. Most bad reviews are about ""mean"" waiters and waitresses but at my experience there they were nothing but helpful. It was my first time doing KBBQ and hotpot and the lovely waitress taught us how to properly cook the food. The reason you're going to a restaurant is to eat good food. Even if the waiter might have had an off day that day please note that most of us aren't in a great mood anyways because of the pandemic but we still have to go to work and deal with people telling us what to do and that's the last thing we want to deal with. If the food is good just eat your food and leave. Amazing experience for me none the less",Positive
KnFW3mpLNjDvWzy0h6wH1g,"If you're looking for a reliable, tasty, burger or hoagie this is a good place to go to. I really like the chicken tender hoagie in particular",Positive
x0z-CZfSQ9pURP_vtGTyDQ,"As a Dominican ... I was OVERJOYED when I found la Parada Maimon... I order delivery from here often. 

El pollo guisado (stewed chicken) is delicious. This has been my favorite meal my entire life and to find a place that makes it good enough to trick me into thinking I'm eating my grandma's cooking, is superbbbbb. 

The sweet plantains, skirt steak, bistec encebollado (steak w onions), empanadas (pattys), tres leches are great. 

You get sooo much food for such a good price. I live in Univ City and I'm surprised they deliver this far... the food makes it here in great shape and I'm always a very happy customer",Positive
6npRFiBiT4xUJT1KbxNpvw,"If I'm anywhere near Philly, and I need a cheesesteak, Dalessandro's is the #1 destination stop. Every steak is good here. Some might consider this sacrilegious, but I'm partial to the pizza steak, because it's baked, and so all that hot, good greasiness just binds together in a beautiful one-of-a-kind sandwich experience. Dalessandro's steaks are the closest thing I've found to the long, long departed Sophie's Steaks in west Philly.",Positive
oVC9AtWABOW1go8gff-u1Q,"We placed an order online at 10:15 on Saturday and did not receive it until 11:50. We waited 1:45min for a bit of ice cream! What was the worst part? When we placed the order online, it said the wait would be 20min. If we knew it was going to 1:45 we would never have placed the order; and since we pre-paid online (you have to for COVID reason) there wasn't even a way to cancel it.

It seems like other reviewers has a similar experience, so this is clearly not a one-time thing. It's a fundamental flaw in their business model that's been going on all year. I will not be back here

The ice cream itself  was ok, but definitely not worth the wait",Negative
hclKmhMMdcQNGu8RXetZGQ,"Received a $50 bill for an appointment I cancelled. CANCELLED well before the date. I had to call about 4 times, since no one ever answers the phones, but I spoke to the woman at the front desk (the rude one- you all know who I am talking about) and CANCELLED IT!!!!",Negative
53xpN8kXkBCj0zWdo1WWTQ,The food was delicious. server was super polite and sweet. Great atmosphere. The parking outside was also very convenient,Positive
ivBRSDFZUDtqUkLOfRZnOA,"My car was hit in the side in a hit and run (I have a little Mazda 2 and it was an SUV) and decided to have insurance help me find a collision place. I'm so happy I went with Caliber! My car needed a new fender, new passenger door, back door fixed, strut replaced, and alignment. They kept in touch during the whole process, finished when they said they would and made sure I was seamlessly in and out of a rental. I definitely recommend them- though I hope I never need them again, I would definitely go to them if I have to!",Positive
OVoiRtVrw7FO9J1INDjnvw,NOTE - Noise Pollution is BACK OPEN THROUGH AUGUST. The family is keeping the store open to liquidate the remaining inventory before shutting down for good. Please help support Jack's amazing family during such a tragic time for them.,Neutral
GzhJeToHGclMuLcUgv5poA,"Ordered on a Saturday night for a large family meal and everything was excellent! Will definitely return soon. We ordered the salt roasted cauliflower, swordfish pastrami and rye, big a** salad, roasted chicken, smoked octopus, whole trout, corn donuts, chocolate blood pudding, the basque style cheesecake. To drink we had the milk punch, the e&a black Manhattan, and the Rusty Rail IPA. Cauliflower was a great option for the vegan in our family.  As a meat eater I still enjoyed this.  Swordfish pastrami and rye was an adventure on my tastebuds. Probably one of the groups favorites.  Big a** salad was a meal in itself... guess that's where it gets it's name from.  The roasted chicken was amazing.  Moist chicken with a great smoked taste.  The greens with the chicken were excellent and rich in flavor. The smoked octopus is by far the best octopus I've ever had.  I would put it up against any octopus around!!  Trout was fresh and presented well.  Corn donuts had a great spice to them and were great for the group.  Both deserts were delicious.  Blood pudding was definitely a new try for us and we all loved it!   Cheesecake was great also.  All the adult drinks were excellent and were great to go!  We will DEFINITELY be back soon for this adventure!",Positive
N3pzZP37rgVDIcGZSMUrHg,"This experience was the worst ever!!! Each visit to philly i go to max's for pepper cheesesteak hoagies. Always fantabulous. The last 2 visits including today was nothing short than horrible!! Ordered 6 pepper cheesesteaks w/salt, pepper, grilled onions & sweet peppers; 2 same way no cheese and 1 whole w/ salt, pepper grilled onions and ketchup.see order below:

Pd $60 for an uber to p/u hoagies.. Upon p/u i checked hoagies and none had extra meat. Went back in to advise what i discovered and the older grill person (a man) became belligerent arguing that he put xtra meat on 3. See below i requested all to have xtra meat!!! Another gentleman interjected and told me to bring the hoagies back and apologized after speaking with the rude grill cook. I then thanked the gentleman and added an additional $5 tip to the already $20 tip on my card. I get back to my daughters' home and opened my hoagies only to discover xtra meat very little onion,absolutely no peppers and definitely no flavor which means no oil or salt and pepper!!

Needless to say i will not be returning to max's when i return to philly next month.!! I try to patronize our community businesses whether at home or abroad, but it saddens me to say i will not continue to support a business that does not value my money nor my continuous promotion of max's to all of my family, friends and constituents that frequently visit the philly area.

After talking to my uber driver after the major blunder she recommended dalessandro's steaks on wendover street, therefore that is where my next search for philly's finest steak hoagie will be.

Regards,
Dear mary
Your order has been successfully placed in max's steaks. Your order # is 9939.
Max's steaks
Ph : (215)229-9048
Order # 9939
Take out order
Credit card prepaid
________________________________________
05-08-2021 11:02:52 am
Mary
Item description Amount
Pepper steak (2)
(no cheese)
(fried onions)
(extra meat)
(salt)
(pepper)
(sweet peppers)
(half)
Special request: both hoagies xtra meat and please add oil and double wrap traveling w/hoagies thanks $ 10.00
$ 0.00
$ 0.00
$ 2.00
$ 0.00
$ 0.00
$ 0.00


Pepper cheesesteak (6)
(provolone)
(fried onions)
(extra meat)
(salt)
(pepper)
(sweet peppers)
(half)
Special request: all hoagies xtra meat and please add oil and double wrap traveling w/hoagies thanks $ 11.50
$ 0.00
$ 0.00
$ 2.00
$ 0.00
$ 0.00
$ 0.00


Cheesesteak (1)
(american)
(fried onions)
(extra meat)
(salt)
(pepper)
(ketchup)
(whole)
Special request: add oil to all double wrap-traveling w/hoagies $ 20.00
$ 0.00
$ 0.00
$ 3.50
$ 0.00
$ 0.00
$ 0.00


Liquor tax:
Sales tax:
Tip:
Budge fee: $ 0.00
$ 0.00
$ 19.27
$ 0.25

Total:$ 148.02
SEE MARCH 2021 RECEIPT BELOW:

THIS WAS A PREVIOUS ORDER IN MARCH 2021--THIS HOW MUCH I SPEND W/MAX'S EACH TIME IN PHILLY--SEE BELOW RECEIPT

Dear mary marcelle,
Your order has been successfully placed in Max's Steaks. Your Order # is 8875.
Total:$ 181.45Max's Steaks
Ph : (215)229-9048Order # 8875Take Out OrderCredit Card Prepaid03-01-2021 11:18:10 AMmary marcelle(412)853-6575Item DescriptionAmountPepper Cheesesteak (7)(Provolone)(Fried Onions)(Extra Cheese)(Extra Meat)(Salt)(Hot Peppers)(Sweet Peppers)(Half)Special Request: ADD OIL TO ALL DOUBLE WRAP-TRAVELING W/HOAGIES$ 11.50$ 0.00$ 0.00$ 1.00$ 2.00$ 0.00$ 0.00$ 0.00Pepper Cheesesteak (2)(No Cheese)(Fried Onions)(Extra Meat)(Salt)(Hot Peppers)(Sweet Peppers)(Half)Special Request: PLEASE NO CHEESE AND ADD OIL AND DOUBLE WRAP TRAVELING W/HOAGIES THANKS$ 11.50$ 0.00$ 0.00$ 2.00$ 0.00$ 0.00$ 0.00Cheesesteak (1)(American)(Cooked In Peppers)(Fried Onions)(Ketchup)(Salt)(Sweet Peppers)(Whole)$ 19.00$ 0.00$ 3.50$ 0.00$ 0.00$ 0.00$ 0.00Liquor Tax:Sales Tax:Tip:Budge Fee:$ 0.00$ 0.00$ 30.20$ 0.25",Negative
SjwKdDF5AcO7arZSU8xgaw,"Kim T at Volume has been my stylist and friend for almost 12 years. I followed her when she moved locations twice (the first the whole salon moved). I swear she is a genius with hair color. She is part artist and part chemist. I have been so many different shades of red, I don't think either of us can keep track anymore. It's always beautiful. Kim constantly is studying and taking classes to hone her technique and it shows. She is wildly talented and I am constantly complimented on my color. Her cuts are obviously fantastic too!  

I have had cancer for about 8.5 years and while I never fully lost my hair, at times it was really thin. Kim has always made me feel good about myself at my worst. I can't tell you how many times I have walked in and said ""Kim, I'm a mess. Please fix me."" and I leave feeling like a new person. She has always been warm, funny, and empathetic and is truly one of my favorite people. 

Volume is a great salon and a nice fit for Kim. The whole staff is so nice, talented, and unpretentious. I really respect and appreciate how careful they have been during COVID too. 

I included a few shades of hair color Kim has done for me over the years. Some are natural and some are funky, but they are all beautiful. If you are considering booking with Kim, do it! She will make you feel as gorgeous as you already are!",Positive
3e0bMKsl2QR8wHEwUiz92w,Delicious cheesesteaks although not my absolute fave. Very crowded spot. Mainly a take out spot due to right quarters. Be prepared to wait in line if you come at a busy time.,Neutral
UtPVJQBylEkn58iLHOZNwA,"One of the best meals I've had in Philly! They currently have a prix fixe menu which is well worth the price. We got the Lamb Tzimmes and short ribs, along with matzo soup and chicken liver mousse as appetizers. Our waitress also threw in a full order of complimentary latke fries. Between all this food and the challah rolls, I was beyond stuffed by the end of the meal. The short ribs were a good portion size and came with bread, pickles, and sauces for constructing into a sandwich. The lamb was in the form of a thick stew and the prunes added a really nice flavor.

Overall, very impressed. Good food, good service, and nice, strong heat lamps for outdoor dining!",Positive
N9F3KAZdVSLl98RauXDT5Q,Just like the one's in New York City. I have eaten at the one at Brookfield Place in the financial center many times. This Dig is the same menu and the same high quality. It was packed during lunch. Not surprising as the Brookfield Place Dig is always busy too. This is the best bowl meal in Center City. I'm happy they opened in Philadelphia.,Positive
NfUAhq4Y4jngDn4yQWG7Ig,"Good customer service! Nice place 
Coffee: Rwanda pour over very GOOD 
Espresso: Brazil super smooth
Latte: Gingerbread latte delicious 

A+",Neutral
iEYQoPdzinvw0bXSZGnWdw,Had an excellent evening at Barra Rossa. We participated in their 6 course Halloween themed dinner. Courses were timed perfectly with a drink accompanying each round. All of the staff were friendly and attentive. The food was absolutely decadent. I highly recommend you dine here if you have the chance!,Positive
GVy4GzflC27qkLFVpGjsNg,"I've been to this place probably 5x times 
Absolutely love their food. Its always fresh, quick and delicious. Service is very nice too! We really enjoy it
Highly recommended",Positive
twNFBzJoR08MLScgVMO8rA,"I ordered from Uber eats and specifically said in the comments if your Shrimp Fried Rice has egg; NO EGG due to an allergy. I received my order and the fried rice had egg. I called the establishment directly and with a lack of customer service I was told to 
come in the store. If it was that simple I wouldn't have ordered from Uber Eats; I live in another section of the city and was curious about this establishment. I was then told by the establishment that made the error to contact Uber Eats. Not sure how contacting the third party online was going to satisfy my hunger, but it was obvious they could care less about a dissatisfied new customer. I contacted Uber Eats online and gave the food I couldn't eat to someone else. I have also deleted this establishment from my bookmarks and not inclined to visit in person. Very negative first impression based on the response to their error. 
DISSATISFIED!!",Negative
5rIntHq-3h0-XNiWMevKGQ,"The office was very clean and efficient. I did not have to wait too long after my scheduled appointment time.  Everyone was nice, addressed my concerns and offered options. I really loved Dr Meltzer, demeanor and patient approach. I have already recommended him to several coworkers",Positive
8t7sUEXgxdqpDz62tHN3_g,"What is going on here? There is some kind of disconnect between the online ordering system and the restaurant itself. When I ordered, I got a message that my food would be ready at 6pm. It's now 6:30, and I'm still waiting for my food, along with 15 other frustrated patrons. A woman just asked when her order would be ready and they said ""We don't know."" This is ridiculous.",Negative
UajXrlqaQgSGfPmuw1gyOA,"We made mobile orders at this shake shack. They were always ready by the time stated it will be ready on the app. The employees were courteous and quick. The food was still hot. However the second time which was the next day, it was past rush-hour and the food got a bit cold. The mushroom burger wasn't as good since the cheese kinda solidified and wasn't melted like the first time I ordered there. I would still go back for another burger.",Negative
_KNEONb5O1zIf_AuWUg9Zg,"This was the first Christmas Eve I got scungilli salad and calamari salad from Anastasia's.  Wow, what a disappointment.  First, they charged me a 2.5% upcharge for using a credit card (which they failed to tell me when I called for information).  When I opened the scungilli salad I was hit with an odor of raw onions.  Now, I have never seen raw onions in a scungilli salad  ($35/lb) and this one was FULL of onions.  Then I opened the calamari salad ($25/lb) .  They had 6 mini tomatoes in the small 1lb container which was just put in to give you less seafood.  
I usually buy my salads at DiBruno's, which by the way have mini shrimp and mussels in them.  I'm so sorry I didn't.   DiBruno's definitely worth the wait in line and I found out later....they were cheaper.",Positive
_cUKmTNn2KiI6Gvn0ao4gw,"I had never been here and have lived in the neighborhood for a while, so I finally tried it out this week. The seating set up is great. Indoor seating is distanced throughout the restaurant and then outdoor seating was distanced with some covered and other seats uncovered. The drink menu was good with lots of options and they also serve food till 8:30-8:45. They had lots of options and a touch-less ordering system. We got a pizza and it was fine. It's a cute place and I think I'll return but next time just for the atmosphere, great service and drinks.",Neutral
9wD_wDtiXEftHFfuGr7YPg,"Had their seasonal peppermint mocha and it was delicious! Very inviting interior, can't wait to be able to sit inside.",Positive
GMfqZzDXL8Viyd8G8I6LLw,Went to pick someone up at the airport. It is clear that only morons  could have designed the way ALL the cars have to pass ALL the passenger pickup areas at ALL the terminals and wait for ALL the people. It took more time to get out of airport as it took to reach the passenger. Must have been designed for traffic volume in the '50s. The cell phone lot was full on a Sat afternoon.,Negative
75gtxaxm-8YT_XqnVh1PUQ,"I can't believe my last review was 2015, back when they only made 40 pies a day.. now there's a newly transformed space that is covid-friendly for the times (pexi glass between tables, spaced and follow social distancing, masks on all staff, and contactless ordering system via QR code)

For a party of 4 that ordered 2 pies, tomato pie, roasted veggies, 2 desserts and 2 rounds of alcohol our bill including tip came to about $190. 

Our friends ordered the pie and added anchovies, they loved their pie. We ordered the roasted potato pie and it was delicious. The olives were nice and salty and added a lot of flavor and texture to the pie, great crust too. We enjoyed everything we ordered, including the soft serve ice cream and service was great. 

Overall, I would recommend Beddia, it's worth a visit but personally for me it's a once in a while rotation as the prices are a bit steeper than the many great pizza establishments that Philly has to offer. But it's a great treat and place to bring guests!",Positive
n0Irvcy92SsC1SawF-UUOQ,"El Vez is absolutely incredible if you're able to find seating, it's always so packed and they do not take reservations over the phone. It's a good thing they are packed, it means people keep coming back because it really is that awesome and is worth the 45-60 minute wait because the food and drinks are amazing. 

Speaking of drinks, the last time I was there with my coworkers we all got a pitcher of sangria with fresh fruit, it was great, but if you're looking to get a buzz I wouldn't recommend because it's barely alcoholic; still great nonetheless. 

I also ordered a Limeade and oh my god when I tell you that it's my favorite all time non-alcoholic beverage from any restaurant I've ever had.... I'm serious. It's divine. 

We ordered chips and dip for the table, I absolutely love their red dipping sauce. We also ordered the Crab guacamole and that was heavenly as well. I ordered shrimp tacos as well as the mexican corn. I wasn't a big fan of the tacos but the corn totally made up for it, it was beyond fantastic, everyone at the table who also ordered the corn totally raved about it as well, that's unbelievable. 

Definitely check this place out! I highly recommend, just make sure you walk in and put your name in and go grab a drink around the corner or something to wait for your table :)",Positive
yoMttFwq3E3WHkwyNAXvlA,"My dad talked to my mom in Spanish at this location and the worker told him ""Speak English!"" It was his turn to make his sub and he asked for lettuce and tomato and the worker said ""that's not an option"" he said he would pay extra if he needed to. The worker throughout the entire process was giving my dad retorts. At the end the worker refused to give him any sauces. Again, he said he paid extra if necessary. The worker then said ""pinche viejo"" which translates to f**ing old man. My mom said she would report them to subway HQ. The workers ran in the back but she managed to take a picture of one of them.",Negative
hR_Mc3eBR0Kg9Mc5Jq4lCA,"We used the lot for a week.  The price was very reasonable. I didn't realize when I left that I had left my drivers window all the way down.  
When we arrived back from our trip there was a black garbage bag taped over my window.  
They made sure my vehicle was secure.  
Highly recommend this facility.",Neutral
OX6x2XPYMPHb-QUmv7a6Sw,"I really wanted to like this place for their soup dumplings but my most recent visit really disappointed me. I've been to Dim Sum Garden before in 2019 during a trip to Philly and remember really loving the food (pork soup dumplings, mapo tofu), and decided to come back. 
We ordered pork soup dumplings, beef ho fun, mapo tofu and shanghai dumplings. Some of the soup dumplings came out already broken, but the ones that were intact were still good. The ho fun was standard, but could've been more flavored. The shanghai dumplings were good. The mapo tofu, on the other hand, was a complete disaster. The tofu was uncooked and cold on the inside. The sauce itself was orange, rather than the usual deep red color, AND it was gelatinous rather than liquidy. I tried one tofu and it was still raw on the inside. We did not even make any dents in the dish. When I had alerted staff about this, they tried to tell me the plate was hot. However it was the food itself that was cold, indicating that the dish was inadequately reheated. They took the meal back and offered another dish however there was nothing that was really appealing and by that point I didn't want to risk another dish coming out in the same condition. The waitress said she couldn't take it off the check because it would come out her pay and her boss did not allow it. When asked to talk to the boss, she said the boss was not in. When asked to talk to the manager, the waitress had called another woman over who said the manager was not in either... at that point, I had no energy to continue going back and forth over a clear health code violation.
Their COVID precautions were also questionable. There was no social distancing, no temperature checks, and capacity was not limited. Water cups had lots of cracks in them and had a very distinct, unpleasant smell.",Negative
U9Cp6K-Esh7YTOyX6or6BQ,"great service, shaquan helped me and was friendly and quick, got me all set for a long trip. thank you!",Positive
jssTpSS918-lEwY5tfCUFA,"I came here for a second time and all I can say is WOW  
I love their food here so f-delicious. I would come back again and again because the flavor is excellent and the portion of food they give is enough for 2 people. I was not disappointed this visit at all the chicken was juicy and tender and the yams and rice with peas were out of this world.",Positive
XYntJNsG4gh0XCJFvr2JAw,Amazing! Absolutely delish sushi pizza and dragonfruit lemonade! Sushi pizza is enough to make a meal out of!,Positive
xR1ivmhQPkUuIvlvSqLmdw,"I chose this place because of all the good reviews they had. I really should have read the bad reviews because they have been the most consistent with my experience. Communication is absolutely a problem with this place. 

I am still waiting to hear back from ANYONE about the dress that I PAID FOR IN FULL and should have ARRIVED 01/30/2020. This is not the experience I wanted to have for my wedding, especially what I'm suppose to wear on that day. I am at a loss for words and just heartbroken.",Negative
e5lW7VjqH1qWJp_S-Map_g,I dont know if it's a Philly thing but I was definitely made to feel uncomfortable while walking in this store. I cant even say it's a race thing because the guy who followed me around trying not to look obvious was black. It's a shame because I have money to spend I literally came in with multiple bags from shopping and I had on a Mackage coat ($1200) with the matching mask & balenciaga's. So there was absolutely no need to follow me around but eff em. I'll spend my money elsewhere. After I peeped him in the mirror behind me I put all that sh*t down & walked out! Im from NY & I have NEVER experienced that in my life!,Negative
89J9hk6G3JBSPzq7Ul6Png,"We stopped in for dinner and I had the beet salad. I could eat this everyday! Toasted pistachios, ricotta, beets...what could be any better? My husband had a pizza that had just the right amount of spice.  Their sangria was also very good. Nice job!",Positive
ghYehJJMDMRnPf3lPLcX6g,"The food is always amazing !!!!! The only issue with yesterday's order, it was less meat than usual. Before the quarantine and shut down, you were able to watch your food being made so you could request extra. Now with curbside service, it's already made when you pull up.",Positive
z7OYU-judw9PLKNo4O4Lpg,"This place was so fun we did it twice in one. On a trip from Dallas with some time kill so my teen daughter and some friends said they wanted to do an escape room. We've done many, all of the country and this one did not disappoint. They liked it so much they booked another one here a few hours later.",Positive
iMphMPWqo6gOxo3ToFzlgw,"A new Philly favorite! I came for restaurant week and got the snails as an appetizer, trout as the main meal, and creme brûlée for dessert. Everything was A+ particularly the trout. The restaurant is quiet and spacious, with the tables well spaced out. Location wise, it's far enough off of South Street for it to be quiet and removed from the usual South Street shenanigans.

Great food from a low key and unpretentious restaurant.",Positive
GSdoTTDkD-uZndcewu03fA,Excellent and efficient service. Arrived on time. Completed removal of a very large tree in record time. Cleaned up and left everything in tact. Would definitely recommend if you want reliable and quality work.,Positive
RNxCOWqR8xRP1f7ECu_-uw,"BEWARE

Keep it moving Llc are liars and thieves. If there was such thing as a zero or negative star rating that's what they'd get. I list here in my review on Facebook our timeline of dealing with them in hopes you will find someone else. God is good and justice will be served to everyone employed by this company.

I'm now one month and one week without HALF my things on an exclusive contract that I signed to have my things here within 5-7 business days buy 7/2. 
I haven't heard from anyone since. They don't answer my calls. Do yourself a favor and DO NOT SIGN WITH THIS COMPANY. 

Liars and thieves. 

IF YOU WANT TO BE LIED TO, BAITED AND SWITCHED THE ENTIRE LENGTH OF YOUR MOVE, hire them.",Negative
g7euJ1g3MnWD_gJLdTDcIg,"Tony was great to work with. He was very responsive from the beginning, and upfront about everything. He replaced 3 toilets, and fixed a few other issues that we were having. I highly recommend choosing Graciano Sewer and Drain for your next project or issue.",Positive
Za4RPvSdh6GC0qCJSORNng,"Found this off of Uber Eats and I was skeptical but I'm glad I gave it a try. The food was delicious. I got the chicken shawarma plate and the beef shawarma plate and both were excellent. However, I do believe the beef contained lamb also... 

The food tasted fresh and I really enjoyed the hummus. The rice was so flavorful I could've eaten it all by itself. Overall recommend if you are in the area!",Positive
a6UQ1_ekrEbJBu0ipOgBPw,"A wonderful surprise in the midst of the Callowhill / Chinatown neighborhood. Excellent food, service and comfortable place to hang out for cocktails. Love it!!!",Positive
Pvxe7JLhdy-uDIyc0ULLkQ,"Honestly the best Moroccan food I've had in my life. Great service, especially by Mr. Samir that made our visit memorable. Will definitely visit again. 
P.s: it's cash only.",Positive
pe53janciaMXGjlWEITOiA,"Wow I'm not sure why it took me so long to get here, but I can assure you that it won't be too long until I return. I've been too distracted by nam phuong and le viet and that Asian grocery store to pop in here. It's byo and can accommodate a decent crowd. We had a large group they sat in the back. We came early though; I'm sure it would be really difficult to have a large party later in the evening. 

We started with skewers, which were amazing and the gado-gado, which is this tofu dish with other veggies in a peanut sauce and edible shell. So worth it, even though it looks slightly unappetizing. We then ordered by number, and all our dishes came out at the same time. I got the seafood fried rice, which had slices of fish cake in it. I didn't expect to eat the whole thing, but I couldn't help myself. Can't wait to go back ASAP!",Positive
gKNXwOXROG0qNq8A8rvTpw,"Regrettably, I placed an order at cleavers in CC Philadelphia for lunch today. Apparently, they decided it would be best to serve a raw, breaded piece of chicken cutlet instead of a cooked chicken tender. There was 8 of us who ate together today and 3 other customers found similar results when biting into their chicken tender. 100% will have food poisoning from eating here. GETS BETTER, Cleavers does not provide refunds for meals presented like this. Would never ever recommend a facility that operates like this.",Negative
rMnQCdpFHdv3fBJw6r8WRQ,Not it for me. It was highly overpriced for a small amount of food. I think people mostly go for the name. I would prefer a larger portion at a smaller price. I am really sick of these fancy named restaurants getting away with subpar food and overpriced menus.,Negative
oH2UlKxLZmtD59dOtW50_Q,"I ordered something online from these guys, and they provided a tracking number but never shipped the item after 6 days.  Finally provided a refund when I asked the 2nd time.  Lots of other shops out there that will provide better service, avoid this one.",Negative
TurepxAZSOBKYhpWIR34CQ,"Had a long flight over from Dublin. Googled restaurants at PHL and Chickie's & Pete's came up.  Sat down at a table with NO ""out of service"" sign.  Waitress with a black pony came by to ask if I was waiting on ""take out"" since the section was closed.  I let her know I sat down since there wasn't a sign.  She grabbed the sign off a nearby table and slammed it on my table and said ""here you go"" and walked off.  Didn't bother to direct me to an open section etc.  I asked for the manger. He advised she should have served me.  He offered an open section and thanked me for the feedback.  I declined.",Negative
r-kNhPTersrXWAaszN3uow,"If I can rate this a 0 star I would. I am not the one to normally complain but this has to be one of the worse experiences ever. Absolutely disgusting!!!! Selling old, spoiled, molded desserts. If you ever decide to buy from them, please do yourself a favor and ask them how long was the pastries and desserts left out for. Also, ask them how fresh was everything made. I highly advise for you all to inspect your food especially, their pre-packaged desserts and everything else before buying or eating. I bought a coconut banana dessert that was completely covered in white, furry mold!!  Didn't noticed it until I got home.The entire package was all molded and the coconut sauce was completely rotten and reeked. This will definitely be my last time here. Best of luck",Negative
lDww0cBs33mCQmkNButB2g,"WORST BRUNCH EVER! Visited this place for an event during brunch and the food and most of the waitstaff were a disaster. They were pushing and cursing at the party goers. Although the event was probably at the building capacity limit the staff wasn't able to handle the sheer volume for a private event. 

The food was disgusting, ordered the avocado toast which came with a salad and an unknown white spread. After trying it the avocado toast couldn't have been real and that mystery white spread was as actually fish (surprise!). I returned it after two bites and was never refunded although I was told I was. We FINALLY got a decent server but he came so close to the end of the service we weren't sure he would get the tip. Overall WORST food ever!",Negative
nr-E3JTKB05ct3IkwoExlQ,"This is our go-to Asian take out place. The food is always consistently good. Yes, they have the usual Chinese restaurant staples but they also have really good sushi. The Gyoza dumplings are awesome, my favorite dish in the place. We have been going here for many years and have never been disappointed. Plus, the owner Tina and her family are friendly and you always get really good service. Can't say enough good things about this place",Positive
nh8ZOdxk9zScA4efHqpoHA,"Great ambiance snd menu. Will definitely come back

On arrival you can park on the street but half s block down there is a parking lot that you can pay $5 for 3 hours (as of 2021). Totally worth it to not stress about your car.

Restaurant has a relaxed and hip decor. Has some seats on sidewalk. We sat out back. It was a large are under a tent. Really quite lush. I was totally surprised!! We had advanced reservations on a Friday for lunch and it was busy but seats still available.

When sat we were told they automatically add 20% tip and there is a 90 minute max. Since it wasn't busy at 2pm and we were drinking steadily they didn't seem to care about the max time. If it was busy I'm sure they would do they could seat more guests.

Menu has lots of great healthy options and plenty that aren't. Breakfast served until 3 pm too! I had the berry salad with chicken and shared chicken strips with my friends. Another friend had a burger that she devoured. The other person had a salad, Caesar with a poached egg. She finished her plate.

The chicken strips were definitely shareable. Probably 5 -6 giant strips. Came with 3 delicious dipping sauces. I loved the mustard. My salad was huge!! I couldn't finish it. The protein cooked well. One note that it was really covered in dressing. Perhaps ask for it on the side and add it yourself. 

Beverage list was good too!",Positive
3Lg97rQlut08OkreGAaF7w,My second time here was not pleasant.. he never smoothed my nails out so my nail polish was super bubbly and he cut my finger and didn't say sorry.. overall experience with this nail tech was super rushed. i accepted the job he did and paid because that's just who i am as a human lol. i had to go to Harmony nails right after because i was so unhappy with the work.. probably will never come back here to risk having this experience again. Update: acrylics have already began lifting after only 9 days.,Negative
vTqn8VpMnvhdSrKkqRW7FQ,"I really want to like this place. The ambience is great and it's a really nice place to luxuriate and have a long drawn out family style meal. 
I have no problems with the service. The servers work hard here. The cheese plate appetizer was very good. The bread is extraordinary. 
The problem is I've been here twice and never plan on ordering a $42. (halibut) fish entree ever again. 
It was the worse meal I ever had. Whatever glaze they used on the fish tasted foul. Nothing anyone should put any where near their mouth. 
If you have any sensitivity to salt, stay away from the fish. 
The 1st time I was here I ordered bass but received the swordfish. I was so hungry I ate some but again, so salty I could not finish.
I also tasted the pasta which was al dente. 
No problems with the pasta. 
Please Cicala, get the fish right. There's no need to over season fish which is a salty item.
Olive oil, pepper, lemon is all you need to season fish!!",Neutral
t_4aS3_RhszmcOs4K2rgSQ,"Stopped by last Tuesday to print. Staff there went out of their way to direct me. It was very easy. They are enforcing masks and physical distancing. Shout out to the assistant manager (or manager,  don't remember her full title) and the other staff members for finding my wallet and returning it to me. I felt safe and taken care of.",Positive
7-kw2o1oBQo8INoR0LOPJw,"Erica, the ""manager"", is rude and unprofessional.  Please find a new job. You are clearly not in the profession you should be in. Drive thru service is slow. Food tastes stale and looks thrown together. Most of the staff is friendly, but Erica...whew.",Negative
K1FVTaR-eZFezZG2krsIhQ,"Not the greatest cheesesteak I've had in Philly. It's not bad, but I prefer the chopped steak style. Plus, it's a bit light on the meat and there is not much flavor.",Negative
Hoym36AavQLTGc0tDAAoOA,"Do yourself a favor and shop online!! The people that work at this gap are not only rude but also incompetent...the man at the register couldn't figure out the register and was basically yelling at me to take my return out of the bag and ""hold on!"" While he figured out how to do his job...all while his manager  stood next to him and  looked on like there was no issue..that's what I call customer service",Negative
1IZOb58TvmcA5ZnkNs3nnA,"My three friends and I had our first dinner together since three opening of outside dining. Olivia was our server who was phenomenal. We had the ricotta over a focaccia bread, the meatballs, pepperoni pizza, and sausage pizza. Our food was simply amazing every last bite of it. It's first come first serve get yourself over there!",Positive
1k7L5MTfdu4X_5jynYjTaA,"the vietnamese shaking beef short rib taco and caramelized garlic pork taco were the second best tacos i've ever had (second only to birria tacos). the organic crunchy tofu taco was also really good - a bit lacking in flavor and sauces but a great vegatarian option. this is now on top of my list of places to come back to in philly! 100000000/10 

viet shaking beef short rib: 11/10
caramelized garlic pork: 11/10
organic crunchy tofu taco: 9/10
fish n chips: 8/10 the fish and waffle fries were insanely crispy but i wish the fish was a bit more tender n soft on the inside (it was kinda dry) 

food insta: @strwbrrryboba for more food recs :)",Positive
Zy0L1PQtj2CqQGIPdhWL6w,"This place is amazing the food is delicious!!! I love the feeling of an original Italian kitchen this place gives me! I can't wait to go back the lasagna is amazing everything is SO FRESH!!! and u won't regret it here for yummy Italian cravings this is the PLACE!! If you don't want to sit and eat and your in a rush to go home you can grab a to go dish, Which was also amazing ... safe to say I'm addicted!!",Positive
QeJ0P7HGGiZ7dhiSiHCzug,"Our experience with Ilyse and the team at Allure was great, start to finish. Everyone is super professional and knowledgeable. Our consultation with Ilyse was so helpful - she really helped us understand what we needed and showed us options that made us feel confident in our choices. Installation was so quick and now we have beautiful window treatments! I'd recommend them to everyone and I know we'll use their services again in the future :)",Positive
ZjN2onHEnehp1TBilsMJ8g,"My German shepherd always comes back fluffed out, smelling great, clean and I'm always satisfied. Have been going the last 1.5 yr. Recommend Forsure",Positive
3mM6HVkjMwM6mnyOw7g-Xw,"11/21/21 WOW WOW WOW!!! 

I can't say enough wonderful things about the Knowlton Mansion. It is so exquisite and just pure class all the way.

We celebrated our daughters first year anniversary rather than the traditional reception. Like so many weddings, our celebration was delayed a year.

The tasting at Knowlton mansion was a perfect way to get excited about the wedding. I truly enjoyed sampling all the appetizers and entree choices. The cake and fillings were all amazing.

My daughter, the bride, was well taken care of by the Bridal assistant, Danny.  Danny offered champagne to us upon arrival.  She was sweet and kind and helped us bustle my daughters dress which was no easy task! 

Not only did we enjoy the ballroom, but the bride gets full access to the upstairs rooms for changing, hair, makeup etc. there was an incredible stone wine cellar we took advantage of too. Let's not forget the outside tent and fire pit.

The servers and bartenders were very attentive as was Chris, our wedding coordinator for the day. The service was friendly and kind. 

All the food was such a treat. Artfully prepared and crafted special occasion food! You know you're at a special affair when you are served amazing creations.  

This is a beautiful venue. I highly recommend considering Conroy Catering and The Knowlton Mansion.

Impressive, memorable, and forever memories.",Positive
WZIO2fXJbrJqG_slorRRbA,Best donuts I've ever eaten! I eat there every time I go in Reading Terminal!,Positive
VvHZHorqP8SqxIyH-ilCgA,"I love the tabuli salad. And those cheese pies are probably going to kill me but they are like a mozzarella stick made love to a cheese dumpling and I love them. Especially dipped in that garlic aoli. 
The chicken is usually cooked just fine but can be a little fatty or tough. 
The hummus is good but could use more olive oil.",Positive
35MX0mh01wBXVvO7ve5HFQ,"I am new to the city and was searching for Filipino food. The area is diverse but hardly have Filipino restaurants in the city. I stumbled upon this place on Yelp. 

I ordered for pick up. I got the longanisa ( filipino sausage) rice plate, Karioka ( sweet rice balls with syrup) and sisig ( sizzling pork belly). 

The price ranges from $10-15 without tax and portions are pretty good. Their location is a hole on the wall, which makes it even better for homemade and authentic Filipino Food!

One of my fave filipino food is longanisa and this place made it super homemade. The flavor is sweet, salty, and fresh. They serve it with pickled veggies on the side, garlic rice with fried egg on top and sliced tomatoes and cucumbers. Highly recommend this! 

If you love unique desserts, try the Karioka! Its a sweet glutinous rice with coconut - lol so good. 

Who does not love PORK BELLY? I do! Their sisig pork belly is so good. Its crispy pork belly with this whole secret sauce. I dont know what it was but I ate the entire plate- rice plate with fried egg on top (optional) but SUPER recommended that you eat with fried egg, garlic rice and sliced veggies!

When I picked up my order, there were people dining in- def following the guidelines.  Their interior is very cute. The owner, Cesar and staff were very friendly and super kind. It is a family owned business. 

I highly recommend this place for a unique, homemade and authentic food. 

FYI, they have vegetarian and vegan dishes too. For the sisig pork belly, they can make it with Tofu. I am gonna try it next time. 

Their menu is simple and small. The flavors are there. I AM COMING BACK!",Neutral
iu_kEh1qLWNnJvcBuFhuzQ,I went back and had a fabulous dinner on date night. I definitely would say if you are going on a Friday or Saturday make a reservation. There was a bit of a wait. Also it is kind of loud during dinner so be prepared to raise your voice a little. Our food was just as wonderful as the first time I went. I fell in love with the verde salsa. If you like cilantro this is for you. Can't wait to stop by again.,Positive
iY0T8vh1LRDGbNjNmLEJrQ,I contacted Michele only a month before my wedding since the plan was changed bc of covid and she was absolutely wonderful! She would always respond to emails quickly and I did not stress at all on that part of my wedding planning. On the wedding day she arrived right on time with her assistant Kat and they not only did an amazing job but also kept us entertained with fun conversation throughout the process. Would definitely recommend her for your upcoming events!,Positive
i4fj3WSUgF9i3I0tpbwB3A,"Outdoor seating and distanced! Menus are electronic and servers are appropriately masked! 

Came here instead of Assembly one evening and we were soooooo happy we did! There's nearby parking with the Meter Up App. 

Ambiance is so nice, it's adjacent the BFP, so there were a few loud motorcycles going by and we needed to pause our conversations. Our server was Sarah, and she was extremely knowledgeable! 

We ordered the Oregon Pinot Noir- HIGHLY RECOMMENDED! It was simply delicious. 

The complimentary corn bread was superb with that salty butter. The shrimp cocktail was flavorful and fresh! The shrimp were large! And the cheese board was awesome. The salt chips were a great savory addition to the honey and nuts. I don't like blue cheese but I loved the other two. 

We had a great time! Will certainly revisit!",Positive
Dl-ajeUqzkTUYwrcKre6Rw,"Umm i waiting ina drive thru for about 25mins i paid for a hot chocolate then i gets to the window they say the machine down ! instead of saying that before i paid then my boyfriend says sprite with no ice they gives him
sprite with ice then we asked for our money back for the hot chocolate because they told us they had no cookies to replace it so then when we asked for our money back they say wait two mins for cookies we had to pull over wait about 5mins finally gets my cookies then our fries are all over the bag just fucking terrible",Negative
h77mNLojzHNioBIJ34AjYA,"This place is a deli staple in Rittenhouse. From their breakfast sandwiches to their lunch sandwiches, you can not go wrong with anything you order from here. The inside is very cute and retro, it's a great spot to meet up with a friend for lunch or just to enjoy lunch alone.",Positive
fy_ZZ5EA_GOmN3ZSxGu3QQ,Over a month since my review and the owner is still harassing me. Some screen shots of his many responses below.,Negative
JklthNsy6kUpQIFr8pfHfA,"My favorite spot in the entire city!!! Their food is delicious, authentic and very fairly priced. I also love the view and vibe of the rooftop bar, their cocktails are legit!",Positive
MXUjdZ7N8P8XQJQlnxPEIQ,"I loved this place. Came here with my friend for her birthday and had such a good time! The service could have been a bit better, but wasn't bad overall. The drinks were immaculate and the food so good! Views? Spectacular. So pretty. What more do you need?",Neutral
WgSchvYzOHdqKiSbPj46-g,"Shaun Griffith is a fantastic accountant. He has helped me set up numerous business entities. He has completed my personal and business tax returns for the last several years. I am always impressed every year about how quick, easy and accurate it is. If you need a great accountant for any business accounting, tax returns or financial advice..Shaun is the best option. Period. He knows the IRS regulations and state guidelines inside and out! He is a 16 out of 10 !",Positive
_0dG5VLkguVbCZYn_xYBnQ,"Excellent selection at this little plant shop. Though small in size, the diverse plant options and fair price points make this place a true gem of Northern Liberties. I purchased a Swiss cheese plant that I had been searching for forever. They even gave me a little plant care instruction card. STUMP truly cares about their products and their customers. Definitely coming back!",Positive
UBgEXEfKxu2kxfVkJlJAHA,"This is a great place after a nice meal in Chinatown Philadelphia! The place looks very nice with crystal chandeliers and a very nice and relaxing atmosphere. They have lots of different teas, coffees and snacks. They were very attentive and offer high class cups and saucers! The coffee and teas were very tasty and the service was excellent! Their desserts are very flavorful. I ordered the custard which was excellent!  You can get their drinks with sweetness or plain. Once you arrive they take your temperature because of covid. They seat you down and you are given a QR code to order from their menu on your phones. Everyone can order on their phones and the table gets one bill. Lots of fun and highly recommend this place. They also have other locations in NYC. They have been opened as of October 18, 2020 for about a year. Will definitely go back again.",Positive
dZR89NmQJR3VtCw3Q2MXww,"Really good bahn mi sandwiches in Chinatown!

Very small shop in Chinatown with only 1 table inside. Limited menu, which I love because that means they perfect the food. Ordered the QT special and it had so much flavor. So generous with all of the meat and veggie filling. I loved the baguette, it had the most perfect crunch.

If you use credit cards they charge a 5% fee. Apparently they have Venmo, but didn't let me know until after I paid. 

Friendly service and I will be back. Highly recommend checking out this Vietnamese style hoagie!",Positive
SI2y3Nu9H_3NC4ycHMCVMg,"Best Korean food in center city hands down, especially the fried chicken it's sooo delicious!",Positive
4oLlEQk_RbPMgNiCBjZPXA,"Women - stay away. 

I called to see if they could take me in for an inspection. He was nice and took me in the same day. After I got there, I also asked for an oil change and told him I was not in a rush. 

$120 for an oil change. I've never seen anything like that in my life. If there are add ons, you'd think they'd call to let me know. I've lived in a LOT of cities and have never heard of anything like this. 

They're also apparently open at 8am. I get there at 8:30 and people are waiting outside cause no ones opened the doors. The mechanics are also just hanging around waiting. 

The best part is the man who worked the counter started asking about my personal life. I asked to come pick up my car at a different time, and he said no and asked me to come later because he wanted to see me. Will never be coming back.",Negative
pHnOrhceHfTrC417XIwo-Q,"As far as apartments go in Philly, it's a decent apartment complex.  It's in a nice location next to Fairmont Park with plenty of trails to run, hike, bike or walk.  The parking is decent as well, a large outdoor lot with garage parking as well. The management is decent and the complex is well maintained.  The highlight is what they call the ""backyard"" which includes a. Ice pool, hot tub, dog park, fire pits, basketball courts, etc... the prices are not cheap, but I guess you get what you pay for!  It's not for everyone but I would definitely check them out.",Neutral
xqpfdvSP6vmflNyE6Rj9ug,"Terrible service. don't bother making an appointment because every time I have come for a test, I have waited over an hour each time. It's not even because there is a line or anything. Rather than testing people one by one at they come. They wait for a line to build and then in a large group test everyone. So disorganized and expect to wait over an hour last appointment.",Negative
ItsseRYQvFCkC4rqctQdJQ,Wonderful place to get shop through for different stores try different foods. Korean hotdogs!,Positive
6WXpPYAWG1sW-VdThkLP3Q,I went to nicks on Woodhaven and felt extremely unwanted from the start. The workers there are racist and stand around on their cell phones when they should be attending their tables. I work in the restaurant business and the owner should be absolutely embarrassed by the business he is running. My family and I waited for a good 15 minutes before we were greeted and i counted how many times the servers walked by us without greeting us. I don't know if they have sections here or if everything is up for grabs but this place is like a damn playground and should be more organized because that's how you keep a business running by staying organized. I'm rating this place a 1 star because zero stars is not an option.,Negative
FLaQVS7ceLyMJg5K4N4I5A,"This is a great place for Central American street food, which is hard to find in center city. I got the loroco pupusa and the salted caramel churro with soft serve. The pupusa was good, although it could have had a bit more flavor. I would give it a 3/5. However, the churro was amazing. It was very light and crispy and paired well with the soft serve, which wasn't heavy either. This was definitely a 5/5, and I would come back for this. I would suggest sharing one, as I wasn't able to finish it. Also, the prices are pretty good considering the large portion sizes.",Positive
Yli0B8SCa8WJiP82pOVruw,Outstanding. This place is an absolute gem!  Very clean and open space with just the right light and cheer.  The staff were all so adorably friendly and helpful a d I got the absolute best almond croissant with chocolate. I arrived as the opened and they were still just a touch warm.  Perfection.  Lovely selection of tea. Must stop in.,Positive
KxOlbZxAJSUqXY6sK6jAEQ,"Great spot for Italian that saves us the drive down to South Philly. The fresh mozzarella, veal parm, and boss pasta were all very good.",Positive
EfYIMBiEwzTV29YWcCrDNA,"Large outdoor seating area tucked away from the street and delicious, inexpensive food. The eggs and French toast are especially good.",Positive
D52NslSEcQoy8_M0fXqr_Q,This place did an excellent job. The shape is perfect and color flawless. I got an acrylic gel refill with a matte finish no shortening of nails. Only reason I give 4 stars is because it was $55 without tip.,Positive
84o2f2XbVnOCKtOU7Hpv6g,"My girlfriends and I came out tonight to get a quick bite. I ordered calamari and salmon. Both were dry!. The calamari was fried too hard and the salmon was just a dried-up piece of fish. They took the calamari off of my bill but as the waitress said in her sassy tone the manager already took off the calamari he's not going to take off the salmon! I should have told him to come out and see for himself, but I'm just going to chalk this one up as an $18 loss! My girlfriends enjoyed their food - habanero wings, honey BBQ wings, lobster bisque and fajitas. If we decide to go here again I won't make the mistake of ordering the calamari nor the salmon.",Negative
7Q2rXM8dEo3K-A1crBXLeg,"Almost everything we have ordered tasted good (and authentic of course).
Chinese BBQ is a type of street food. Recently, a lot of the BBQ opened up restaurants with enhanced menu. Although I am satisfied with the quality of the food, I found this place to be quite over-priced. (Well the restaurant came from NYC and maybe that's why?)
I wouldn't recommend this place to people who are expecting to get American/Australian style BBQ. This is not it. You will find the portion smaller than your expectation and cost too high. 
The two of us spent $100 here. We can almost go to a steakhouse.
However, if you understand the concept of a Chinese BBQ or are into trying new things, you should give it a go!",Positive
Xrisx99QxemwZTGk_IR4WA,"Apparently this is their new location and it's a great location. I do not know what the old location is like. There is plenty of parking. They do need a sign visible from the street. We're weren't sure if this was right place from the street. 

It was a very cute store with a vintage vibe. There is a small fiber section with yarn and fabric. Don't expect to find anything in particular. I would not count this location as a ""fabric"" place. There are a few art supplies. As with any thrift store, you will have an ever-changing inventory. 

Staff was friendly and helpful.",Positive
ieD1Y0ZNJaX6zXBWirqrQA,"Pretty cool craft beer bar. There are 3 floors. The first is long and narrow. A bar that seats about 20 on the left, and booths that seat 4 each on the right. There's an additional table in the front by the window. The 2nd floor is a dining area with a small bar. The 3rd floor has pool and darts. 

At the bartender's recommendation, my first beer was the Cloudy and Cumbersome hazy IPA. Very good. My 2nd was the Head Hunter IPA. Another great choice. My 3rd was the Freshies pale ale. Loved all 3. 

The music played was classic rock from the 70s. The Who, Heart, Zeppelin, The Stones, etc. 

Cool atmosphere, cool music, good beer, and a friendly staff. Check it out if you're in the area.",Positive
0rQXc24m7LoVXreQ856DTA,"Decided to give Winnie's in Manuyunk a try after hearing some positive feedback on this place for brunch!

This is the first brunch place that gives you a variety basket of bread (raisin bread, corn bread, wheat bread, etc) with jam and butter. The jam was good but a bit too sweet for me. It was also a big jar of jam; which I assume is the same jar used for other tables as well. To me, sharing the same jar is not very sanitary...

My husband ordered the Huevos Rancheros which was surprisingly very good. There is no meat in this dish. I ordered the Crab Cake Bennie because I love trying Crab Cake everywhere I go. Although the Crab Cake wasn't bad, they skimped out on the portion of the crab cake, the crab cake was so thin, it was barely noticeable, which was a bit disappointing for a $16 brunch dish. Overall, the taste and quality was pretty average. 

I also ordered hot tea, which came in a tea pot with one tea bag for $4 - which I thought was a bit pricey for the tea bag.",Neutral
CHyRPKLKvyv-rv6AnYEZvQ,"Definition: (noun) the spot you're hoping is your neighborhood bar.

Obviously the bartenders are super friendly. It gets better. The bartender will buy your drink if you're drinking something less exciting.

They take a great time finding out your tastes and their is always a pro sport going on. My favorite aspect is that my bartender suggested a drink similar to what I was already drinking #homerun",Positive
cs1qbWJX0N_c4RhdiJxv2g,Been to this location twice. Two horrible experiences with rude workers. The fact that their prices are criminal and their ice cream is PACKED with unhealthy ingredients is just the tip of the iceberg. Would go 0 stars if possible!,Negative
FoEb8iW9_ZgkWqx-HVNiBA,"No consistency. My first cheesesteak in Philly...what a shame! 
I ordered 2 cheesesteaks with wiz and onions. Onions were raw and crunchy. My cheesesteak had almost no wiz on it and my bf's was loaded. 
Meat was well seasoned, but that was it. I should've gone to pats or ginos... oh well; live and learn...",Negative
H9ihp2Fkp2zd5iVesMX4sg,"I had the best meal of my life here last week. We ordered the cheddar biscuits to start which were delicious. For the entrees we had the hangar steak, the pork belly and the ravioli. The pork belly was truly the best thing I've ever eaten. It melted in my mouth and had a sweet sauce on the side. It was served with a peach salad on the side that paired so well with the dish. The hangar steak and ravioli were also phenomenal. We got a side of roasted beets to share which were great. The cocktails were also amazing.",Positive
KDA4FY94Jdg2wCrRFDfHNA,Ravi and Connor were extremely helpful in finding me a plan! Looking forward to getting in the gym they made this a very easy choice for me.,Positive
Qgz2hnqzgD7nzgZP073wHw,Surprisingly roomy restaurant that is lacking in Vegetarian and Vegan options. It was my first time trying Vietnamese cuisine and the 2 vegetarian-friendly dishes they have were very good. Would definitely try again and hopefully they are more accommodating in the future.,Neutral
t5j3vD_Yz77NWz57tXquxA,The food was fresh and tasteful only problem is the wait time to reCieve the food from point of order otherwise that this the perfect place to get authentic fresh food from,Positive
JOp7RE9tuimiQxfIpMNAaA,"Went there with lady friend, they gave us a hour and a half time limit , we sat for about one hour and 45 minutes , then one of the male host came over and embarrass us asking us to leave due to time limit. We paid our bill and sat across the park on lawn chairs for an addition 3 hours . Went back across street into park to order to go drinks and notice many of the tables had the same people seated there so I proceeded to ask the same gentleman why were we rushed to leave but the same people that were there for probable 2 or 3 hours after we left we're there. And he couldn't give me an explanation. This did not sit well with us. And we're considering taking action.",Negative
qtj-e5aYjQNIEoZQEsO2Ew,"El Vez is a great spot in the heart of Center City Philadelphia. As the name suggests, the theme and cuisine are Mexican. 

My companion and I stopped in on a recent Philiy visit on a suprisingly busy Friday afternoon. We enjoyed the El Vez guacamole, which was delightful and also included a small serving of salsa. My companion also enjoyed a margarita while I stuck to beer. 

Attention foodies:  El Vez is NOT cutting-edge or daring cuisine. Why am I giving five stars?  Very simply:  El Vez, like the other Stephen Starr restaurants, features great atmosphere and service. We we seated at the bar and the staff training and great attitude were obvious. The two bartenders--and equally attentive barback--handled a large full bar and plenty of table customers with no noticeable hiccups.  Elsewhere, the servers and manager were friendly, enthusiastic, and attentive throughout the restaurant. It was a great sight to see in these COVID-challenged times for so many restaurants.",Positive
#NAME?,"I recently came here for one of my friends 21st birthday. We made a reservation as we came with 12 people and they split us into two tables. Upon arriving, we had to wait for around 20 minutes to get seated despite the reservation we made. The overall aroma of this restaurant was really nice and very upbeat.

When browsing through the menu, it was fairly hard to navigate through it. Simple dishes like their pastas and even some of their entrees were hard to understand. Since it was hard to browse through, I ended up getting a basic Chicken Panini. My experience with this meal was not the best. The panini consisted of mostly spinach and lacked flavor. It was very dry and not the best meal. I also ended up trying the avocado toast which was also not the best. The avocado tasted like they just put the avocado on the bread without anything else and served it. So my experience with food was not the best.

Additionally, the prices for everything on the menu were pretty expensive. Therefore, I did not feel as if the meals I ate were worth the money paid. In terms of the alcoholic beverages, they have an option for bottomless mimosas. My friend ended up getting that and said that it was filled with a lot more orange juice than champagne. They also stated that the orange juice was filled with pulp which is something a lot of people do not like.

On the other hand, the server we had was great. She was very patient and attentive to us. She also made sure everyone was enjoying their experience and that there were no problems. However, one of the managers was a little pushy as she was trying to get us to leave after around an hour and a half. 

Overall, this is not a place I would recommend highly. If you would like to try it by all means do. I would just not go back there.",Neutral
UooBEWRvlvtENDhvo107VQ,"i have had two cleanings so far and cannot speak highly enough of Life Maid Easy. Every one of the cleaners has been wonderful, Rachel, Jessica, Sara, and Jaelyn were all terrific and friendly. I especially loved the deep clean as I had just moved into my home and some extra care was needed. My house looks so great, just in time for the holidays! What could be better?",Positive
waE8UiUBllyo-sGuQAybsw,"Good tomato pie but the customer service is the only thing deterring me from coming back. I called today, 12/3/21 at about 3:15pm and the woman that answered the phone was very rude and unwelcoming. I felt rushed when she answered the phone, I was multitasking at the bank at the time and didn't want to be rude to either person helping me but she didn't have to be that offputting. I hope that this doesn't continue, I really like this place",Negative
-xFg4cje7COJ63PydiR-4Q,"We were looking at menus in Northern Liberties and this place seemed like exactly the gastropubby food we like. We ordered the Eggplant fries, honey chicken sandwich, mushroom soup, and buffalo cauliflower. The eggplant fries were so different and delicious and such a good idea to change it up from potatoes. They tasted delicious with the aioli that it came with. We saw other people ordering the chicken sandwich and decided to give it shot and it turned out delicious!! Will definitely come back here again. The inside of the bar also has a cool and different vibe.",Positive
nBjLG3yIpKq-OgV9--teIg,Gorgeous fitness center w friendly staff. It's very clean with plenty of parking. I came here to take a Zumba class and it was awesome!!,Positive
IHjquJbnu7mGeq776w8f9g,"Doma is the best sushi in Philly! Salmon avocado rolls are always incredible. We have moved out of the area but still make the trip to Doma for our sushi. Also the ginger salad dressing is devine! Friendly staff, affordable... We are looking forward to dining indoor again when its safe!",Positive
4Fqqpv08OQfbCsszJIlSuA,Giving a single star is overrated! They are I'll equipped to handle more than 10 people at a time and still you end up standing 30-60 minutes to donate! They NEVER have one person on intake and that one person is as SLOW!  They have all donors standing long long lines for hours. The max number of workers sticking for the donation I've ever seen is 3. People and workers do not wear masks properly and some of those who are donating are not wearing masks at all and coughing! Seriously the worst place to donate!,Negative
XfxKFLmy8b7WBSEPwHpFDA,"Delicious as hip city veg always is! As of October 2020, this location does not have  indoor or outdoor dining but it is a few minute walk from rittenhouse square which has plenty of bench space. I would give it 5 stars but it's too expensive for the amount of food you get.",Positive
FKxKDQzovZR67toj6bEpiw,"I continue to enjoy their lattes and pastries! Plus, the ordering process is easy despite COVID restrictions.",Neutral
wQ2pbsLE5onv2keKs8b4SQ,"Overall this was a solid enough experience.  Our server was very kind and warm but quickly pointed out she was new and had not tried many of the dishes....so could only recommend what was popular.  We wanted a slow pace experience, so did not mind long waits (ex: the check sat on the table for 10 minutes waiting to be run).   The pasta portions were large and flavorful, and definitely the high point of the meal.  I was not a huge fan of the crudo, given I prefer my crudo served cold and without skin, and this was served room temperature with the skin still on, but perhaps others enjoy this preparation? Another plus is when we asked for a bottle of wine, the wine director recommended a bottle which was on the low end of the range we stated and very much met the characteristics we described.   I would go back at some point to try the pizza, but definitely not running back.",Neutral
phGcWfw4JFm24tJA3pZxaQ,"Got Bambu's favorite (#10) and it was pretty good. The Pandan Jelly is very chewy, and nice kind of like mochi.",Neutral
ODcSmhC5bQYIOs6o4EUZ5w,nice outside seating. classic greek offerings including the best gyros in town. for a light lunch try the Greek Salad with your choice of protein. the lamb shank with and artichokes is my favorite dinner entrée.,Neutral
0tg95UuteeGTaty_rFRy3A,"I'm a very open minded person with quite low standards for food especially while drunk as fuck. However, I feel that I paid a high rate for food that really didn't satisfy my cravings. I paid extra for ranch that I didn't receive. Devastating to say the least. I understand that people forget but NO RANCH that's fuckin wacky. Food was mid I kinda enjoyed my sandwich but that was probably just the fireball talking. All in all, will probably return whilst drunk again because I have dirt low standards but wouldn't recommend to mentally stable individuals.",Negative
tbSmiyKV9D7XsNZrgPBgZg,"I am absolutely addicted to the bowls!  Have tried, and love, both the Sriracha chicken bowl and the flank steak bowl. Delicious! The order is always packed carefully, and arrives at lightning speed. They always seem to be their estimated delivery time. The delivery people have been terrific as well... Safe and friendly. Highly recommended",Positive
bdTdtNBejvQy8aORSTygNg,"A friend and I stopped by Monk's on a Saturday around 5 pm for dinner. We were seated right away. The space itself is pretty small, so I was pleasantly surprised that we were seated so quickly on a busy night.

From looking around at what everyone else had ordered, we could tell that the mussels are a popular menu item. Sadly, we were craving burgers and fries. I ordered mine with Cheddar and Bacon and my friend got hers with Mushrooms and Swiss. Both burgers were cooked as requested. The fries were a highlight for sure. Perfectly crisp and well seasoned. They came with some kind of aoili that was tangy and delicious on both the fries and my burger. We washed our burgers down with some Allagash White beers from the tap. 

The overall menu selection for beers was really impressive. The service was very attentive and we were in and out in about an hour. 

FYI - they have signs around the restaurant advertising a 90 minute table limit. This has been pretty common since the pandemic, so we understood but we did not realize when we had arrived that this was a policy.",Positive
9sxuHD6DTKf45mGqufjnfw,"Great brunch! The bottomless mimosas were fun, the decor is great and I was actually impressed with the food! Definitely a little pricey, but for brunch and the atmosphere, totally worth it!",Positive
laULBRo-LnGoaS7UqvT3rQ,They food and service here was great. We were sat at a not so pleasant location but when another table opened up we were automatically offered that spot without asking. I suppose they just knew. The fried chapter was great as was the chicken sandwich. Going again!,Positive
6FJjWRWlmtLsKw97-Pne5A,"I was pretty disappointed with this place. I was looking forward to it for quite some time too. I first walked in and was having a private conversation and one of the workers thought it'd be best so share his personal opinion. When it came to ordering, he also overheard our conversation and began to defend items on the menu. Found it to be classless and unprofessional. Besides this occurrence, I found the ice cream to be extremely average. I ordered a small strawberry shortcake and it did not taste as such. Other members in my party did not enjoy their ice creams either. However, they did maintain a clean area and provided hand sanitizers which I liked, especially during times like these.",Negative
HRk1AjQWbRWJmOQuY-N8EA,"I really like the pizza and veggie options at Fino's and have been trying to support them by ordering more often since the pandemic started. That said, I was disappointed when I arrived recently to pick up my order and the men working inside were not wearing masks. The owner has always been really friendly and I want to support them, but I feel like I can't do that safely until they change this practice for the benefit of their customers.",Neutral
d-GWfiLgNQiCr9vQuFhgwg,"Did the walk up window and placed an order for 4 bagel sandwiches. I was surprised at how busy this spot was for a weekday. Lots of people picking up orders. Which I do recommend call ahead just because we did wait about 20 minutes for our order by just walking up. We got a pretzel bagel, pumpernickel, everything and plain. All the bagels were good. All but 1 with scrabbled eggs. The other was a fried egg that was over cooked. I think it was probably ok when it first came out but Bc they wrapped it all up to go it continued to cook and be over cooked. Overall we were all satisfied with the bagels. They were good and chewy. The pretzel bagel with bacon and cheese ate a bit salty but I think that was Bc of the salty nature of bacon and cheese and more of me ordering issue then a them issue. In our 3 days in town we ate here twice. Would recommend.",Positive
dyybGtjtjuGWphgYKoUJLQ,"I came here based on a book called ""Unique Eats and Eateries"" written by Irene Levy Baker.  The restaurant is in the basement of building that also houses a piano bar and a dance floor, but both were not in operation when my wife and I dined here on a Thursday night.  

We were one of two tables and the service was fast and efficient.  They have a full page selection of craft beer and wines at fair prices.  The menu is simple, and with some research before we went, we ordered the fries (amazing), cheese sandwich with tomato soup, and the Wedge Salad.  All of the food was perfectly cooked and had great taste.  The fries were as good as you can make them.  The wedge needed a little more Blue Cheese which the server immediately brought.  

I highly recommend the Tavern as a great place to eat in Center City.",Neutral
gL6880EsfIv3idLP14tW1g,"Ordered delivery here and was genuinely impressed. I am confused as to why I haven't tried this place sooner. They have a vast assortment of sides & dishes, I tried the pork buns which were amazingly fluffy with a spicy slaw, the wings were half spicy & half soy garlic and let me tell you that if you love spice, the spicy wings will NOT disappoint. The chicken was marvelously crunchy with plenty of meat. Next the fried pickles were good (how can you mess up a fried pickle?!), again, the spicy ranch / mayo paired excellent with those. Now I wasn't quite sure about the fried rice when I opened the container but upon my first bite I was hit with flavor and possibly my favorite thing here. Can't wait to order again & try more things! (Also, portions are huge and there was plenty left over after sharing this with my partner!)",Positive
V7WvmyZBHs7xqWME472fiw,Excellent food especially the Indian menu !! Would order 30 minutes ahead of pick up and eat at home rather than at the joint!!,Positive
ORoxxleA3CuD3A0aevbP3g,"I have three words for you that will change your life:

The Pastrami Reuben.

That's it. That's all you need. Whether it's a bad day and you need a pick me up or a good day and you need to make it better, just get the pastrami Reuben and all your problems in life will suddenly disappear for the 15-30 mins it will take to eat your sandwich. I'm fortunate that I can't normally eat the whole thing in one day so I get to eat it again the next day and it tastes even better. If you're in Philadelphia, eating this is a must. Just saying. Don't leave without eating here, you will regret it.",Positive
wq6wtWCzBmz4tpwstbjOJw,"Used DoorDash to have my protein bowl delivered for lunch. Extremely filling and delicious! Perfect meal for lunch. Portion size was perfect and the bowl was very generous with the chicken, avocado, eggs, etc. no complaints with my food and I will be back!",Positive
WEk6BLE2-dWPtKEO6BLTwQ,"The food was awesome but some things were okay. Overall this place had great drinks and food, but I would've loved a better atmosphere. Music was great! We were hoping to get the special of the day, but I guess it wasn't there anymore. We were bummed about that.",Neutral
Bz5VyBhcARANLAwAY3yhjQ,"My favorite sushi place in Philly. Whats truly stunning is that I don't even come here for their fish, I crave this place for their INCREDIBLE vegetarian sushi. 

They're extremely creative with their various vegan specialty rolls. You can't go wrong with any of them but some of my favorites are the lime sinko, veggie tomo, and vegan dragon rolls. They also have great appetizer buns and fish forward sushi.

Highly recommended.",Positive
Cf1Jb6dG5eE5dn4nCZVn5A,I dined with three friends on Friday evening.  We didn't get to dine in the garden but the structure they built along the sidewalk was fine. The food amazing especially the short rib and the creme brûlée. This restaurant never disappoints!,Positive
UoinGo4f7Tv9vbMRjWSwzQ,If you are looking for outstanding service and a professional cut check out Max and staff. It's a safe and friendly place to get your hair styled however you like. Support this business and I'm sure you will be pleased.,Positive
rLbvkGAOF21lllgZNrBzNQ,"I love winnies for breakfast/brunch, but came here for a very late lunch for the first time today. The lunch menu did not disappoint at all! I ordered the salmon burger, which was amazing with that ginger/cucumber. My bf ordered the fried chicken sandwich, which was absolutely delicious. I think I preferred his over mine. I also devoured the house chips that came with my meal. Definitely coming back",Positive
7Wj8_paqotMeLRIZ4qcj_w,"The barbecue made noises, and a drop of hot oil slowly slid down the lines of the plump meat, which was intoxicating.  Sniffing and smelling slowly, the greedy worms are quickly aroused.  Finally couldn't help it, regardless of the hot, one bite is a big bite.",Positive
Hkh9mKCYxXOcGTakQi0_1w,"This jawn bussin. 

This place is absolutely amazing, it may be pricey but it's worth your time. There's so much food to choose from and it comes out super fast ! It's an experience you never experienced while eating Korean food. Totally recommend coming here after a long day. Make sure to bring your family along for the experience !",Positive
jJyJCdsBlPEcgUxh3OBRSw,If I could give this place 10 stars I would! It is one of my favorite vegan spots. Their new outdoor booths are quaint and cute too! Try their Mexican hot chocolate it's so tasty. I've only gone here post brunch but anyone I've gone here with loves (both vegan/non vegan). You really can't tell the difference with the food. It's high quality and tasty. The staff members are great too. I'm not a drinker (of alcohol lol) but they have a full bar with many drinks. So you could come here for a date night or just a bar night! My goal is to try everything on the menu...but it's hard to go here and 'not' order the nachos because they are sooooo good.,Positive
yfmPEpBu7URjAydsx0SFKA,"When I lost my card, I called to cancel. However, they did not really cancel it, and so someone used it again!!! Is it not policy to cancel a card if it is reported lost and stolen?",Negative
9ifPk780jdZMMGLsvZF9Ng,"I love botanical gardens: The Brooklyn, The New York, The Phipps in Pittsburgh, even the Desert Botanical Garden in Phoenix. 
I went to the Philadelphia Garden Show with high hopes. 
To say I was severely disappointed is an understatement. 

It was basically an advertisement for flower vendors with designs that were not especially attractive or imaginative, with too many booths selling knick knacks. 

I can't think of a bigger waste of more than forty dollars. I can't understand how they survive: PT Barnum said there's a sucker born every minute. Today it was me. 

I just got home but felt a civic responsibility to try to dissuade as many people as possible from wasting $48 and several hours of their life this weekend at this overpriced, underwhelming show. 

There are many excellent ways to spend several hours in Philadelphia: It has one of the greatest art museums, not just in the country, but the world. Four sports teams, with vocal and knowledgeable fans,  play in stadiums and arenas in the southern part of the city; there is Independence Hall, where our country was born, and you cannot get a bad Italian meal anywhere in town. 

But the Flower Show? If it were a movie, it would be a scene from 'Rocky' where Paulie scratches his crotch.",Neutral
QmitNknve-DSg4oxDsXGow,"No I am a very picky picky picky picky picky eater! But this place was amazing!!! I had an amazing piece of toast with sweet potatoes and it was something like I never experienced. I thought I'd hate it, but low and behold here I am ranting and raving lol I had the jerk chicken as my meal and my date had cod and it was also great. The drinks were delicious too! I felt comfortable. All the staff members wore mask I was seated outside just before the weather really broke as I only wore that sweater in the picture. There were also plastic dividers and no one sitting on either side of you directly a mini booth over for everyone.",Positive
3RW0gYkHTgNBADwJTBcE3w,$20.50 for barely a pound of roasted pork in a take-out plastic container is ridiculous.  It didn't taste that great either.,Negative
QrlH0SwW2jizLledZcI67g,"This place was horrible, the bartenders were lazy and only paid attention to their friends, the DJ cleared the room with bad music.... I want to like this place but it's hard when I'm waiting 8 mins to get my card back while I'm watching the bartender talk to her friend in the corner",Negative
NCG322Ojg6uEs0dC-5iuFA,"Joe and his team were very helpful.  I had a variety of items that I wanted to get rid of - an old gas grill, old patio furniture, a TV.  He answered my email within hours and worked with my schedule to figure out a time to come haul everything away.  Great service and totally reasonable price.  Very nice man and great service",Positive
8cjfklOkrcvaN5GP4SLC3w,Their platters are the absolute best! The food is excellent and always consistent. Very happy customer!,Positive
F0zqdP9UMYEmniAYPdCZvg,"This is one of my favorite places to visit in Philly. For the past five years, I have brought a high school Model UN team to a conference in Old City, and I walk to this market at least once each day we are here. The food options are amazing: I always visit Bieler's stalls (doughnuts and baked goods), and I get breakfast most mornings at Miller's Twists (pretzel-wrapped egg sandwiches). There are bakeries, delis, gift shops, chocolatiers, ethnic food kiosks, and coffee stands--and more. Even the pickiest eater will find something here to enjoy.",Positive
dVj7ULc1I40TFAbLz-fubQ,"Good food, good vibes. Will definitely re-visit. Everything we ordered was delicious.",Positive
yzwyyy28JNtAQMEBV8PO-A,Fantastic hotel - restaurant food is way better than most hotels and bar staff is pleasantly helpful.   It's been weird since COVID - but so glad they held it together a I have stayed there many times over the years when I was going to Grad school across the street and now stay there cause our daughter is full-time at Penn.   Super quiet rooms abs very clean - also has a nice clean gym too!,Positive
Y5hCJaVopGZwe0OS2QhJOg,"Phenomenal! Catered a party of approximately 40 for a graduation. Everyone asked for Bacchus' name. Fresh tuna with a wasabi sauce, delicious light vegetarian or cheesesteak egg rolls. Summer corn salad. Noodles with a light peanut sauce which did not overwhelm. Guests of all ages enjoyed.",Positive
WhrnjUyBmqizRH9PkBtavA,"4 Stars because 95% Of the time I go there and get the GENRAL TSO style chicken it is good, sometimes they might fry it too hard without you requesting that and it becomes chewy and hard to eat ( Just make sure you let them k ow you don't want that ) But other than that if your in the Juanita/northeast philly area looking for GENRAL TSO chicken I recommend LUNS ASAIN CHEF",Positive
9VYh80a5YrL2h1k7yUYp9Q,"We tried both Geno's and Pat's side by side, and they were both quite tasty. I ordered a cheesesteak whiz wit. Geno's cheeze-whiz sauce was a lot thinner and wetter, I would have liked the the onions cooked a bit more, but I definitely prefer Geno's steak and bread. The steak is more tender and I believe has better flavor. Geno's bread seems to hold up better, but then again that could be due to the fact that they didn't use as much cheese. PleasI'm sure there are better and cheaper cheesesteaks in Philly, but we had to try the touristy places first.",Neutral
QT7Rt3Yn7fujqigpcpcYNA,"First, so delicious!! 

Second, the food was super hot when I picked it up which meant it was warm enough to eat without reheating when I got home (about a 50-minute drive). 

Third, it tasted like home cooking. 

Finally, my semi-picky eater child declared it was the best meal ever (I tried to not take it personally...lol). 

Dinner was done in 5 minutes because everyone ate so fast!",Positive
qn5GRcruX7Z2h13KwuwNIg,"I stopped in for lunch yesterday, around 2p, so it appeared that I missed the lunch rush, so there was no line. I had spring mix/brown rice as the base, carrots and Mac & cheese as sides, charred chicken thigh was my protein choice. Everything was absolutely delicious! I plan to pick up takeout for tonight's dinner!",Positive
ppj9DW0pGzewuKuIT6V3kg,"This is without a doubt the best Indian restaurant in West Philly. Everything we tried, from the appetizers to the curries and Naan bread, was excellent. The restaurant is beautiful on the inside and the service was great. Highly recommended!",Positive
bX9gls7m6klhpSAfKeRdUw,Food was good and server was very nice and  friendly ! I definitely recommend for a date night !,Positive
NyL449dRat6dxk_0EsZq5g,"I heard about Paddywax while searching for offbeat activities in Philadelphia. I quickly made a reservation for two people ($40 per person). These classes seem to sell out so I wouldn't recommend walking in with no reservation. 

Upon walking in I have to say I was a bit overwhelmed by the smell. I did get used to it, but I wouldn't recommend remaining in the store for those with sensitive smell. 

They have coffee, soft drinks and some alcoholic beverages (like white claw) for purchase. Or you can bring your own wine or champagne. Most I saw brought Champagne or Wine. 

It is not a complicated process and everyone including the mildly intoxicated will get through it with a beautiful candle. I went with my boyfriend and had a great time, but I do believe going with a group of girlfriends would have been a bit more fun. May be more appreciative of it, but he used the time to make a Mother's Day gift for his mom. 

It is a bit pricey, but I agree with the first reviewer, you get a bit of a price inflate for being on chestnut street. It's a very good location I must say and there is plenty to do while you wait for your candle to cure. 

The Process: 

1. Pick your vessel
2. Pick your Fragrance (there were only certain amounts of fragrances available. So if someone nabbed it first, you must choose a different one).
3. Put cotton or wooden wick at base of your vessel. 
4. You use your scale and weigh out the amount of fragrance for your candle. All in a little booklet provided to you.
5. Weigh the amount of wax needed. Again don't fret, it's all in the booklet. 
6. Mix the fragrance and wax together for 20 seconds.
7. Pour into candle vessel.
8. Use tool to keep wick in proper place. 
9. Whaala, you have yourself a new candle made and poured by you!
10. It must sit and cure for 3 hours.",Positive
kvRs3G5BKc6dDwWKoA4UBA,"Superb! More crab than I have ever eaten in 1 setting. Also, the best dumplings of life. Will return!!!!",Positive
HtduHCADqXdVXuUvoJaWiQ,"All the reviews are spot on. Chris is a patient, conscientious, well educated teacher who knows how to break down each part of your swing and explain the kinesiology of golf. Not only is he renown for his understanding or the mechanics and ability to teach PGA professionals, but he's also a very real and personable guy. He makes the experience more than just a golf lesson. I wanted to learn golfing for my husband but he's transformed not just the way I want to play golf but also the dynamics for how to play confidently in different types of scenarios. I highly recommend him.",Positive
RKFcfG0yDuri9hXhbMvl6A,"I love it here!!! They are a big family that treats their customers like family. I love it here! Everyone always treats me like a cool guy. Alicia, Lynn, and Donna are my favorites!!! Alicia and Lynn always have my back!!! I love you all and please keep up the good work! I'll always be a regular here! Donna, you have a great family. -Dennis",Positive
3T9xKPUMXHnqH--XuHOAnA,"Really like the decor and the beer selection, however the food was not good at all.  The fries were undercooked and the Shepard's  Pie was a multi layer concoction of blandness.",Negative
kgI-neRan0ImI-os2tShEw,I really enjoyed my Mother's Day Soul Fed Sunday meal. We drove in from Delaware and it was well worth it. Oh I cannot forget to mention the Po' Boy sandwiches. I think I visited Heaven it was that delightful. You can't go wrong with anything you order.,Positive
fTndGbuWhRD-2XzjxKSmfA,"Such a great bakery. I have been here pre and post pandemic 4 or 5 times and have also had their pastries at my office. The bakery is fairly small with a couple of seats and just enough room for a few people to stand in line. The workers are so sweet and clearly excited to share their love of pastries with the masses.

I have had the chocolate chip cookie, Brookie, chocolate fudge brownie, oat walnut brownie, blueberry swirl muffin, chocolate Nutella muffin, coffee cake, chocolate chip scone and maple oat scone. All phenomenal. 

I tend to frequently enjoy the Nutella Muffin, Brookie, and Chocolate Chip Scone. My least favorite is the maple oat scone because it is made with shredded coconut which I don't prefer.

I need to wake up earlier because the babkas sell out instantly and I have yet to try it. One day. Either way I'm just as content consuming whatever they have left once I mosey on in during the late afternoon.",Positive
vOY_2WpqCrwX28Qy0NDgHw,"Came here a week ago with a few friends and it was some of the best hot pot I've ever had in my life. Everything from the sauces, soup, and meat was delicious. Our server, Dean was excellent -- he constantly checked on us and gave us great recommendations on the menu. Will definitely be back soon.",Positive
IZU2APMFUisujCwBYsIm8g,Initially responded with a quote and then completely disappeared. Disappointing and frustrating to just be ignored when trying to give someone work.,Neutral
nkj1Cij0H4-PzoOFTa49lQ,"I was turned on to Steven Singer by a co-worker from Philly (he and I were working in California at the time). I've been hooked on their dipped roses as a regular Valentines Day gift for my wife!

This year, I was indecisive (being a typical ""guy"" at Valentines Day). I was LUCKY to call and reach Krista at the store!  Not only was she bright and friendly ... she was BEYOND helpful!  I was stuck on which dipped rose to buy, and based on my order history, she helped me decide on the right one for this year.  Additionally, when I had writers block for the gift note, she helped write it the way she'd want to receive it.  Krista provided such great service, she up sold me in a second on some add-ons that totally complete the gift for this year!

Krista not only provided great service, but it was an outstanding purchase experience!  Looking forward to maintaining my loyalty to this business, (which I have never even stepped in).  Their online service is epic, and the next time I'm in Philly, I plan to give a sincere thanks to their entire team!  Thank you Krista and Steven Singer. Despite their name, I truly do LOVE (and recommend) Steven Singer Jewelers!",Positive
uHjesequWAig12ApEEn3Bw,"Warm, friendly owners who greet you with a smile.  I've had the shawarma, gyro and falafel sandwiches.  All are equally delicious.  My go-to when I visit the area.",Positive
jK2KDlayh6IORd3WaSnRrQ,"I came here for a post Covid event on a Friday evening.  I believe sip city mixer was a private happy hour event so my review is strictly on the location as I did not dine at Cavanaugh'a riverdeck.

The Riverdeck's entrance is easy to spot and getting in through security was easy once we showed IDs.  They had a tent set up and there were 3 bars within the outside area, each in a different section of the facility.  There was a lot of people and everyone now being maskless including the bartender takes some getting used to.  The view was okay and I had a good time.",Neutral
lmgBS_FbgjxbjND2faa2dQ,"After constantly passing Nook on our walk home, my boyfriend and I finally stopped by after our workout. We usually go to the Starbucks just a few steps away.... We have already gone to Nook twice in three days. 

My boyfriend said it was the best Pumpkin Spice Latte that he's ever had - (and we LOVE that we can still get our favorite flavor in February). 

They are sustainably sourced and make their own coffee. LOVE THAT - but to make things better, the workers couldn't be sweeter either.

Definitely give Nook a try - you will not be disappointed.",Positive
sPX3vwsJ9koBW-fSHq_dDw,"Excellent deli.  Very good hoagies.  I love the fact that they carry all kinds of Italian meats since I love cooking Italian.  The prosciutto that you find in the supermarket is most definitely not the same quality as Dattilo's carries. Same with their rolls.  They're the right kind of roll.  Hard outside, soft inner.  Philadelphians know the difference, but supermarkets just don't get that.  They carry all kinds of delicacies here.  Even the juice brands here I've not found elsewhere and they are delicious.  The guys working behind the counter are always extremely pleasant and fun to deal with.  If ever you are unsure of something they're always willing to help, even allowing you to try out something before you make the purchase making your decision making easier.  Thumbs up to Dattilos.  Great place to grab a hoagie, real Italian deli, great bread, meats and other unique condiments.",Positive
5O1j-rzS-vb_muBVlQZjIQ,"We were here on a Friday night and enjoyed our time drinking,  having conversations,  observing other customers in the basement area. Plenty of eye candies that night. We spent at least 2 hours there. We will be back again. Good friendly service. You can actually go upstairs, they occupy the whole building, which I remember from previous visits.",Positive
nggX0J0UTi61mYOwtB684A,"Before heading back home from my Philly trip, I decided to stop at a cheesesteak spot that I have never tried before.  You pretty much cant go wrong with any cheesesteak in Philly, but I wanted to switch it up from my usual spots.  Where I was, this was close by and had excellent reviews.  I went simple and just got a standard cheesesteak with wiz and onions.  I must say, this was a delicious steak sandwich.  The meat was cooked perfectly and was very juicy.  The cheese was just the right amount.   The onions were a nice touch.  And I added a little bit of ketchup for additional flavor.  I ate the whole cheesesteak in one sitting.  Overall, I was very impressed and satisfied with this steak.  I would come back to try a different style steak sandwich,  as they offered many different kinds.",Positive
3isouRl5K5IfD3L4p1sCyA,"i was looking for some healthy spots in the nolibs area and this place was recommended to me!

overall, it was tasty but the meat was a bit chewy and it wasnt cheap!
for $40 we got a kebab salad, kebab entree and a hummus w/ pita

the hummus and pita was delicious! i wish the pita was warm but the hummus was delicious

i got the lamb and beef kebab. the beef was super chewy and i ended up not eating them but the lamb was decent, not as chewy as the beef luckily. the salad was decent, nothing crazy but a good assortment of veg (cucumber, tomato, red onion) the vinagrette dressing was tasty!

i tried my husband's chicken and lamb entree and it was good. the side salad in the entree is a little sad though 

i would maybe come back for the hummus but definitely ordering something else next time, a meat that's less chewy!",Neutral
ER-h1S-KPAyFRnS9Pi7iXA,"Was craving Korean food, so we ordered some takeout from Buk Chon, as the reviews looked promising. 

We ordered our usual go-to dishes, a soft tofu stew and the Jap-Chae. The order came with banchan, packed in three condiment sauce cups, one of the saddest looking and most disappointing banchan I've ever had.

The tofu stew and the Jap-Chae were standard. The tofu stew could use a little more spice though.",Neutral
mDsXQ5DZp_XeYgRVuipIsQ,"I recently had my first ever experience at Fiorella and it was incredible! Although they only had outside dining available and limited seating, they have a really nice outdoor setup that doesn't take away from the experience. I would recommend getting a reservation ahead of time.  The food was delicious, drinks were yummy and the staff was very attentive and great at providing recommendations.",Positive
pE8EyyOKhLI-hO-wysxq-w,"Although my nails and feet turned out okay. The woman who did them wasn't consistent with applying produts and massaging.  What I mean by that is that one arm, hand and foot was massaged better and longer than the other/ had more or less product applied to it!  I also felt like she was rushing to service  me.(She also didn't even out the shape of my 2 big toes. So that they were identical.) Which I couldn't understand because they weren't packed! And even if they were, that not an excuse to shorthand a customer! She also kept slapping away my fingers as she was going over each one which I personally feel is very rude and annoying to say the least. And she didn't scrub my feet smooth. Which is saying a lot seeing as how there was barely any roughness to them! This was my first time coming, and it might be my last. It cost too much money for something as simple as a manicure and pedicure these days. To have received this type of service!",Negative
ryyo7I8NQyTiQVXcuVdiqQ,Consistently good food. Their weekend brunch is their specialty in my opinion. The eggs benedict and chicken and waffles are outstanding. Cocktails are tasty too.  Staff is always friendly and courteous.,Positive
VAtn3MqKPWbmpUjy166mxA,"First time at this place and was extremely happy with it.  Service and staff were excellent, quick, friendly and knowledgeable about the menu.  If you like middle eastern-Israeli food you will love this restaurant.  Salatin-Hummis plate has diverse offerings that are sure to please.  I had the grilled beef lamb entree, excellent flavor but a little to salty.",Positive
-8nMhLafiRdTyov_R1RRZA,"Great place to see a movie. The theater is very clean, the lines move fast, and the bar and lounge are both very attractive. Compared to the AMC on Broad or in Cherry Hill this is paradise. The seats are comfortable, the restrooms are clean, and the concession lines are fast and efficient. I have been to five movies here so far and look forward to more as an AMC Stubs A List member.",Positive
jFQurRjzyf2xczbUf4eRdA,"Oh man, this place is so different from the chain in NYC.

The worker wasn't the friendliest, and just stared rather than greeting us? Confused. We ordered the Mango Kakigori ($8.50). Not worth at all! I understand if they're practicing COVID precautions, their utensils are disposable, but it's just so sad to see the dessert just given in a SMALL plastic bowl. The ice was good and fruity, but the syrup was strong and it just tasted like artificial mango syrup. The mango fruits they provided were also just canned mangoes, although I like the pop mango. 

This was sadly not it and a ripoff.",Neutral
DMHYRba7IPJ0VLQtLacKeg,Just purchased this print from Pretty Green Terrariums. Wonderful little place my friend and I stumbled upon. Staff was friendly and very helpful. He told us he plants all the terrariums himself. So impressive! Will definitely be visiting again!,Positive
gV4X6D8-PbcsNcWdgMr3ig,Food was subpar for what was supposed to be a 5-Star restaurant.  Contract parking attendant said the Ford Explorer was oversized and took me for an extra $7!  Avoid this place...,Negative
DHSDdltvbBvEkRKj3d6jvg,I came here for happy and I was impressed with the food and service here. The wait staff was really kind and accommodating. We made reservations via phone and was greeted very kindly. We asked about bringing a dog and was told that it was okay to bring. They even gave him a bowl,Positive
sQFPx8cAkE4v_mxT_RjbUw,"Decided to try the place out because of the great reviews. Food was good! However, I'm so disapointed and amazed how uncofortable and unwelcomed the bartender made us feel. As we arrived we were directed to seat at one of the hight tops, we didnt get the time to sit and take our coats off he already asked us what we want to drink, we asked for a couple of minutes and that set him off to roll his eyes and just walk away! You're a grown man, really? Then he just talked shit about us to his coworkers while staribg at us.. what a great customer service! Finally, I went to the bar to irder after a few minutes he finally decided to take my order I was a bartender for over 10 years now I'm a manager at a big establishment I swear I have never spoken to any of my guests in a manner I was spoken to by this unplesant man! Throughout the visit he touched every table at the restaurant but ours and when I approached the bar he literally turned around and pretended  tp not see me! NEVER COMING BACK AGAIN I'll choose Maggies every single time. I really hope the owner reads this as I was hoping to speak with them in person.",Negative
1zYYPwOWIFkfK1S_Vx4h5w,"Much improved over the years and in winter my teen enjoys the River Rink.

Lots to see and do in summer, too.
Famous for Fireworks (and crowds) on July 4th.",Neutral
4Po6WIsciX52SLS2pUdY5w,"It was the best of meals, it was the worst of meals.  We had a 7 PM Sunday reservation for my wife's birthday dinner.  THE BEST:  As on our prior visit, the food was uniformly excellent - we had edamame dumplings and tuna pizza for appetizers, and pad thai (without the shrimp) and chicken in plum sauce (with tofu substituted for chicken) for entrees.  All of it was really tasty, and the entree portions were generous.  THE OK:  The menu included NO vegetarian entrees.  The server specifically mentioned that vegie substitutions were available for the two entrees we ended up ordering, but this is 2021 and any decent restaurant should have at least a few flesh-free entrees on the menu.  After an initial lapse (possibly just an innocent miscommunication), the server was fairly attentive.  THE WORST:  We asked to be seated in the quietest possible location, which the hostess claimed was the balcony.  Nonetheless, even there we were totally overwhelmed with loud, throbbing, pulsating music, and had to practically yell at each other across the table to be heard.  And the lighting was so minimal it was difficult to read the menu without using our phones for flashlights.  This is not the auditory or visual environment we want when we splurge on expensive dinners, and so we will not return to Buddakan.",Negative
PwGa6nxMfHm-tmNoTkkRCw,"Great food, great price. I have never been to/or eaten Peruvian food so it was a great change. Awesome service, and SUPER helpful as we didn't know what to get since menu was so large and had dishes we never heard of. Also got to try Peruvian wine which was different and great!",Positive
ko6VPBOArrBNe5unFYuTjA,"This is not your zen massage. There are no frou frou candles or your choice of scented massage oils. Instead, they are fairly bare rooms--and great sports/deep tissue massages.
It may take some time to find the therapist whose technique works with what you want--but I've found a few that I love. 
Yes, it's a bit frustrating to have to wait outside, and to climb 4 flights of stairs. 
I've been a member for 6 months. It's definitely a huge cost savings if you go even more than 4 times a year of 60 minute massages.
I leave feeling a bit taller and stretched out, and feeling like my muscles recovered a bit better!",Positive
5IFDyz3tAQXgJ4Kd0mwTSw,"I ordered through Uber eats. My peppersteak platter was $15.75 and i ordered a $4.50 side of this macaroni and cheese that's raved about on Instagram. I wanted to try this place and I was sharing the food with my niece so I didn't concern myself with the price thinking there would be more than enough food. The food wasn't bad at all, but if you're going to charge so much for a platter I think you should specify the size of the platter. Had I known I would receive a small platter I certainly would've reconsidered!",Negative
9lFPyTk2Nu60nzQZAlU0hA,"This spot was so great, located right in center city with a really nice outdoor seating option. For lunch I got the dandelion salad and opted to add grilled chicken into it (you could also add salmon). The salad was perfect for a summer day out (mixed greens, avocado, cucumbers, and a delicious light dressing). The only downside of this place was that the menu was slightly limited!",Positive
9XFyw4L-MVxNITFPqXSTrw,"I would never recommend anyone to use this legal service even if it cost $1.00. I started my legal service around October 20, 2020. I paid $2045.00 for a ""simple"" divorce through PayPal on October 22, 2020. Of course everything seemed good and normal because they were getting my money. After a few weeks to a month, I received a phone call from his secretary followed up with paperwork I needed to fill out and return. After months went by and now into 2021, I called and followed up with ""what's going on?"". They say, I need more paperwork filled out and to send it back. Did that and now we're into almost a year later, no new progress. Secretary says, I need to go to center city or call family court to get the withdrawal. I go downtown to find out that my legal center never filed my divorce through family court nor was his info in my files as my representative and I would have to file again with legal aid on Tuesday or Thursday 9:30-12:30pm. Ugh.... I've been in center 3 times in Thursday's paying at least $33.00 for parking each day. Now my legal service as not answered any of my phone calls or emails and I sent several. Never again. Now I can't get my money back, I got scammed and they wasted my time.",Negative
lmIAAtiQXfgHSYXD8FAwZA,"Philadelphia never ceases to disappoint. This is # 1 or 2 on most lists. Ha! Let me first say I gave one star for the quality. The meat is very good quality stuff. I gave the second star for the bread. The bread is absolutely PERFECT hoagie bread for cheesesteak. But that's all the good I can say. The steak is horribly bland. So what you get is a great roll soaked with beef that tastes like warm water. No salt. No pepper. Not a drop of sear. Nothing. This is a bland tasteless fail. It's a terrible fail, because the quality is there, the technique is not. To date, no famous Philadelphia cheesesteak has lived up to the hype. You will get better cheesteak at any Jersey Mike's than the ""best"" places in Philadelphia.",Neutral
_n-IheClzVokha1Rq8cL3w,"I was with an employee for about 25 to 30 minutes asking him about all of the tufted headboard beds and their prices. I can't remember his name I think it had a V in it?  He was helpful and attentive all throughout, but as soon as I told him I was thinking of ordering online as I was not decided on which bed to get and needed to talk it over with my family all of a sudden he became so rude. He handed me his card and stormed off saying ""Well if you order it online I don't get paid and I've already spent all this time with you."" I was shocked at the complete 180 his personality did finding out his kindness was just a front to get my money. Then on the way out as my father and I attempted to say goodbye to him he refused to make eye contact or say anything and an employee he was venting was the only one courteous enough to say anything. The worst part is I was attempting to find out how I could give him the service online for helping me out but he completely ruined that for himself. I will be giving my money to maybe the employee who did acknowledge me or the Exton, PA location, extremely unprofessional and off-putting. No other store, Apple, Nordstroms, no where do they act this way if your not ready to make a HUGE purchase off a whim.",Negative
bgJI08aSbqBD4FFgW7WujA,Stumbled upon this place and will be going back. Food is pretty elevated for a brewery! Had duck hush puppies for that were soooo good,Neutral
yzJYGBgEJDGDYKX4Q69-ag,"The atmosphere is great. You feel as if you are in an upscale restaurant in Mexico City. The waitstaff is knowledgeable and polite. Restaurant follow covid-19 guidelines completely. The drinks are good and filled with tequila. Highlight to eat or try- Chips & Salsa, Queso Fundido, Salsa Tequilas with shimp, Enchiladas Playa, and Molcajete. Will be back to try more dishes at this lovely restaurant. Best Mexican in Philly.",Positive
ePiKJ4f1hWHIsxr4Bm6I6w,"No wait at 5:30 pm on a Saturday evening for a group of 4. We were seated promptly after the host took our temperatures. The booths have plastic separators between tables, and from what I saw, most of the restaurant was full. 3 of us got the tomato oxtail soup base, 1 had the original milky broth. I've tried both and I would say they are equally good, it just depends on what kind of mood you're in. Our server, Quynh, was very attentive and polite. 10/10 service and of course, the food was amazing. I liked the ponzu dipping sauce they provided, although it is a little different from other hotpot places that are more Chinese style with a variety of sauces like sesame, soy sauce, etc. Here at Chubby Cattle, they provide a ponzu sauce with a variety of toppings, including cilantro, green onion, chili, and garlic. The ponzu sauce paired perfectly with the meat (perfectly tender and nicely fatty without being too much) and other veggies. Overall, I think Chubby Cattle was wonderful (the terrarium light fixtures were a nice touch) and I will definitely be back again.",Positive
tZi6R8AYsLHu84usdnlw3g,"I would have taken a picture of my platter, but I wolfed it down too fast! I had the fish, eggs and Grits platter. Scrambled eggs with cheese where perfect, fluffy and delicious, enormous piece of crispy flounder fried to perfection and a generous portion of buttery grits! Perfect, exactly what I wanted! Will definitely order from here again!!!",Positive
JmmhdSZHuJNstMHRhdPz6w,"I had a horrible exchange this morning with a cashier at the 3313 Wharton st Phila store Dunkin' Donuts. I simply ordered a grill cheese sandwich and ask for bacon on it. While ordering she was rushing me saying do you want ham do you want this I said one second I would like to have the sweet black pepper bacon. She then went on to say that you can't have that. I said well why not I should be able to have whatever I can pay for and I also ordered this all the time from other Dunkin' Donuts. So she said to me who do you think you're talking to and I thought wow what a horrible exchange. I ask for a manager she said yeah I'll get a manager the manager then proceeded to take my order and said so they'll be a little extra for the bacon I said not a problem I'm sure I can afford it I just don't understand why your agent told me I couldn't have whatever I wanted to order. I have never been spoken to like this when I'm spending my money and I don't believe that anything was done. So I did not take this order, I wasn't sure what would be safe to consume. Additionally I was in the drive-through for such a long time and during Covid you would think people would be understanding and even more accommodating. I hope this response to get some traction,Now I am very busy and I don't have time to do these reviews but this had to be submitted the Philadelphia grays ferry location I will never go there again.",Negative
aqZnscLdLCAeMQKAyKy8uA,Breakfast was really good  had the Eggs Benedict and the andouille breakfast hash eggs were cooked perfect and food was outstanding service could be a little warmer but all in all very good and is some of the best breakfast I've had in philly,Positive
TMtMymOvkmlRMeh4NM87BA,"I've been here once a while ago got a sandwich to go and after a half hour ride home it was ok but I knew that was because of the travel. Well I had a strong urge on Saturday to make the ride and this time I ate it ""the spicy porker"" in my car in front of the store and it was orgasmic it exceeded my lofty expectations by far! We're talking bucket list here in the bucket list list of culinary delight!",Negative
Szur5ayaPwdMRBg-r2B5gQ,"Westy's is my FAVORITE bar in Philadelphia!! So happy it opened back up! It's so safe inside, staff wearing masks and tables spread apart for social distancing, overall I was very impressed with their commitment to good service! The bartenders and staff were friendly, the food was PHENOMENAL, I would recommend this place to anyone. Love Westys!!",Positive
Rwe8Y0ZmzXRcetOFYObqNg,"Wow, probably the largest sandwich I have ever had in my life! No wonder it costs almost $20! 

Ordered the pastrami sandwich and there was so much meat! It was actually a little too much meat in proportion to the veggies and bread. Plan on only being able to eat only one half of one of these sandwiches in one sitting. 

The meat itself wasn't anything spectacular, but maybe that was due to the overabundance. After a few bites, you get tired/bored of eating a big chunk of meat with not enough of the other ingredients.",Neutral
54VkoiIkZzvYjOq0OGR9Iw,"I love our produce, meat, egg, and bread shares, especially during COVID when the grocery stores are sometimes lacking! Philly Foodworks has super responsive customer service, an extensive online market selection, tons of pickup locations + delivery, unique and unexpected options, and the flexible ability to swap out items I won't eat and/or skip weeks is a dream.",Positive
rJTKz5puXYQvzWLlJtx7EQ,"Really impressed with this place! The host was amazing, very accommodating and genuinely helpful. Nikki was our server the energy and service she provided was impeccable! She's def one off the best servers I have ever had! Loved the vibe, drinks and music. The whole place I highly recommended! Felt extremely welcomed and the whole place is a vibe, don't hesitate to come here!!!!",Positive
rioDS_fD5x_GnZAyGzC_pQ,"I visited the Target location at 4000 Monument Road to return a gift my son received for his birthday Sat. His grandma purchased him a car seat however it wasn't safety equipped so I was returning the chair to get a more secure one. I was told they didn't know why I couldn't return without a receipt. I explained that it was gift and a fist receipt wasn't provided. The cashier than told me ""she didn't know why I wasn't able to return without a receipt"" I called customer services and was advised that the item could be return however I would have to get someone else to do it. I don't recall returning without a receipt because I always use my Target card. The principal about the situation is how rude PAULETTE WAS. She told me she was a manager when I asked to speak to one Bieber another employee there advised she was a ""front end lead"". She slammed my id and Corp number on the counter I asked her to place it in my hand like I placed  it hers. She than advised that I didn't give it to her so she's not picking it up. She walked off leaving my other item on the counter and never returned. The original cashier returned and skipped right over me asked nice and politely to the Caucasian guy ""how can I help you thanked him for his patience but never said another word as if I wasn't standing there. I understand many people have it set in their heads that ""BLACKS ARE GHETTO AND STEAL"" but everyone isn't like that. I work just like they do. On top of me spending so much money there on a reg. But I do know Target lost me as a customer and if his grandmother didn't live out of town I would tell her to get her money back. I will be boycotting Target until their employees know how to treat their customers.",Negative
0MwswADWsN3oIXxWtTDFtw,"Dr. Wolgin and his staff are wonderful. They are professional, kind and most importantly competent.  
Thank you for being a bright light in Philadelphias medical community.",Neutral
A6jUFsUEi8jnqDRhHcsBkg,"It just opened this morning and we got a breakfast sandwich, a hazelnut latte and a few of their little cakes. The chocolate cake and the coffee/chocolate cakes are decadent and delicious and the latte was light and delicious. Highly recommend!",Positive
zFZqSz9ZFuSV7FU5wI9B6A,"Oh my God, Lucky's Last Chance is actually pretty darn cool. Can't wait to try every single thing off the menu here. The menu is really good, so many very good choices, I had to go with Onion Strings, and it was amazing. The crew is definitely a highlight of this place because they are always quick, courteous, and provide service with a smile! Totally returning here again for more because one time is just not enough.",Positive
cGUshdFoXgdjYfyGP8GHUw,Doggie VIP is great! My dog Chase was very nervous at first and Victoria was amazing with him. They gradually introduced him to other calm dogs and were so patient with him as he got acclimated. After that he loved his time and playing with all his new dog friends. I highly recommend Doggie VIP Philly !!,Positive
ZeLjFlqG9rItMin4uh8-ow,"You all know by now that I'm very particular when it comes to my nails. I had found the perfect salon but moved in the last year and had the daunting task of finding a new one. I tried a few locally and was consistently disappointed. That's when a friend recommended Modish so I figured I had nothing to lose. 

The salon is gorgeous. Clean, neat, and beautiful. You can walk in but they are busy so I prefer to make an appointment. Minh is always at the desk to greet you. He's friendly and wants you to have the best experience possible. He keeps things moving in the salon and always offers a drink. Tammy is my nail girl. She's sweet, takes her time and she makes sure I like what she is doing. She helps me pick a color and always asks if I like it before completing the rest of my hand. I always get the dip powder and am completely satisfied. They last three weeks but I could definitely go longer if it wasn't for my nails growing out. I am so happy my hunt for a new nail salon is over. And I'm so happy I found Modish.",Neutral
s0FD3F0DKoY1WQblAdI5aw,"Honestly the brisket was delicious but bread was a little bit dry, not quite stale but they could have at least toasted it with butter or something, I felt like the ratio was a little off between meat and bread. 

That being said I have had their bbq in the past and the other items definitely slap, looking forward to trying again",Neutral
ahSN2Dd2Vez5LPtiVWu-zw,"The best thing was the salad. I must say the silver plastic ware I was impressive, but as you can see snapped right in half. Sort of representation of the entire meal. Looks awesome, not worth half the money.  Only gave them three stars because chocolate mousse with Cohl and the salad was all right. Let me see the lobster meat wasn't bad it was just completely unseasoned.  Would never do it again!  If Capital Grille had a delivery platform, Iwould never had been disloyal.",Negative
akYX6h5Y4c2CpRCYxjF4PA,"I'm jumping right in... Best thing on the menu is the Jerk Chicken!  The Curry Goat is ok..needs more seasoning!
The sides need help-Period!

We all have watch every food rescue type of show where the expert states 'focus on what you are good at and get rid of the rest'!  The Mac and cheese (shells..is a joke-not cheesy at all..straight out of a box ; the rice and beans need seasoning; the cabbage was the best..keeper)!

Friendly staff and good portions for the price..if I could give 3.5 stars I would for the things just mentioned!

Not sure I would try again when there are so many other good food options in the area!",Positive
Zld_6k2yA5ynKWCxcw2_yQ,The Mecca of Philly cheesesteaks!!! This is where the story of creating a Philly cheesesteak started!! These cheesesteaks are some of the best I've ever had!! I like my Cheesesteak with onions and cheese whiz! The provolone is a popular pick too! The fries are better at Pats than Geno's! There are two lines; one for ordering a cheesesteak and the other for ordering drinks or french fries. This is one of my favorite things to hit in Philly everytime I am there!!,Positive
cv6d4GB-q0qOwmKZoWUCwQ,This place was amazing. I loved seeing Van Gogh sunflower painting. It was so beautiful to see it again person. I loved all the different artwork they had. I did get lost in the museum but it was still fun lol. I was a bit disappointed that I couldn't see the Rocky Steps though.,Positive
mK8lsEBa0f1ybJKCeWmSdA,"I've been waiting for some perfect BBQ since I moved up here from Texas six years ago. Got the brisket, potato salad and mac cheese. GRADE A+ BBQ!!! The brisket melts in your mouth. Sooooo good!!",Positive
lQ6Xvx_swqNX6aHX7nYlRA,"I once thought Tony Luke's was worthy of being above the ""tourist trap"" designation. 

It had been a while since I've been here. I gave them a shot today. 

Whatever was not true then may be true now. 

This wasn't a bad cheesesteak. There's nothing wrong with it. But I've had a lot of different cheesesteaks in town since I last had an original Tony Luke. 

And now I'm noticing that the beef flavor just doesn't sit the same way here as other places. I'm noticing that it seems saltier with the cheese. I'm noticing that the flavors don't seem to marry as well as other places. I'm noticing that it seems to be a little greasier than others. 

There's nothing wrong with Tony Luke's. They have many great sandwiches. The rolls are wonderful. 

But as of today, they've fallen out of my top 10 in the city. There's newer places and classic places just doing this sandwich better right now. 

1. Angelo's 
2. John's 
3. Woodrow's 
4. Oh Brother 
5. Dalessandro's 
6. Philip's 
7. Ace of Steaks 
8. Max's 
9. Joe's 
10. Gooey Louie's

Honorable mentions: 
- Jim's 
- Steve's 
- Tony Luke's 
- Ishkabibble's 
- Pat's",Neutral
Ok7KA5Fxvc-OlRdT-waedg,"If I could write Murph's a million 5-star reviews, I would. I've said it once and I'll say it again - Murph's is the best Italian food in Philadelphia. Came during covid for outdoor dining - they have a cute little tent out front that is open on multiple sides (not one of those unsafe outdoor-indoor structures) and heat lamps to keep you warm.

We started with mussels au gratin and fried mozzarella (they were sadly out of fried burrata). The mussels were a surprisingly large portion, and the fried mozz was clearly fresh/better quality than what you normally think of when you order this app.

For the main course, we ordered a rack of lamb and tagliatelle with filet to share. Both were insanely delicious. If you like lamb, definitely try theirs - it's only $25 for a full rack and side of pasta. We easily had two extra meals of leftovers to take home.

The mains were a little delayed to come out, so Murph's kindly gave us dessert on the house - we had the creme brulee cheesecake and lemon marcapone cake. You can't go wrong with either.

While waiting for a table, I had a Morrison Mule and Bourbon Spritz. I would... you guessed it - recommend both. Not sure if they're still doing this, but they gave me the drink in a plastic cup so I could wait outside with it!

They're also doing takeout during the pandemic, so definitely make sure to take advantage of it while you can!! They're cash only but their prices are so affordable. If you want to see their latest menu and specials, make sure to check out their instagram!",Positive
bmtJ_ebc9P4I-mHEYufOrA,The team at Opportunity Barks clearly care about every pup and their families. They take this work seriously while having So Much Fun!,Neutral
qYC-_HF-iJnFbkQ-B5zRoQ,"Such a cute, intimate spot. Great addition to Germantown! I tried ALL of the ciders. Most of the are drier but the raspberry (seasonal) is on the sweet side. I really enjoyed the ginger & blood orange. The pies are fantastic! I tried the Route 23 & Smoky-Spicy Shroom. They were great, but phenomenal when I ate them together. This is a cute spot for a meetup with friends or a casual date. I also got to meet the owner Stephanie who is kind & delightful. Definitely check this place out if you're in the neighborhood or love cider!",Positive
GDxme69IzqGuV6Wtxp1JHA,"Wow, Gianfranco Pizza Rustica was simply amazing. I'm so glad to be here and the environment is so pretty. Terrific food, Chicken Ranch Pizza was excellent without a doubt. This Chicken Ranch Pizza was prepared just perfectly. The crew was excellent, literally everyone. I am so happy with this place.",Positive
NH2QV0vaAqRRYtmZa6b9Pw,"Parking: Economy parking remains closed even though the airport has resumed many flights. If you want to know why there's no space in Garage B or C, check here first on your way to the airport: https://philapark.org/airport-parking/
That has 15 minute updates on spaces available by garage so you won't circle in vain looking for a spot when you should be getting to TSA. 
I wound up in Garage A this trip which was OK outbound with a walk, though my arriving flight came back all the way to F. So I got exercise. There is a shuttle that goes from F to other terminals (C and A). 

Security: TSA was pretty quick. Covid or not, it's the same rules as before, laptop and large electronics out, shoes/belts/coats/hats off, pockets empty. Liquid rules still in effect. 

Shopping/Food: Fewer choices and limited hours. I waited til I got to my destination to eat. 

Covid: Seating areas still have social distancing stickers. Masks required.",Negative
86UQJURgAzEuV8xTWAj8mg,"Have only had food to go and only been here once, so a bit tentative but here are my thoughts. Overall food is more on the balanced and less of the extreme spice compared with the older Circles, and some other places in the city. This is definitely on the milder end and is probably on par with ratchada or even a bit milder than that.

More traditional Thai cuisine (in terms of what's typically found in the U.S.) compared with Kayala, which is Southern Thai specifically.

Even though I wouldn't mind more spice, the food is quite balanced from a taste standpoint. Have had a particularly good luck with the salads, as well as the pad Thai and the basil noodles with chicken.",Neutral
74GNayvDUyYLtVgd5NoYrQ,Delicious! Been here a bunch of times never had any issues. Staff always friendly. Great rewards app you get a free platter for your birthday but they give you plenty of time to use it. Combo platter is my go to. Love the sauces. Extra White & Hot. Try the bbq also for a different taste. Fries are tasty.  Highly recommend.,Positive
_bda6UXGmleB9yDzv8sakg,"Won't be back!! The general  toast chicken isn't consistent AT ALL!! 
The first time it was delicious. The second time it was dry and super breaded, I have them another try and it was WORST! I will not be back. I called and told them and it still was WRONG. Just ewwwww. So much liquid and not yummy liquid",Neutral
1OQh_X2jCNoN0dNbN2zACQ,"after all my heads of hearing how amazing monks beer program was, i finally went. & i wasn't really blown away. the first beer on tap was allagash white lol, like why? they had a few good beers but i was under the impression it would be the best of the best and all hard to find stuff.",Positive
EiatmSd0Tx3XUMs458pDyg,"worst company of all-time, in all of history. my internet doesn't work just being one room away from the signal, constantly goes in and out. The service technicians don't show up half the time, and it's intentional. Good luck getting someone to show up. I'd rather have no internet at all than comcast. waste of time, and pointless frustration.",Negative
BNm-Km-P8lTQUnJypqE1UQ,"Came here to get my fingerprints done for clearances and ended up having to come TWICE to get them redone. I've gotten my prints done ~10 times due to the nature of my job and volunteering, but my prints have NEVER been rejected at the other 9 locations I've been to. Only have they been rejected here, where they clearly don't care to do it right the first time.

I get it, it's covid, they probably want me out of there asap. But hey, if the computer clearly says print not wide enough, or insufficient tips, then just redo them instead of hitting continue so you don't have to make me return to contaminate your store again!  When I saw the lady doing a sloppy job even the second time, I mentioned my first prints were rejected because they weren't clear, and she said well, you get to try 3 times. 
This place clearly doesn't care about wasting your time and forcing you to continue coming back. 

Long story short - DO NOT COME HERE TO GET YOUR FINGERPRINT DONE UNLESS YOU WANT TO WASTE TIME GETTING THEM REDONE AND/OR YOU WANT TO MISS YOUR DEADLINE.",Negative
5bSJPkDScPqwQiPzhqKsjQ,"UPDATE AFTER DAVID's COMMENT:
I understand the importance of keeping everyone safe during COVID and having that effect the amenity spaces t some capacity. I would like to make something clear that I left out in my previous review: I specifically asked what the elevator situation was after seeing reviews, and they said with Covid, ""they're allowing 5 people in at a time"". I have the email to prove it. Turns out it was only 2 people, and still is, with more than 600 people living in the building. The elevators do not ""work properly"" for the population of people living here, when most of the time you have to wait 20 minutes for an elevator up or down. I also specifically asked about construction, as I knew I was going to be working from home, and they lied about that as well and said they were unaware of the start date after it started 2 weeks post me moving in. Again, really urge you to find another building if you're reading these reviews! This place is not worth it. 

UPDATE AFTER 9 MONTHS OF LIVING HERE:
The construction is finally finished but this building is NOT worth it. We have an amazing view of Center City - but I would trade that + anything else to not have to wait for an elevator for 20+ minutes. My boyfriend and I literally don't even go out during lunch because we are afraid we will spend 40 minutes waiting for an elevator and waste 40/60 min of our lunch break. The fire alarm goes off multiple times a month. The amenities are still closed to anyone other than the guests, even the outdoor roof deck due to COVID. The management does not care about you as soon as you sign and are completely unapologetic for mistakes made on their part. 

If you're planning on moving any time soon, pick ANY other building. We have maintenance in here every other week due to something new breaking. Our AC unit literally does not work, yet we are charged for amenities at a higher rate than any other building in center city (trust me, I've done my research). Haven't even submitted a maintenance request because maintenance never seems to fix anything., will schedule with you and then not show up, and then show up RANDOMLY with no warning and get mad when you say you're working from home and can't have them making noise at 11 am on a Tuesday. I asked them to fix the fan in our bathroom as a lot of moisture was accumulating, and he said he, ""could replace it so it would make less noise, but the fans don't work and it's functionality won't change"". They openly admit their appliances don't work and don't do anything about it! As I said below, the only plus side of this building is the staff at the front desk - they're awesome and really friendly. We are moving to a new building in center city two months prior to our lease ending and paying double the rent (finishing out our lease with 1500 Locust as well as paying for the new building) just to get out of here. 

ORIGINAL REVIEW:
Just moved into the building on July 1. It's in a great location and seems to have great amenities - though the gym is not open due to COVID19. Disappointed with the communication of the building - there is some sort of construction project going on that sounds as though someone is drilling INSIDE your apartment. I was not made aware of this when I signed my lease. I called the leasing office, asking what was going on, and their answer was that they are having something done to the building and it normally takes about 2 1/2 months. Shouldn't people that are going to be affected by the noise be notified - especially with COVID19 and 90% of the population working from home? Apparently not. This is a huge problem for anyone that is working from home, or simply wants some peace and quiet when they're in their apartment. I chose this building because I expected it to be quiet and well managed and have been extremely disappointed in that regard so far.

Also, some of the amenities such as the large outdoor rooftop is restricted to resident's only due to COVID19. When I had asked the concierge downstairs, they said that was only the case because of the July 4 weekend, and any other day, as long as it wasn't a large group, others were allowed to join you on the outdoor rooftop. I went to sit outside with my boyfriend and was confronted by a man that was rude and not friendly stating that ""NO ONE OTHER THAN A RESIDENT CAN BE UP HERE"". That's fine, and given the circumstances I understand - but have your staff on the same page and not giving out conflicting information.

Plus side is that though the information they give out conflicts that of other staff members, the concierge downstairs are very helpful and nice.",Neutral
gAsjC9cl8mG5MS_EFzttUA,"I love this spot! I took my mom here on one of the coldest nights of the year (oops!) but was so mesmerized by the little heated huts that I had to try it out. Each hut has two floor heaters so it's really not that cold, especially if you don't mind keeping your coat on. The food was delicious as well. We started off with the Toma Celena Hygee Board, which did not disappoint. I ordered the fried chicken bites and french fries, paired with the Seasonal Punch. Even though it was tasty, I highly recommend ordering their warm cocktails in the winter months though, especially if you're eating outside. My mom had the mulled wine and lasagna. Great service and felt totally safe. Hope to visit again soon!",Positive
gSLp4iYCuyG2HAZVyn0D-Q,"We stopped in around 10am on a Sunday. Several people waiting outside. We walked in and ordered 2 toasted bagels with cc. They asked us to wait outside and would call our names. After 15 min and people before us still waiting, I went inside to ask about our order. Several orders were sitting there with ours being one of them now cold.  Bagels were alright but customer service has several opportunities for improvement.",Negative
HciqVm_193AUC3olHVTe0Q,"Located on 9th Street in the Italian Market.
A vegan red that sits right next to the House of Pork.
Lol! I was very surprised by how much that ""chicken"" cheesesteak was so good I didn't miss the meat.
It was fresh and flavorful! I will definitely be going back.",Positive
QgYFte3IEU_QwlSmM74mWw,"Just read they denied service to a Philadelphia Police Officer working the second half of a double shift, keeping us safe, simply because he is a LEO.
Word travels fast, Dunkin' Doughnuts, and my family will NEVER darken the door of one of your outlets again.  Truth be told, I always thought your food and coffe were garbage to begin with, but now I have an Ace card to stop anyone else in my family from patronizing your loathesome establishment.",Neutral
rGUIvQobtgME0Cq4y_IzSw,"OMG! I was looking for a late night taco spot to get some good food that would be able to cater to different dietary restrictions And this place hit the mark. We ordered chicken quesadillas, mushroom tacos, chicken tacos, and an order of guacamole and chips and everything was just fantastic! The food was fresh the staff was nice and I overall had a good takeout ordering experience. If you're planning to go make sure you order the guacamole it's so worth it and the prices were pretty average as well. I will definitely visit again especially once were off of quarantine.",Positive
-Q3KILKjiR-pc-1W1yhPAQ,"Ordered delivery recently and was generally underwhelmed. I've ordered from here in years past and the food has always been pretty good. The best in Philly? Not close. But a decent option that will suffice. The restaurant is nice and not like those fast food corner spots you often find in the city. 
Not sure if it is due to the pandemic but our food simply wasn't delicious. We ordered General Tso chicken, shrimp with noodles and duck stir fry. None of it was great. The meat was dry and to sweet. Flavors lacked complexity which we usually look forward to in Chinese food. Maybe I am spoiled by my favorite Chinese food place in DC. 
Needless to say, we won't be ordering from here again. I'll take my chances with picking up from father away if the food will taste better.",Neutral
OBqVTvHh76iEWqLsUuOz2w,"Never again! As if moving isn't stressful enough especially when you're moving out of state. Uhual was happy to add to that stress.
Reserved a truck over a month in advance at this location. Got a call the day before our move that the location we preferred didn't have any trucks and we would have to drive 45 minutes away to another location. Frustrating, but okay. Might have been less frustrating if the people working here and the regional office didn't have ""it is what it is"" attitude.
Luckily we have a car so we will drive 45 minutes out of the way, no problem. Let's be clear though, there are a lot of people in the city that don't own cars and rely on a quick Uber ride or public transportation. If I had to dish out money for a 45 minute Uber right the day of moving I'd be even more pissed.
So we call the next location to confirm only to find their phones aren't in service. So then we call uhual customer service to see if they can confirm the pickup - nope. Zero help - ""not sure what to tell ya. Just wait for them to call you to confirm"". We are driving out of state - not what I want to hear.
Well, we finally got through to Uhual in Media hours later to hear ""we don't know why they told you to come here. We don't have any trucks available."" LOL (let me be clear - this was the nicest person working for uhual - my issue is not with this location).
So, I called Budget even though it said they were sold out of everything online, but with much better customer service they were able to find us a truck last minute. They had much better communication which is what you want when you're dishing out $600+ and moving in less than 24 hours.
I will never use uhual again. Horrible communication and terrible customer service. People here will roll their eyes and say ""well what do you want me to do about it"" - I don't know? Honor a reservation from over a month ago? BYE!",Negative
gAmXKxQu4xRZ01_xBfNEiA,"I ordered takeout a few months ago and had a great experience. Tonight I ordered takeout again and got about have of the serving size that I received previously - super frustrating.  

The food tastes good, but why am I overpaying first half the portion size I can get somewhere else?",Negative
cJIDEXA9oJMA6165RS1PLg,"Went tonight for restaurant week! Great food, great service! Tess was our server! So nice & accomadating! Really cool vibe!! Try it!",Positive
Zs-I2mWWO-KisxZcbt31jg,"This is just a cool experience from start to finish. When you arrive to the restaurant, you walk down a flight of steps, as the restaurant is underground! Walking down the hallway into the main room, everything just screams old-school Italian (colors, wall paper, paintings, furniture, texture.) 

This is a great place for summer or fall dinner - just an extremely cozy atmosphere. 

Everything on their menu is solid, but a really cool feature is that they bring the specials out on a cart to showcase to you.",Positive
oDEA8RCfjwGlRuedvoxnjA,So we called ahead to see if dine in was available and drove almost 45 minutes to come here at Dim Sum. We got here around 8:20pm and they told us they won't serve us since they are really busy with online orders. The person we spoke to was absolutely rude and turned us away. We tired explaining to him that we called ahead twice and both times they said to come by but he wasn't having it. I will never come to this place ever again . This was an absolute embarrassment.,Negative
iePMaVfWZ-c92o37ysdQIw,"Got take out from here last weekend during the time of COVID. Food was excellent! Service was a bit slow but that was just because they were super busy. 

Called to place an order for dinner for take out on a Saturday. Called by 5 or so and they were already out of Satay and goat which was sad! Ordered a Nasi campur with beef randang and collard greens and cendol. A hefty helping of food for not much money at all! Beef was super tender and delicious. Mix of spices was great. The collard greens came in coconut curry/sauce and were great. Tender and not bitter at all. Everything was also not super salty. The cendol was different but delicious as well. Nice mix of flavors and not super sweet like bubble tea. Straw they gave with it was way to small to eat the little jellies at the bottom. 

Service was a bit spotty. When I went to pick up the food there were at least 10 people waiting outside. No one would answer the door if you knocked or answer the phone if you call. Someone finally came out 10min later and gave me my food. They were super busy (she actually said they were unable to take any further orders at the time) but it would have been nice if they had a better system, since it seems like its always like this. 

Excellent Indonesian food (for sure the best I've had in philly). Service was a bit eh, but I'm glad they're staying busy during COVID. Check them out for sure!",Positive
usNVr7dx7fNMq-FcKX8yFA,"We purchased city pass and decided to give this zoo a try. We had prepaid parking for the garage - it was easy to just park and start walking. It's a less than 5 mins walk from garage to the zoo. We went for 10am slot where the garage had plentiful of parking spaces available. 

As soon as you enter there is restroom and a mobile rider rental. Restrooms were clean and almost around every few blocks which is very convenient. The animals in the zoo looked well fed. The only regret we had was many exhibits were closed.",Neutral
rkf2uIKjrk0QzPAXzOhYUQ,"This little hole in the wall is as grungy as it gets, but you won't find a better cheese steak in Filly, the term 'looks can be deceiving' definitely applies here. It's a working class establishment, that's why it's off the beaten path, but if you do something exceptional, who cares what the place looks like.",Neutral
qBj9CnBGcQLUBNCd9cDoLw,"This was a surprise find.  We were just driving by this area when we decided to stop for a bite to eat.  We googled places to eat near our location, Yiro Yiro happened to come up.  We love greek food and decided to give this place a try.  Wow, it did not disappoint, Everything we had was delicious and fresh.   We had the chicken skewers, one with the spicy tzatziki sauce and the regular, both were amazing.  The chicken was tender and juicy.  The rice had nice flavor and was cooked to perfection as well as the grape leaves.  We will have to come back to this place and try the yogurt which looked delicious, we had no room for dessert being the platters were huge.  Can't wait to come back to this special little find.  Really would like to add the service and the people working at this place were super nice.",Positive
jUBZYvqfS_7E9s4KdwE1cw,"Yeah that pastrami sandwich is real good. At first when I ordered it and saw the small-ish pieces of bread they put down on the counter, I thought I would be disappointed. But they really layer on the meat, and the sandwich is huge. I ended up splitting the sandwich and it was flavorful, greasy, and delicious. I do wish there was some type of sauce to add to it, but I don't like mustard so that's my fault. I just had meat and cheese and it was delicious. Great flavor, big, meaty, and tasty. I don't even like sandwiches but I thoroughly enjoyed this one.",Positive
KUKN8JazQbxMOPCs3pQJ5w,"Cute and quaint spot for coffee and tea. We stopped here for a beverage break after a little tour of Philadelphia. The service was quick, and the drinks were good.",Neutral
nyRMSfAEmdL9xwvhd-kKQQ,"Just to preface: I am a bit of a snob when it comes to sushi. In an ideal world, omakase and nigiri all day everyday but COVID got a sister changing her ways. We dropped by for takeout and I realized that Vic is better as a roll place, not so much for sushi/nigiri/sashimi. We ordered the three roll special (Alaska, eel, and spicy tuna), a specialty roll I forgot but it featured white seaweed, and sashimi. The rolls were good but nothing spectacular - rice fell apart quickly, etc. They were affordable at $12-13 for 3 of them. The sashimi cuts were a let down (and IMO really tells you the quality of their fish selection and overall execution- even affordable places can have wonderful sashimi). It was clear that everything was previously frozen as there was a freezer taste to it, even the salmon, which was surprising. That said, it's a decent find but not one I plan to return to soon. Would I recommend? Maybe if you're a roll person, but not so much if you're a bit more advanced.",Positive
9VZrk9M--ZNEaUD-iM_fLg,"I had a corned beef reuben and it was really good.  The matzo ball soup was also really good, really strong, and it was just what the doctor ordered because it was cold and rainy outside and I was starting to come down with what turned out later to be pneumonia.

And, they have cel-ray!   That was probably the clincher for me as far as the fifth star goes.  Eating a sandwich this good without a cel-ray would be really sad.

For a long time, I said I was never giving a Jewish deli 5 stars unless it was as good as the original Goodman's on Elmora Avenue in Elizabeth, NJ (which no deli ever will be I'm quite sure).  But I decided that's not fair at all because it's an impossibly high standard to meet.

I sat at the counter and got great service from a very friendly guy who was on top of everything no matter how busy they got. 

As I've said in other reviews, the Jewish deli scene in NYC is pretty sad these days, especially in Manhattan, so I really appreciate a place that still cares and does it right.",Neutral
PVwO_Y_q85WBb3rJYwvi7Q,"I more or less stumbled upon Aldo Lamberti Trattoria in Philadelphia's international airport after a flight. During COVID-19 quite a few options are closed so I decided to get some food where I could before my next flight. I'm sure glad I did.

I was skeptical at the food at first, as it's airport food, however don't let that keep you away. The food is delicious and of really good quality. I have gotten some slices of pizza here, both cheese and veggie which were very good. I also have had a eggplant parm stack that was absolutely delicious. The eggplant is spot on. 

The line moves quickly and the people are nice. They have a sanitizing station as well as some condiments towards the end of the line. I absolutely will not hesitate to come here again.",Positive
mAk7yKgwmQ290p2WfLNroA,"Solid, locally owned spot with a killer three roll special deal.

Whenever you want sushi but don't want to break the bank getting it, Vic's is where to go. I've tried their spicy salmon, spicy tuna, shrimp tempura, Alaska (salmon and avocado), and regular salmon and tuna rolls and everything has been fresh and fantastic. They're fast and usually have everything ready for you in 20 minutes or less.

Limited indoor seating because it's a small place but great for pickup! No frills, clean, fresh, fast sushi.",Neutral
1esBNVAxl99jQTvrS0gZSg,"This place books up fast! And now I can see why. My friends and I had a late night reservation. We had a table inside and felt very safe with dividers in between each table and the restaurant had an open concept.
First off drinks were pretty fantastic! I got the daily Puerto Rico punch (something about strawberry and passion fruit) very delicious. 
It was late night so we decided to try a bunch of different things. My friends who are vegan and vegetarian were so excited to try everything! We ended up getting the beef nachos, beef empanadas, Spanish meatballs with bread and yuca fries. I am not vegan and wasn't sure how the food will taste since I'm love meat but wow! I'm blown away at the flavors in each dish. My favorites had to be the beef empanadas (even though it's a bit pricey for 2 small empanadas) and the nachos. The meatballs were good too but the texture was a little weird for me.
My friends for the tres leches coconut cake and raspberry hazelnut dessert to go! I had a bite of the tres leches cake and it's divine! Yum def. Pricey for the food but def. Worth it especially for vegan/vegetarians!",Positive
Tt3upU55cn3NiJ04bzFDSg,"Located in south Philly, John's Roast Pork has been a Philadelphia institution for the past 20 years. Established in 1930, this family-run restaurant is currently run by John Bucci Jr., the third generation owner. This restaurant is old school, only taking cash, and has strange hours so make sure it's open before making the drive. During COVID-19, customers have to call in advance to place their order. Because the restaurant is so famous, recognized by the James Beard Foundation in 2006 as an ""American Classic,"" the process of calling to place your order is very hectic. Most of the time, they do not pick up their phone as the line is always busy. It can take over 20 attempts to finally reach a worker to place your order, but luckily, the hassle is worth it.

Although Roast Pork is in their name, they are just as famous for their cheesesteaks as they are for their roast pork sandwiches. I ordered their roast pork sandwich with spinach and sharp cheddar and their cheesesteak with white american cheese, the way John Bucci Jr. recommends. Firstly, both sandwiches were extremely fresh and were ready exactly at my assigned pick up time. For the roast pork, the sandwich was stuffed to the brim with surprisingly juicy and flavorful meat. I expected it to be much drier than it was. The sharp cheddar added a nice kick to the sandwich, and the spinach cut the fat of the meat well. The sesame seed was also excellent as the seeds provided a change to the otherwise monotonous texture of both sandwiches. Overall, this sandwich is quite excellent and really surprised me by how good it was. I personally believe it is worth the hype.

Now let's talk cheesesteak! This sandwich is jam packed with steak, onions, and cheese. There must have been at least five slices of cheese which is great for cheese lovers, but I personally think there was too much cheese. Although there is a lot of fried onions, they provide a nice sweetness that improves the overall flavor of the cheesesteak. This sandwich is really delicious, but compared to other Philadelphia cheesesteaks, it is on the heavier side. While the sandwich is quite good and is definitely a must try if you go on a cheesesteak tour, I much prefer the roast pork sandwich.

In conclusion, John's Roast Pork is a must try spot for any food lover visiting Philadelphia. If you go during the pandemic, the ordering process is a bit stressful and confusing, so I would recommend calling early and often until you reach the staff and place your order. Don't give up on calling them (as I almost did after many attempts) because the food and overall experience is worth it.

Freshbite.org",Positive
ABxiwfTZe-wyHyhFWJz1jQ,"Thankfully I was staying right by the Philadelphia location. Even though as have Dr Martens  shoe store in Beijing they don't have the selection the Philadelphia store has .  I love my shoes . I opted for a bigger size . I had been looking for months but couldn't find a pair I liked in China . 
 Thanks again for your great service . Fantastic shows that were easy to break in",Positive
fk_Kazz3DJ3zOi47ErBLyw,"ASK FOR RYAN AS YOUR SERVER! He was so very nice and patient with us as we tried to figure out what we wanted to eat. The bread basket was dropped off as we sat down and the drinks were quick to arrive, as well as delicious! I got the Pampelmousse with the macaroni, which were both so good. Macaroni put me in a food coma! My friend got the cider drink with an omelette that she seemed to enjoy. As well. An amazing find on a rainy afternoon.",Positive
