{
"type": "FeatureCollection",
"name": "interactive_demographics_merged",
"crs": { "type": "name", "properties": { "name": "urn:ogc:def:crs:OGC:1.3:CRS84" } },
"features": [
{ "type": "Feature", "properties": { "ZCTA5CE20": "19102", "TFID": 216589835, "STATEFP20": "42", "COUNTYFP20": "101", "TRACTCE20": "000300", "BLKGRPCE20": "3", "BLOCKCE20": "3002", "SUFFIX1CE": null, "UACE20": "69076", "PUMACE20": "03230", "STATEFP": "42", "COUNTYFP": "101", "TRACTCE": "000300", "BLKGRPCE": "3", "COUSUBFP": "60000", "SUBMCDFP": null, "ESTATEFP": null, "CONCTYFP": null, "PLACEFP": "60000", "AIANNHFP": null, "AIANNHCE": null, "COMPTYP": null, "TRSUBFP": null, "TRSUBCE": null, "ANRCFP": null, "TTRACTCE": null, "TBLKGPCE": null, "ELSDLEA": null, "SCSDLEA": null, "UNSDLEA": "18990", "SDADMLEA": null, "CD118FP": "03", "SLDUST": "001", "SLDLST": "181", "CSAFP": "428", "CBSAFP": "37980", "METDIVFP": "37964", "LWFLAG": "L", "OFFSET": "N", "ATOTAL": 1113, "INTPTLAT": "+39.9582309", "INTPTLON": "-75.1661277", "DP04_DP04_0001E_x": "4606", "DP04_DP04_0002E_x": "4057", "DP04_DP04_0003E_x": "549", "DP04_DP04_0089E_x": "412200", "DP04_DP04_0126E_x": "3201", "DP04_DP04_0134E_x": "2249", "DP04_DP04_0001E_y": "4606", "DP04_DP04_0002E_y": "4057", "DP04_DP04_0003E_y": "549", "DP04_DP04_0089E_y": "412200", "DP04_DP04_0126E_y": "3201", "DP04_DP04_0134E_y": "2249", "DP03_DP03_0002E": "4561", "DP03_DP03_0007E": "1293", "DP03_DP03_0062E": "114844", "DP03_DP03_0063E": "170695", "DP03_DP03_0064E": "3583", "DP03_DP03_0086E": "218500", "DP03_DP03_0087E": "283141", "DP03_DP03_0088E": "116576", "DP03_DP03_0119PE": "2.3", "DP02_DP02_0001E": "4057", "DP02_DP02_0016E": "1.38", "DP02_DP02_0017E": "2.04", "DP02_DP02_0053E": "1186", "DP02_DP02_0059E": "5081", "DP02_DP02_0067E": "5000", "DP02_DP02_0068E": "4406", "DP1_DP1_0001C": "7568", "DP1_DP1_0025C": "3653", "DP1_DP1_0049C": "3915", "DP1_DP1_0076C": "7568", "DP1_DP1_0084C": "546" }, "geometry": { "type": "Polygon", "coordinates": [ [ [ -75.167659, 39.945412 ], [ -75.168102, 39.945468 ], [ -75.168443, 39.945524 ], [ -75.168421, 39.945591 ], [ -75.168339, 39.94596 ], [ -75.168301, 39.946134 ], [ -75.168415, 39.946155 ], [ -75.168647, 39.946183 ], [ -75.168632, 39.946264 ], [ -75.168574, 39.946545 ], [ -75.168534, 39.94654 ], [ -75.168514, 39.94663 ], [ -75.168542, 39.946634 ], [ -75.168465, 39.947076 ], [ -75.168455, 39.947163 ], [ -75.168087, 39.94712 ], [ -75.16803, 39.947386 ], [ -75.168596, 39.947458 ], [ -75.16859, 39.947544 ], [ -75.168494, 39.94798 ], [ -75.168531, 39.947984 ], [ -75.168512, 39.948079 ], [ -75.168351, 39.948059 ], [ -75.168344, 39.948088 ], [ -75.16827, 39.948079 ], [ -75.168244, 39.948194 ], [ -75.167868, 39.948149 ], [ -75.16777, 39.948605 ], [ -75.167689, 39.948974 ], [ -75.169251, 39.949174 ], [ -75.169207, 39.949391 ], [ -75.167634, 39.949235 ], [ -75.167517, 39.949744 ], [ -75.167429, 39.950156 ], [ -75.167354, 39.950509 ], [ -75.167297, 39.950769 ], [ -75.167195, 39.951263 ], [ -75.167068, 39.951836 ], [ -75.166991, 39.952181 ], [ -75.166857, 39.952779 ], [ -75.166616, 39.953798 ], [ -75.166492, 39.954272 ], [ -75.166365, 39.954816 ], [ -75.167803, 39.955935 ], [ -75.167597, 39.956841 ], [ -75.167393, 39.957753 ], [ -75.167301, 39.958166 ], [ -75.167281, 39.958259 ], [ -75.167233, 39.958431 ], [ -75.167118, 39.958408 ], [ -75.165658, 39.95823 ], [ -75.165638, 39.958311 ], [ -75.16561, 39.95843 ], [ -75.165587, 39.958523 ], [ -75.165521, 39.958839 ], [ -75.16544, 39.959235 ], [ -75.165418, 39.959357 ], [ -75.165374, 39.9596 ], [ -75.165295, 39.960012 ], [ -75.163711, 39.959815 ], [ -75.16209, 39.959607 ], [ -75.162025, 39.959589 ], [ -75.161959, 39.959571 ], [ -75.162058, 39.959101 ], [ -75.162118, 39.958821 ], [ -75.162175, 39.958547 ], [ -75.162293, 39.958058 ], [ -75.162319, 39.95793 ], [ -75.162339, 39.957825 ], [ -75.16236, 39.957719 ], [ -75.162374, 39.957645 ], [ -75.162688, 39.956227 ], [ -75.162886, 39.955329 ], [ -75.163093, 39.9544 ], [ -75.163192, 39.953914 ], [ -75.163323, 39.953355 ], [ -75.1634, 39.953366 ], [ -75.163918, 39.953436 ], [ -75.165063, 39.953608 ], [ -75.165226, 39.952576 ], [ -75.165299, 39.952284 ], [ -75.165244, 39.952 ], [ -75.16518, 39.951884 ], [ -75.165055, 39.95181 ], [ -75.164896, 39.951759 ], [ -75.164716, 39.951723 ], [ -75.164534, 39.951694 ], [ -75.164361, 39.951669 ], [ -75.164194, 39.951643 ], [ -75.163996, 39.951625 ], [ -75.163917, 39.951564 ], [ -75.163877, 39.95152 ], [ -75.163871, 39.951495 ], [ -75.163937, 39.951201 ], [ -75.164011, 39.950876 ], [ -75.164174, 39.950113 ], [ -75.164252, 39.949771 ], [ -75.16426, 39.949737 ], [ -75.164338, 39.949346 ], [ -75.164468, 39.948733 ], [ -75.164579, 39.948216 ], [ -75.164752, 39.947424 ], [ -75.164845, 39.946999 ], [ -75.164937, 39.946637 ], [ -75.165003, 39.946311 ], [ -75.165017, 39.94624 ], [ -75.165025, 39.9462 ], [ -75.16503, 39.946176 ], [ -75.165153, 39.945557 ], [ -75.16608, 39.945673 ], [ -75.166174, 39.945231 ], [ -75.166872, 39.945321 ], [ -75.167218, 39.945365 ], [ -75.16731, 39.945377 ], [ -75.167659, 39.945412 ] ] ] } },
{ "type": "Feature", "properties": { "ZCTA5CE20": "19103", "TFID": 216589798, "STATEFP20": "42", "COUNTYFP20": "101", "TRACTCE20": "012502", "BLKGRPCE20": "5", "BLOCKCE20": "5008", "SUFFIX1CE": null, "UACE20": "69076", "PUMACE20": "03230", "STATEFP": "42", "COUNTYFP": "101", "TRACTCE": "012502", "BLKGRPCE": "5", "COUSUBFP": "60000", "SUBMCDFP": null, "ESTATEFP": null, "CONCTYFP": null, "PLACEFP": "60000", "AIANNHFP": null, "AIANNHCE": null, "COMPTYP": null, "TRSUBFP": null, "TRSUBCE": null, "ANRCFP": null, "TTRACTCE": null, "TBLKGPCE": null, "ELSDLEA": null, "SCSDLEA": null, "UNSDLEA": "18990", "SDADMLEA": null, "CD118FP": "03", "SLDUST": "001", "SLDLST": "195", "CSAFP": "428", "CBSAFP": "37980", "METDIVFP": "37964", "LWFLAG": "L", "OFFSET": "N", "ATOTAL": 11274, "INTPTLAT": "+39.9595576", "INTPTLON": "-75.1710449", "DP04_DP04_0001E_x": "20064", "DP04_DP04_0002E_x": "17206", "DP04_DP04_0003E_x": "2858", "DP04_DP04_0089E_x": "551700", "DP04_DP04_0126E_x": "11228", "DP04_DP04_0134E_x": "1955", "DP04_DP04_0001E_y": "20064", "DP04_DP04_0002E_y": "17206", "DP04_DP04_0003E_y": "2858", "DP04_DP04_0089E_y": "551700", "DP04_DP04_0126E_y": "11228", "DP04_DP04_0134E_y": "1955", "DP03_DP03_0002E": "17339", "DP03_DP03_0007E": "7086", "DP03_DP03_0062E": "97940", "DP03_DP03_0063E": "159256", "DP03_DP03_0064E": "13557", "DP03_DP03_0086E": "186591", "DP03_DP03_0087E": "262108", "DP03_DP03_0088E": "106192", "DP03_DP03_0119PE": "5.9", "DP02_DP02_0001E": "17206", "DP02_DP02_0016E": "1.46", "DP02_DP02_0017E": "2.32", "DP02_DP02_0053E": "4041", "DP02_DP02_0059E": "21949", "DP02_DP02_0067E": "21546", "DP02_DP02_0068E": "17791", "DP1_DP1_0001C": "28717", "DP1_DP1_0025C": "13224", "DP1_DP1_0049C": "15493", "DP1_DP1_0076C": "28717", "DP1_DP1_0084C": "1786" }, "geometry": { "type": "Polygon", "coordinates": [ [ [ -75.180084, 39.947151 ], [ -75.180079, 39.947176 ], [ -75.180383, 39.947209 ], [ -75.18043, 39.947007 ], [ -75.180575, 39.947025 ], [ -75.180548, 39.947227 ], [ -75.180706, 39.947248 ], [ -75.180872, 39.94724 ], [ -75.181221, 39.947286 ], [ -75.181432, 39.947314 ], [ -75.181502, 39.947343 ], [ -75.181594, 39.947381 ], [ -75.181707, 39.947396 ], [ -75.181729, 39.9473 ], [ -75.18214, 39.94735 ], [ -75.182403, 39.947383 ], [ -75.182511, 39.947396 ], [ -75.182505, 39.947421 ], [ -75.182486, 39.947506 ], [ -75.182644, 39.947527 ], [ -75.182717, 39.947525 ], [ -75.182798, 39.947522 ], [ -75.183296, 39.947593 ], [ -75.183246, 39.947803 ], [ -75.183221, 39.947801 ], [ -75.182676, 39.947745 ], [ -75.182601, 39.947738 ], [ -75.182514, 39.948104 ], [ -75.182452, 39.948427 ], [ -75.181299, 39.948295 ], [ -75.181211, 39.948653 ], [ -75.181134, 39.949008 ], [ -75.182214, 39.949222 ], [ -75.182576, 39.949285 ], [ -75.182751, 39.949369 ], [ -75.183288, 39.949512 ], [ -75.181663, 39.951509 ], [ -75.180961, 39.952883 ], [ -75.180909, 39.952982 ], [ -75.180223, 39.954472 ], [ -75.179921, 39.955341 ], [ -75.179889, 39.955436 ], [ -75.179873, 39.955509 ], [ -75.179768, 39.955993 ], [ -75.17972, 39.956164 ], [ -75.179611, 39.956506 ], [ -75.179327, 39.95738 ], [ -75.179126, 39.958004 ], [ -75.179897, 39.959928 ], [ -75.179914, 39.959972 ], [ -75.179937, 39.960028 ], [ -75.179415, 39.959953 ], [ -75.179242, 39.959931 ], [ -75.179079, 39.959911 ], [ -75.178202, 39.959804 ], [ -75.177427, 39.959702 ], [ -75.177134, 39.959664 ], [ -75.175482, 39.959448 ], [ -75.174296, 39.959297 ], [ -75.173888, 39.959244 ], [ -75.173253, 39.95917 ], [ -75.172678, 39.959103 ], [ -75.172191, 39.959029 ], [ -75.172002, 39.959007 ], [ -75.171988, 39.959046 ], [ -75.17198, 39.959095 ], [ -75.171964, 39.959141 ], [ -75.17191, 39.959288 ], [ -75.171747, 39.960029 ], [ -75.17168, 39.960343 ], [ -75.171583, 39.960795 ], [ -75.170772, 39.960694 ], [ -75.170002, 39.960598 ], [ -75.170066, 39.960297 ], [ -75.169995, 39.960286 ], [ -75.169741, 39.960253 ], [ -75.168502, 39.960096 ], [ -75.168429, 39.9604 ], [ -75.167992, 39.960348 ], [ -75.166868, 39.960206 ], [ -75.166948, 39.959804 ], [ -75.165374, 39.9596 ], [ -75.165418, 39.959357 ], [ -75.16544, 39.959235 ], [ -75.165521, 39.958839 ], [ -75.165587, 39.958523 ], [ -75.16561, 39.95843 ], [ -75.165638, 39.958311 ], [ -75.165658, 39.95823 ], [ -75.167118, 39.958408 ], [ -75.167233, 39.958431 ], [ -75.167281, 39.958259 ], [ -75.167301, 39.958166 ], [ -75.167393, 39.957753 ], [ -75.167597, 39.956841 ], [ -75.167803, 39.955935 ], [ -75.166365, 39.954816 ], [ -75.166492, 39.954272 ], [ -75.166616, 39.953798 ], [ -75.166857, 39.952779 ], [ -75.166991, 39.952181 ], [ -75.167068, 39.951836 ], [ -75.167195, 39.951263 ], [ -75.167297, 39.950769 ], [ -75.167354, 39.950509 ], [ -75.167429, 39.950156 ], [ -75.167517, 39.949744 ], [ -75.167634, 39.949235 ], [ -75.169207, 39.949391 ], [ -75.169251, 39.949174 ], [ -75.167689, 39.948974 ], [ -75.16777, 39.948605 ], [ -75.167868, 39.948149 ], [ -75.168244, 39.948194 ], [ -75.16827, 39.948079 ], [ -75.168344, 39.948088 ], [ -75.168351, 39.948059 ], [ -75.168512, 39.948079 ], [ -75.168531, 39.947984 ], [ -75.168494, 39.94798 ], [ -75.16859, 39.947544 ], [ -75.168596, 39.947458 ], [ -75.16803, 39.947386 ], [ -75.168087, 39.94712 ], [ -75.168455, 39.947163 ], [ -75.168465, 39.947076 ], [ -75.168542, 39.946634 ], [ -75.168514, 39.94663 ], [ -75.168534, 39.94654 ], [ -75.168574, 39.946545 ], [ -75.168632, 39.946264 ], [ -75.168647, 39.946183 ], [ -75.168415, 39.946155 ], [ -75.168301, 39.946134 ], [ -75.168339, 39.94596 ], [ -75.168421, 39.945591 ], [ -75.169995, 39.945805 ], [ -75.171554, 39.946013 ], [ -75.173128, 39.946229 ], [ -75.173225, 39.946255 ], [ -75.173218, 39.946291 ], [ -75.173287, 39.9463 ], [ -75.173302, 39.946231 ], [ -75.173755, 39.94629 ], [ -75.173738, 39.94637 ], [ -75.173911, 39.946395 ], [ -75.173957, 39.946192 ], [ -75.174347, 39.946244 ], [ -75.174334, 39.9463 ], [ -75.174298, 39.946469 ], [ -75.174456, 39.946491 ], [ -75.17445, 39.946523 ], [ -75.1746, 39.94655 ], [ -75.174582, 39.94663 ], [ -75.174654, 39.94664 ], [ -75.174752, 39.946653 ], [ -75.174927, 39.946675 ], [ -75.174961, 39.946518 ], [ -75.17507, 39.946531 ], [ -75.175063, 39.946564 ], [ -75.175118, 39.946572 ], [ -75.175124, 39.946546 ], [ -75.17518, 39.946553 ], [ -75.175201, 39.946469 ], [ -75.175257, 39.946476 ], [ -75.175233, 39.946581 ], [ -75.175344, 39.946595 ], [ -75.175342, 39.946608 ], [ -75.1755, 39.946628 ], [ -75.175507, 39.946597 ], [ -75.175563, 39.946604 ], [ -75.175553, 39.946649 ], [ -75.175607, 39.946655 ], [ -75.175635, 39.946524 ], [ -75.175675, 39.946529 ], [ -75.175768, 39.946539 ], [ -75.175738, 39.946687 ], [ -75.175796, 39.946693 ], [ -75.175825, 39.946546 ], [ -75.176168, 39.94659 ], [ -75.176145, 39.946697 ], [ -75.176316, 39.946718 ], [ -75.176313, 39.946736 ], [ -75.176424, 39.946749 ], [ -75.176416, 39.946782 ], [ -75.176523, 39.946795 ], [ -75.176602, 39.946812 ], [ -75.176687, 39.94683 ], [ -75.176718, 39.946669 ], [ -75.177074, 39.94671 ], [ -75.177345, 39.946744 ], [ -75.177321, 39.946865 ], [ -75.177405, 39.946882 ], [ -75.177461, 39.946893 ], [ -75.177595, 39.94691 ], [ -75.177621, 39.946772 ], [ -75.177693, 39.94678 ], [ -75.17769, 39.946796 ], [ -75.17811, 39.946844 ], [ -75.178221, 39.946862 ], [ -75.178344, 39.946881 ], [ -75.178337, 39.946914 ], [ -75.178778, 39.946973 ], [ -75.178814, 39.946977 ], [ -75.178865, 39.946983 ], [ -75.17903, 39.947004 ], [ -75.179281, 39.947046 ], [ -75.179375, 39.947065 ], [ -75.179461, 39.947061 ], [ -75.180084, 39.947151 ] ] ] } },
{ "type": "Feature", "properties": { "ZCTA5CE20": "19104", "TFID": 216590253, "STATEFP20": "42", "COUNTYFP20": "101", "TRACTCE20": "011000", "BLKGRPCE20": "3", "BLOCKCE20": "3003", "SUFFIX1CE": null, "UACE20": "69076", "PUMACE20": "03227", "STATEFP": "42", "COUNTYFP": "101", "TRACTCE": "011000", "BLKGRPCE": "3", "COUSUBFP": "60000", "SUBMCDFP": null, "ESTATEFP": null, "CONCTYFP": null, "PLACEFP": "60000", "AIANNHFP": null, "AIANNHCE": null, "COMPTYP": null, "TRSUBFP": null, "TRSUBCE": null, "ANRCFP": null, "TTRACTCE": null, "TBLKGPCE": null, "ELSDLEA": null, "SCSDLEA": null, "UNSDLEA": "18990", "SDADMLEA": null, "CD118FP": "03", "SLDUST": "007", "SLDLST": "190", "CSAFP": "428", "CBSAFP": "37980", "METDIVFP": "37964", "LWFLAG": "L", "OFFSET": "N", "ATOTAL": 5607, "INTPTLAT": "+39.9757837", "INTPTLON": "-75.2091713", "DP04_DP04_0001E_x": "23888", "DP04_DP04_0002E_x": "19948", "DP04_DP04_0003E_x": "3940", "DP04_DP04_0089E_x": "268200", "DP04_DP04_0126E_x": "16210", "DP04_DP04_0134E_x": "1329", "DP04_DP04_0001E_y": "23888", "DP04_DP04_0002E_y": "19948", "DP04_DP04_0003E_y": "3940", "DP04_DP04_0089E_y": "268200", "DP04_DP04_0126E_y": "16210", "DP04_DP04_0134E_y": "1329", "DP03_DP03_0002E": "27548", "DP03_DP03_0007E": "20574", "DP03_DP03_0062E": "39526", "DP03_DP03_0063E": "59711", "DP03_DP03_0064E": "15026", "DP03_DP03_0086E": "55295", "DP03_DP03_0087E": "85019", "DP03_DP03_0088E": "23493", "DP03_DP03_0119PE": "23.9", "DP02_DP02_0001E": "19948", "DP02_DP02_0016E": "1.98", "DP02_DP02_0017E": "3.00", "DP02_DP02_0053E": "29256", "DP02_DP02_0059E": "24927", "DP02_DP02_0067E": "22310", "DP02_DP02_0068E": "11681", "DP1_DP1_0001C": "56839", "DP1_DP1_0025C": "27660", "DP1_DP1_0049C": "29179", "DP1_DP1_0076C": "56839", "DP1_DP1_0084C": "3429" }, "geometry": { "type": "Polygon", "coordinates": [ [ [ -75.2122, 39.947794 ], [ -75.212262, 39.947845 ], [ -75.21234, 39.94781 ], [ -75.212503, 39.947952 ], [ -75.212585, 39.947893 ], [ -75.212693, 39.947983 ], [ -75.21253, 39.948097 ], [ -75.212683, 39.948226 ], [ -75.212275, 39.948543 ], [ -75.212578, 39.948798 ], [ -75.21292, 39.949065 ], [ -75.21349, 39.949009 ], [ -75.213228, 39.950355 ], [ -75.21319, 39.95045 ], [ -75.213065, 39.951046 ], [ -75.213029, 39.951112 ], [ -75.212979, 39.951203 ], [ -75.212921, 39.951487 ], [ -75.212768, 39.951469 ], [ -75.212704, 39.95178 ], [ -75.21288, 39.951802 ], [ -75.212866, 39.951869 ], [ -75.212838, 39.952004 ], [ -75.212791, 39.952228 ], [ -75.21336, 39.9523 ], [ -75.213332, 39.952462 ], [ -75.213195, 39.953 ], [ -75.21217, 39.952874 ], [ -75.212159, 39.952953 ], [ -75.212082, 39.953305 ], [ -75.212557, 39.953371 ], [ -75.212462, 39.953816 ], [ -75.212399, 39.954156 ], [ -75.212383, 39.954244 ], [ -75.21244, 39.954251 ], [ -75.212374, 39.954565 ], [ -75.212475, 39.954578 ], [ -75.212408, 39.954895 ], [ -75.211766, 39.954813 ], [ -75.211677, 39.95524 ], [ -75.211592, 39.95565 ], [ -75.211519, 39.956 ], [ -75.211974, 39.956055 ], [ -75.211963, 39.956135 ], [ -75.211905, 39.956415 ], [ -75.211551, 39.95637 ], [ -75.211457, 39.956314 ], [ -75.211356, 39.95676 ], [ -75.211341, 39.956846 ], [ -75.211207, 39.957506 ], [ -75.211482, 39.95754 ], [ -75.211342, 39.958313 ], [ -75.213017, 39.958518 ], [ -75.214018, 39.958643 ], [ -75.213673, 39.96003 ], [ -75.212043, 39.959789 ], [ -75.21201, 39.959858 ], [ -75.211781, 39.960339 ], [ -75.211565, 39.960825 ], [ -75.211541, 39.960878 ], [ -75.213402, 39.961154 ], [ -75.21306, 39.962577 ], [ -75.213015, 39.962659 ], [ -75.213171, 39.963891 ], [ -75.213228, 39.964331 ], [ -75.212765, 39.964366 ], [ -75.212163, 39.964411 ], [ -75.212171, 39.964489 ], [ -75.212202, 39.96475 ], [ -75.21228, 39.96475 ], [ -75.212831, 39.964713 ], [ -75.212885, 39.965162 ], [ -75.212448, 39.96519 ], [ -75.212258, 39.965218 ], [ -75.212297, 39.965543 ], [ -75.212566, 39.965524 ], [ -75.212722, 39.966632 ], [ -75.212548, 39.966645 ], [ -75.212593, 39.967009 ], [ -75.213163, 39.96696 ], [ -75.21319, 39.967166 ], [ -75.213581, 39.967133 ], [ -75.21365, 39.967696 ], [ -75.212689, 39.967767 ], [ -75.212722, 39.968042 ], [ -75.213034, 39.968015 ], [ -75.213052, 39.968148 ], [ -75.213054, 39.968175 ], [ -75.213059, 39.968231 ], [ -75.213098, 39.968529 ], [ -75.213143, 39.968881 ], [ -75.21317, 39.969087 ], [ -75.21286, 39.969112 ], [ -75.212895, 39.969382 ], [ -75.21264, 39.969536 ], [ -75.212718, 39.969583 ], [ -75.212656, 39.969644 ], [ -75.212069, 39.970211 ], [ -75.212401, 39.970413 ], [ -75.212462, 39.970739 ], [ -75.21252, 39.970775 ], [ -75.212767, 39.970934 ], [ -75.212843, 39.971321 ], [ -75.213131, 39.971287 ], [ -75.213145, 39.971358 ], [ -75.213281, 39.972065 ], [ -75.21369, 39.97202 ], [ -75.213886, 39.973054 ], [ -75.212821, 39.973174 ], [ -75.212211, 39.973242 ], [ -75.212421, 39.973983 ], [ -75.212614, 39.974721 ], [ -75.213009, 39.976138 ], [ -75.213121, 39.976545 ], [ -75.213305, 39.977217 ], [ -75.213469, 39.977791 ], [ -75.211289, 39.976983 ], [ -75.210357, 39.976636 ], [ -75.209321, 39.97625 ], [ -75.208598, 39.975981 ], [ -75.207891, 39.975717 ], [ -75.206907, 39.975353 ], [ -75.206625, 39.975247 ], [ -75.204362, 39.974417 ], [ -75.20372, 39.974182 ], [ -75.203153, 39.974245 ], [ -75.201737, 39.974394 ], [ -75.199505, 39.974646 ], [ -75.198993, 39.974701 ], [ -75.198809, 39.974722 ], [ -75.198397, 39.974768 ], [ -75.198268, 39.974782 ], [ -75.195755, 39.975063 ], [ -75.195561, 39.975085 ], [ -75.195411, 39.975102 ], [ -75.194993, 39.975151 ], [ -75.194897, 39.975162 ], [ -75.194661, 39.975186 ], [ -75.19464, 39.975189 ], [ -75.194609, 39.975192 ], [ -75.194404, 39.975213 ], [ -75.194231, 39.975231 ], [ -75.193975, 39.975259 ], [ -75.193724, 39.975285 ], [ -75.193731, 39.975114 ], [ -75.193055, 39.973852 ], [ -75.191012, 39.970034 ], [ -75.188514, 39.968408 ], [ -75.184976, 39.966129 ], [ -75.183853, 39.964935 ], [ -75.183368, 39.96442 ], [ -75.183323, 39.964374 ], [ -75.183243, 39.964262 ], [ -75.181679, 39.962099 ], [ -75.181601, 39.962006 ], [ -75.180895, 39.961167 ], [ -75.180035, 39.960145 ], [ -75.18001, 39.960117 ], [ -75.179937, 39.960028 ], [ -75.179914, 39.959972 ], [ -75.179897, 39.959928 ], [ -75.179126, 39.958004 ], [ -75.179327, 39.95738 ], [ -75.179611, 39.956506 ], [ -75.17972, 39.956164 ], [ -75.179768, 39.955993 ], [ -75.179873, 39.955509 ], [ -75.179889, 39.955436 ], [ -75.179921, 39.955341 ], [ -75.180223, 39.954472 ], [ -75.180909, 39.952982 ], [ -75.180961, 39.952883 ], [ -75.181663, 39.951509 ], [ -75.183288, 39.949512 ], [ -75.184259, 39.948904 ], [ -75.185155, 39.948386 ], [ -75.185634, 39.948021 ], [ -75.187141, 39.947222 ], [ -75.187231, 39.947176 ], [ -75.187304, 39.947123 ], [ -75.188299, 39.946409 ], [ -75.18872, 39.946108 ], [ -75.191452, 39.943199 ], [ -75.191495, 39.943153 ], [ -75.191559, 39.943128 ], [ -75.192676, 39.942679 ], [ -75.193709, 39.942265 ], [ -75.193872, 39.9421 ], [ -75.193985, 39.942154 ], [ -75.194463, 39.942156 ], [ -75.194971, 39.942191 ], [ -75.195234, 39.942217 ], [ -75.195646, 39.942305 ], [ -75.195944, 39.942392 ], [ -75.196871, 39.94273 ], [ -75.19979, 39.943825 ], [ -75.20017, 39.943956 ], [ -75.20037, 39.943991 ], [ -75.200639, 39.944011 ], [ -75.200949, 39.943998 ], [ -75.201315, 39.943977 ], [ -75.201797, 39.943915 ], [ -75.20237, 39.943798 ], [ -75.203156, 39.943591 ], [ -75.203618, 39.943335 ], [ -75.203922, 39.943149 ], [ -75.204149, 39.942991 ], [ -75.204326, 39.942835 ], [ -75.204577, 39.942549 ], [ -75.204756, 39.942287 ], [ -75.204901, 39.942046 ], [ -75.205005, 39.941804 ], [ -75.205087, 39.941508 ], [ -75.205185, 39.941116 ], [ -75.205286, 39.941131 ], [ -75.205878, 39.941185 ], [ -75.206081, 39.941204 ], [ -75.206856, 39.941263 ], [ -75.207099, 39.941281 ], [ -75.207838, 39.941286 ], [ -75.207739, 39.941366 ], [ -75.20751, 39.94156 ], [ -75.20729, 39.941762 ], [ -75.207075, 39.941967 ], [ -75.206643, 39.942375 ], [ -75.206417, 39.942573 ], [ -75.206188, 39.942769 ], [ -75.205955, 39.942961 ], [ -75.205715, 39.943149 ], [ -75.205473, 39.943335 ], [ -75.205224, 39.943518 ], [ -75.20506, 39.943624 ], [ -75.205203, 39.943771 ], [ -75.205313, 39.944102 ], [ -75.205428, 39.944121 ], [ -75.205471, 39.944143 ], [ -75.205705, 39.944286 ], [ -75.205778, 39.944329 ], [ -75.205798, 39.944342 ], [ -75.205908, 39.944234 ], [ -75.205956, 39.944169 ], [ -75.206047, 39.944074 ], [ -75.206155, 39.944009 ], [ -75.206216, 39.944004 ], [ -75.206289, 39.944009 ], [ -75.206358, 39.944035 ], [ -75.206445, 39.944069 ], [ -75.206601, 39.944173 ], [ -75.206796, 39.944282 ], [ -75.206934, 39.944294 ], [ -75.207068, 39.944294 ], [ -75.207255, 39.944286 ], [ -75.207358, 39.944294 ], [ -75.207475, 39.944325 ], [ -75.207584, 39.944372 ], [ -75.20767, 39.944416 ], [ -75.207739, 39.944459 ], [ -75.207813, 39.944559 ], [ -75.207856, 39.944632 ], [ -75.207982, 39.944706 ], [ -75.208116, 39.944771 ], [ -75.208259, 39.944844 ], [ -75.208376, 39.944953 ], [ -75.208484, 39.945139 ], [ -75.208595, 39.94545 ], [ -75.208872, 39.945209 ], [ -75.2089, 39.945185 ], [ -75.209019, 39.945261 ], [ -75.2101, 39.94621 ], [ -75.209792, 39.946439 ], [ -75.210103, 39.946697 ], [ -75.210743, 39.94725 ], [ -75.211389, 39.947796 ], [ -75.211774, 39.94812 ], [ -75.2122, 39.947794 ] ] ] } },
{ "type": "Feature", "properties": { "ZCTA5CE20": "19106", "TFID": 263481788, "STATEFP20": "42", "COUNTYFP20": "101", "TRACTCE20": "036600", "BLKGRPCE20": "3", "BLOCKCE20": "3025", "SUFFIX1CE": null, "UACE20": "69076", "PUMACE20": "03230", "STATEFP": "42", "COUNTYFP": "101", "TRACTCE": "036600", "BLKGRPCE": "3", "COUSUBFP": "60000", "SUBMCDFP": null, "ESTATEFP": null, "CONCTYFP": null, "PLACEFP": "60000", "AIANNHFP": null, "AIANNHCE": null, "COMPTYP": null, "TRSUBFP": null, "TRSUBCE": null, "ANRCFP": null, "TTRACTCE": null, "TBLKGPCE": null, "ELSDLEA": null, "SCSDLEA": null, "UNSDLEA": "18990", "SDADMLEA": null, "CD118FP": "02", "SLDUST": "001", "SLDLST": "175", "CSAFP": "428", "CBSAFP": "37980", "METDIVFP": "37964", "LWFLAG": "L", "OFFSET": "N", "ATOTAL": 946, "INTPTLAT": "+39.9447364", "INTPTLON": "-75.1428115", "DP04_DP04_0001E_x": "9913", "DP04_DP04_0002E_x": "8819", "DP04_DP04_0003E_x": "1094", "DP04_DP04_0089E_x": "528700", "DP04_DP04_0126E_x": "4723", "DP04_DP04_0134E_x": "2219", "DP04_DP04_0001E_y": "9913", "DP04_DP04_0002E_y": "8819", "DP04_DP04_0003E_y": "1094", "DP04_DP04_0089E_y": "528700", "DP04_DP04_0126E_y": "4723", "DP04_DP04_0134E_y": "2219", "DP03_DP03_0002E": "9446", "DP03_DP03_0007E": "4373", "DP03_DP03_0062E": "129779", "DP03_DP03_0063E": "181636", "DP03_DP03_0064E": "7148", "DP03_DP03_0086E": "189038", "DP03_DP03_0087E": "264215", "DP03_DP03_0088E": "111866", "DP03_DP03_0119PE": "1.5", "DP02_DP02_0001E": "8819", "DP02_DP02_0016E": "1.50", "DP02_DP02_0017E": "2.32", "DP02_DP02_0053E": "1293", "DP02_DP02_0059E": "12892", "DP02_DP02_0067E": "12326", "DP02_DP02_0068E": "10318", "DP1_DP1_0001C": "15190", "DP1_DP1_0025C": "7787", "DP1_DP1_0049C": "7403", "DP1_DP1_0076C": "15190", "DP1_DP1_0084C": "809" }, "geometry": { "type": "Polygon", "coordinates": [ [ [ -75.152527, 39.94376 ], [ -75.152636, 39.943781 ], [ -75.15289, 39.943815 ], [ -75.152905, 39.943747 ], [ -75.152962, 39.943759 ], [ -75.152958, 39.943779 ], [ -75.15302, 39.943787 ], [ -75.153016, 39.943807 ], [ -75.153084, 39.943815 ], [ -75.153096, 39.943753 ], [ -75.153163, 39.943763 ], [ -75.153357, 39.943788 ], [ -75.153346, 39.943841 ], [ -75.153545, 39.943888 ], [ -75.153595, 39.943664 ], [ -75.153663, 39.943675 ], [ -75.154477, 39.943782 ], [ -75.155169, 39.943865 ], [ -75.155144, 39.943988 ], [ -75.155079, 39.944313 ], [ -75.154927, 39.944941 ], [ -75.154759, 39.945729 ], [ -75.154661, 39.946195 ], [ -75.154492, 39.946954 ], [ -75.154411, 39.947319 ], [ -75.154366, 39.947525 ], [ -75.154247, 39.948094 ], [ -75.154088, 39.948803 ], [ -75.154018, 39.949113 ], [ -75.153917, 39.949615 ], [ -75.153789, 39.95019 ], [ -75.153711, 39.950534 ], [ -75.153583, 39.951127 ], [ -75.153362, 39.952165 ], [ -75.153336, 39.952282 ], [ -75.153143, 39.953153 ], [ -75.153031, 39.953651 ], [ -75.152942, 39.954069 ], [ -75.152735, 39.955008 ], [ -75.152706, 39.955069 ], [ -75.152692, 39.955152 ], [ -75.152682, 39.955315 ], [ -75.152676, 39.955489 ], [ -75.152496, 39.956253 ], [ -75.152407, 39.956566 ], [ -75.152401, 39.956589 ], [ -75.152359, 39.956766 ], [ -75.15232, 39.956916 ], [ -75.152529, 39.956906 ], [ -75.152893, 39.956884 ], [ -75.152772, 39.956914 ], [ -75.152559, 39.956963 ], [ -75.152475, 39.956987 ], [ -75.152287, 39.957041 ], [ -75.15206, 39.957098 ], [ -75.151684, 39.957202 ], [ -75.151632, 39.957217 ], [ -75.151489, 39.957257 ], [ -75.150881, 39.957421 ], [ -75.150654, 39.957481 ], [ -75.150314, 39.957559 ], [ -75.150172, 39.957592 ], [ -75.149526, 39.957662 ], [ -75.149133, 39.957674 ], [ -75.148877, 39.957664 ], [ -75.14878, 39.95766 ], [ -75.148539, 39.957637 ], [ -75.14808, 39.957577 ], [ -75.147995, 39.957562 ], [ -75.147642, 39.9575 ], [ -75.147448, 39.957436 ], [ -75.147376, 39.957423 ], [ -75.147272, 39.957404 ], [ -75.147187, 39.957388 ], [ -75.146007, 39.957171 ], [ -75.145792, 39.957131 ], [ -75.145059, 39.956996 ], [ -75.14462, 39.956914 ], [ -75.144451, 39.956838 ], [ -75.144255, 39.956784 ], [ -75.143195, 39.956542 ], [ -75.142833, 39.95644 ], [ -75.142441, 39.956309 ], [ -75.142367, 39.956274 ], [ -75.142177, 39.956184 ], [ -75.141913, 39.956027 ], [ -75.141712, 39.955871 ], [ -75.141586, 39.955754 ], [ -75.141576, 39.955879 ], [ -75.141567, 39.955942 ], [ -75.141469, 39.956737 ], [ -75.141455, 39.956826 ], [ -75.141422, 39.957059 ], [ -75.141412, 39.957117 ], [ -75.140998, 39.957063 ], [ -75.140731, 39.957029 ], [ -75.140384, 39.956984 ], [ -75.139954, 39.956928 ], [ -75.13963, 39.956887 ], [ -75.13886, 39.956797 ], [ -75.138604, 39.956765 ], [ -75.138434, 39.95702 ], [ -75.138319, 39.957197 ], [ -75.13824, 39.957318 ], [ -75.138009, 39.957697 ], [ -75.137825, 39.958095 ], [ -75.13754, 39.958919 ], [ -75.13715, 39.960052 ], [ -75.137091, 39.9602 ], [ -75.134386, 39.959896 ], [ -75.131742, 39.959838 ], [ -75.130404, 39.958737 ], [ -75.130591, 39.958608 ], [ -75.131777, 39.957319 ], [ -75.132463, 39.956355 ], [ -75.133698, 39.95462 ], [ -75.13376, 39.95446 ], [ -75.133855, 39.954217 ], [ -75.13417, 39.953409 ], [ -75.13427, 39.953155 ], [ -75.134307, 39.953059 ], [ -75.13434, 39.952974 ], [ -75.134352, 39.952943 ], [ -75.13437, 39.952898 ], [ -75.134386, 39.952857 ], [ -75.134432, 39.952741 ], [ -75.134636, 39.952217 ], [ -75.135239, 39.950677 ], [ -75.135436, 39.949404 ], [ -75.13547, 39.949183 ], [ -75.135606, 39.948312 ], [ -75.135816, 39.946968 ], [ -75.135955, 39.946062 ], [ -75.136003, 39.945641 ], [ -75.136078, 39.944969 ], [ -75.136268, 39.943282 ], [ -75.136257, 39.942925 ], [ -75.136257, 39.942637 ], [ -75.136265, 39.940478 ], [ -75.136248, 39.940207 ], [ -75.136221, 39.939764 ], [ -75.136204, 39.938663 ], [ -75.13623, 39.937697 ], [ -75.136221, 39.937482 ], [ -75.136195, 39.936793 ], [ -75.136177, 39.936548 ], [ -75.136186, 39.935896 ], [ -75.136062, 39.934495 ], [ -75.136063, 39.934361 ], [ -75.136071, 39.933829 ], [ -75.136089, 39.933646 ], [ -75.136151, 39.932974 ], [ -75.136071, 39.932487 ], [ -75.136001, 39.93205 ], [ -75.135539, 39.929237 ], [ -75.135527, 39.92916 ], [ -75.135352, 39.92866 ], [ -75.134896, 39.927351 ], [ -75.134778, 39.927009 ], [ -75.134484, 39.926168 ], [ -75.134301, 39.925781 ], [ -75.140261, 39.926353 ], [ -75.140585, 39.926437 ], [ -75.140827, 39.927022 ], [ -75.14088, 39.927122 ], [ -75.140894, 39.927227 ], [ -75.141509, 39.927445 ], [ -75.141664, 39.927482 ], [ -75.141822, 39.927406 ], [ -75.141876, 39.927317 ], [ -75.142098, 39.927016 ], [ -75.143547, 39.927205 ], [ -75.144779, 39.927365 ], [ -75.144758, 39.927493 ], [ -75.144705, 39.927749 ], [ -75.144653, 39.927984 ], [ -75.144584, 39.928229 ], [ -75.144494, 39.928543 ], [ -75.144484, 39.928579 ], [ -75.144431, 39.928766 ], [ -75.144358, 39.929031 ], [ -75.144298, 39.929296 ], [ -75.144191, 39.929802 ], [ -75.144014, 39.930457 ], [ -75.143873, 39.931113 ], [ -75.143596, 39.932413 ], [ -75.143419, 39.933222 ], [ -75.143156, 39.933333 ], [ -75.14287, 39.933305 ], [ -75.14216, 39.933207 ], [ -75.141206, 39.933077 ], [ -75.141204, 39.933106 ], [ -75.141378, 39.93313 ], [ -75.141911, 39.933201 ], [ -75.14181, 39.933682 ], [ -75.141744, 39.933673 ], [ -75.141779, 39.933522 ], [ -75.141749, 39.933516 ], [ -75.141741, 39.933551 ], [ -75.141675, 39.933541 ], [ -75.140866, 39.93343 ], [ -75.140846, 39.933439 ], [ -75.140734, 39.934007 ], [ -75.141881, 39.934156 ], [ -75.141883, 39.934214 ], [ -75.141877, 39.934263 ], [ -75.141875, 39.934311 ], [ -75.141878, 39.934357 ], [ -75.141883, 39.934401 ], [ -75.141894, 39.934442 ], [ -75.141914, 39.934479 ], [ -75.141949, 39.934509 ], [ -75.141979, 39.93454 ], [ -75.142013, 39.934559 ], [ -75.142056, 39.934578 ], [ -75.142099, 39.934587 ], [ -75.142104, 39.934699 ], [ -75.142056, 39.934741 ], [ -75.142338, 39.934832 ], [ -75.14247, 39.934836 ], [ -75.142562, 39.934846 ], [ -75.142585, 39.934851 ], [ -75.142308, 39.935374 ], [ -75.142152, 39.935793 ], [ -75.14211, 39.936103 ], [ -75.14209, 39.936226 ], [ -75.142109, 39.937957 ], [ -75.141774, 39.937947 ], [ -75.141727, 39.937945 ], [ -75.141221, 39.937895 ], [ -75.141183, 39.937888 ], [ -75.141139, 39.937878 ], [ -75.141142, 39.938022 ], [ -75.141503, 39.938072 ], [ -75.141645, 39.938107 ], [ -75.141743, 39.938141 ], [ -75.141817, 39.938177 ], [ -75.141851, 39.93822 ], [ -75.141837, 39.938265 ], [ -75.14179, 39.938286 ], [ -75.141722, 39.938283 ], [ -75.141677, 39.938304 ], [ -75.140003, 39.938004 ], [ -75.139983, 39.938023 ], [ -75.139988, 39.93825 ], [ -75.139996, 39.938269 ], [ -75.14002, 39.938279 ], [ -75.141921, 39.93863 ], [ -75.141926, 39.93887 ], [ -75.141808, 39.938875 ], [ -75.1418, 39.93903 ], [ -75.140045, 39.938755 ], [ -75.140024, 39.938762 ], [ -75.14001, 39.93878 ], [ -75.140019, 39.939079 ], [ -75.140048, 39.939092 ], [ -75.141816, 39.939377 ], [ -75.141821, 39.939563 ], [ -75.141931, 39.939562 ], [ -75.141954, 39.940738 ], [ -75.14203, 39.940745 ], [ -75.142091, 39.940751 ], [ -75.142142, 39.940756 ], [ -75.14221, 39.940762 ], [ -75.14223, 39.940764 ], [ -75.142384, 39.940779 ], [ -75.142802, 39.940818 ], [ -75.143105, 39.940848 ], [ -75.142962, 39.942439 ], [ -75.142609, 39.94421 ], [ -75.142863, 39.944243 ], [ -75.142959, 39.944256 ], [ -75.143335, 39.944306 ], [ -75.143366, 39.944145 ], [ -75.143521, 39.943453 ], [ -75.143641, 39.942885 ], [ -75.145106, 39.943068 ], [ -75.145243, 39.943087 ], [ -75.14538, 39.943106 ], [ -75.145598, 39.943134 ], [ -75.145819, 39.943162 ], [ -75.14582, 39.94295 ], [ -75.146151, 39.942986 ], [ -75.146276, 39.943005 ], [ -75.146284, 39.942957 ], [ -75.146365, 39.942968 ], [ -75.146488, 39.942982 ], [ -75.146537, 39.942759 ], [ -75.146904, 39.942805 ], [ -75.146832, 39.943163 ], [ -75.147216, 39.943204 ], [ -75.147189, 39.943335 ], [ -75.147838, 39.943411 ], [ -75.148764, 39.943523 ], [ -75.148946, 39.942627 ], [ -75.150539, 39.942822 ], [ -75.150426, 39.943349 ], [ -75.150339, 39.94373 ], [ -75.150452, 39.943682 ], [ -75.150522, 39.943692 ], [ -75.150552, 39.943549 ], [ -75.151, 39.943606 ], [ -75.151013, 39.943549 ], [ -75.151078, 39.943557 ], [ -75.15112, 39.943357 ], [ -75.151332, 39.943384 ], [ -75.151491, 39.943401 ], [ -75.151647, 39.943423 ], [ -75.151805, 39.943442 ], [ -75.151962, 39.943462 ], [ -75.152026, 39.943455 ], [ -75.151981, 39.94365 ], [ -75.151971, 39.943695 ], [ -75.152068, 39.943672 ], [ -75.152384, 39.943713 ], [ -75.152377, 39.943744 ], [ -75.152464, 39.943756 ], [ -75.152488, 39.943644 ], [ -75.15255, 39.943653 ], [ -75.152527, 39.94376 ] ] ] } },
{ "type": "Feature", "properties": { "ZCTA5CE20": "19107", "TFID": 216590282, "STATEFP20": "42", "COUNTYFP20": "101", "TRACTCE20": "000500", "BLKGRPCE20": "1", "BLOCKCE20": "1003", "SUFFIX1CE": null, "UACE20": "69076", "PUMACE20": "03230", "STATEFP": "42", "COUNTYFP": "101", "TRACTCE": "000500", "BLKGRPCE": "1", "COUSUBFP": "60000", "SUBMCDFP": null, "ESTATEFP": null, "CONCTYFP": null, "PLACEFP": "60000", "AIANNHFP": null, "AIANNHCE": null, "COMPTYP": null, "TRSUBFP": null, "TRSUBCE": null, "ANRCFP": null, "TTRACTCE": null, "TBLKGPCE": null, "ELSDLEA": null, "SCSDLEA": null, "UNSDLEA": "18990", "SDADMLEA": null, "CD118FP": "02", "SLDUST": "001", "SLDLST": "175", "CSAFP": "428", "CBSAFP": "37980", "METDIVFP": "37964", "LWFLAG": "L", "OFFSET": "N", "ATOTAL": 5794, "INTPTLAT": "+39.9535647", "INTPTLON": "-75.1627281", "DP04_DP04_0001E_x": "10239", "DP04_DP04_0002E_x": "9127", "DP04_DP04_0003E_x": "1112", "DP04_DP04_0089E_x": "452500", "DP04_DP04_0126E_x": "7578", "DP04_DP04_0134E_x": "1691", "DP04_DP04_0001E_y": "10239", "DP04_DP04_0002E_y": "9127", "DP04_DP04_0003E_y": "1112", "DP04_DP04_0089E_y": "452500", "DP04_DP04_0126E_y": "7578", "DP04_DP04_0134E_y": "1691", "DP03_DP03_0002E": "10398", "DP03_DP03_0007E": "4415", "DP03_DP03_0062E": "70382", "DP03_DP03_0063E": "105409", "DP03_DP03_0064E": "7587", "DP03_DP03_0086E": "96628", "DP03_DP03_0087E": "150524", "DP03_DP03_0088E": "63103", "DP03_DP03_0119PE": "13.5", "DP02_DP02_0001E": "9127", "DP02_DP02_0016E": "1.52", "DP02_DP02_0017E": "2.21", "DP02_DP02_0053E": "4261", "DP02_DP02_0059E": "11792", "DP02_DP02_0067E": "10880", "DP02_DP02_0068E": "8450", "DP1_DP1_0001C": "17600", "DP1_DP1_0025C": "8832", "DP1_DP1_0049C": "8768", "DP1_DP1_0076C": "17600", "DP1_DP1_0084C": "1110" }, "geometry": { "type": "Polygon", "coordinates": [ [ [ -75.164322, 39.945469 ], [ -75.164996, 39.945555 ], [ -75.165071, 39.945555 ], [ -75.165153, 39.945557 ], [ -75.16503, 39.946176 ], [ -75.165025, 39.9462 ], [ -75.165017, 39.94624 ], [ -75.165003, 39.946311 ], [ -75.164937, 39.946637 ], [ -75.164845, 39.946999 ], [ -75.164752, 39.947424 ], [ -75.164579, 39.948216 ], [ -75.164468, 39.948733 ], [ -75.164338, 39.949346 ], [ -75.164265, 39.94934 ], [ -75.164192, 39.949334 ], [ -75.163683, 39.94927 ], [ -75.163137, 39.949205 ], [ -75.162965, 39.949962 ], [ -75.163004, 39.949965 ], [ -75.163296, 39.950002 ], [ -75.163426, 39.950001 ], [ -75.164024, 39.950073 ], [ -75.164102, 39.950094 ], [ -75.164174, 39.950113 ], [ -75.164011, 39.950876 ], [ -75.163937, 39.951201 ], [ -75.163871, 39.951495 ], [ -75.163877, 39.95152 ], [ -75.163917, 39.951564 ], [ -75.163996, 39.951625 ], [ -75.164194, 39.951643 ], [ -75.164361, 39.951669 ], [ -75.164534, 39.951694 ], [ -75.164716, 39.951723 ], [ -75.164896, 39.951759 ], [ -75.165055, 39.95181 ], [ -75.16518, 39.951884 ], [ -75.165244, 39.952 ], [ -75.165299, 39.952284 ], [ -75.165226, 39.952576 ], [ -75.165063, 39.953608 ], [ -75.163918, 39.953436 ], [ -75.1634, 39.953366 ], [ -75.163323, 39.953355 ], [ -75.163192, 39.953914 ], [ -75.163093, 39.9544 ], [ -75.162886, 39.955329 ], [ -75.162688, 39.956227 ], [ -75.162374, 39.957645 ], [ -75.16236, 39.957719 ], [ -75.162339, 39.957825 ], [ -75.162319, 39.95793 ], [ -75.162293, 39.958058 ], [ -75.162175, 39.958547 ], [ -75.162118, 39.958821 ], [ -75.162058, 39.959101 ], [ -75.161959, 39.959571 ], [ -75.159884, 39.959312 ], [ -75.159987, 39.958832 ], [ -75.159926, 39.958839 ], [ -75.159499, 39.958785 ], [ -75.159426, 39.959253 ], [ -75.158311, 39.959112 ], [ -75.157587, 39.959019 ], [ -75.156737, 39.95891 ], [ -75.155168, 39.958718 ], [ -75.155093, 39.958709 ], [ -75.15507, 39.958706 ], [ -75.154769, 39.958234 ], [ -75.153672, 39.958099 ], [ -75.153576, 39.958522 ], [ -75.153526, 39.958516 ], [ -75.153239, 39.958479 ], [ -75.152749, 39.958416 ], [ -75.152046, 39.958327 ], [ -75.152035, 39.958228 ], [ -75.15208, 39.957942 ], [ -75.152217, 39.957303 ], [ -75.151854, 39.957249 ], [ -75.151632, 39.957217 ], [ -75.151684, 39.957202 ], [ -75.15206, 39.957098 ], [ -75.152287, 39.957041 ], [ -75.152475, 39.956987 ], [ -75.152559, 39.956963 ], [ -75.152772, 39.956914 ], [ -75.152893, 39.956884 ], [ -75.152529, 39.956906 ], [ -75.15232, 39.956916 ], [ -75.152359, 39.956766 ], [ -75.152401, 39.956589 ], [ -75.152407, 39.956566 ], [ -75.152496, 39.956253 ], [ -75.152676, 39.955489 ], [ -75.152682, 39.955315 ], [ -75.152692, 39.955152 ], [ -75.152706, 39.955069 ], [ -75.152735, 39.955008 ], [ -75.152942, 39.954069 ], [ -75.153031, 39.953651 ], [ -75.153143, 39.953153 ], [ -75.153336, 39.952282 ], [ -75.153362, 39.952165 ], [ -75.153583, 39.951127 ], [ -75.153711, 39.950534 ], [ -75.153789, 39.95019 ], [ -75.153917, 39.949615 ], [ -75.154018, 39.949113 ], [ -75.154088, 39.948803 ], [ -75.154247, 39.948094 ], [ -75.154366, 39.947525 ], [ -75.154411, 39.947319 ], [ -75.154492, 39.946954 ], [ -75.154661, 39.946195 ], [ -75.154759, 39.945729 ], [ -75.154927, 39.944941 ], [ -75.155079, 39.944313 ], [ -75.155144, 39.943988 ], [ -75.155688, 39.944066 ], [ -75.155738, 39.943835 ], [ -75.156764, 39.943965 ], [ -75.156729, 39.94412 ], [ -75.156836, 39.944136 ], [ -75.157517, 39.944214 ], [ -75.157506, 39.944272 ], [ -75.158239, 39.944358 ], [ -75.158288, 39.944355 ], [ -75.158248, 39.944546 ], [ -75.158346, 39.944559 ], [ -75.158407, 39.944566 ], [ -75.158419, 39.944513 ], [ -75.1585, 39.944524 ], [ -75.158523, 39.944402 ], [ -75.158587, 39.944411 ], [ -75.158557, 39.944544 ], [ -75.158629, 39.944554 ], [ -75.158658, 39.944419 ], [ -75.15893, 39.944454 ], [ -75.158908, 39.944552 ], [ -75.15897, 39.944559 ], [ -75.158991, 39.944462 ], [ -75.159111, 39.944477 ], [ -75.159093, 39.944561 ], [ -75.159155, 39.944568 ], [ -75.15916, 39.944543 ], [ -75.159262, 39.944556 ], [ -75.159257, 39.94458 ], [ -75.159357, 39.944593 ], [ -75.159364, 39.94456 ], [ -75.159415, 39.944566 ], [ -75.159426, 39.944518 ], [ -75.15973, 39.944557 ], [ -75.159714, 39.944631 ], [ -75.159734, 39.944633 ], [ -75.159732, 39.944649 ], [ -75.159841, 39.944663 ], [ -75.159868, 39.944544 ], [ -75.159939, 39.944558 ], [ -75.160284, 39.944597 ], [ -75.160652, 39.944639 ], [ -75.160619, 39.944804 ], [ -75.160733, 39.944823 ], [ -75.160756, 39.944717 ], [ -75.160976, 39.944748 ], [ -75.160968, 39.944788 ], [ -75.161201, 39.944824 ], [ -75.161191, 39.944872 ], [ -75.161404, 39.944897 ], [ -75.161871, 39.944953 ], [ -75.162195, 39.944997 ], [ -75.162228, 39.944852 ], [ -75.162576, 39.944895 ], [ -75.162755, 39.944917 ], [ -75.16268, 39.945266 ], [ -75.162937, 39.945299 ], [ -75.163011, 39.944963 ], [ -75.163069, 39.944991 ], [ -75.163448, 39.945038 ], [ -75.164024, 39.945109 ], [ -75.164067, 39.945151 ], [ -75.164382, 39.945198 ], [ -75.164322, 39.945469 ] ] ] } },
{ "type": "Feature", "properties": { "ZCTA5CE20": "19108", "TFID": 267874318, "STATEFP20": "42", "COUNTYFP20": "101", "TRACTCE20": "037600", "BLKGRPCE20": "3", "BLOCKCE20": "3005", "SUFFIX1CE": null, "UACE20": "69076", "PUMACE20": "03230", "STATEFP": "42", "COUNTYFP": "101", "TRACTCE": "037600", "BLKGRPCE": "3", "COUSUBFP": "60000", "SUBMCDFP": null, "ESTATEFP": null, "CONCTYFP": null, "PLACEFP": "60000", "AIANNHFP": null, "AIANNHCE": null, "COMPTYP": null, "TRSUBFP": null, "TRSUBCE": null, "ANRCFP": null, "TTRACTCE": null, "TBLKGPCE": null, "ELSDLEA": null, "SCSDLEA": null, "UNSDLEA": "18990", "SDADMLEA": null, "CD118FP": "02", "SLDUST": "001", "SLDLST": "175", "CSAFP": "428", "CBSAFP": "37980", "METDIVFP": "37964", "LWFLAG": "L", "OFFSET": "N", "ATOTAL": 17134, "INTPTLAT": "+39.9598652", "INTPTLON": "-75.1608295", "DP04_DP04_0001E_x": "103", "DP04_DP04_0002E_x": "103", "DP04_DP04_0003E_x": "0", "DP04_DP04_0089E_x": "362500", "DP04_DP04_0126E_x": "43", "DP04_DP04_0134E_x": "-", "DP04_DP04_0001E_y": "103", "DP04_DP04_0002E_y": "103", "DP04_DP04_0003E_y": "0", "DP04_DP04_0089E_y": "362500", "DP04_DP04_0126E_y": "43", "DP04_DP04_0134E_y": "-", "DP03_DP03_0002E": "124", "DP03_DP03_0007E": "20", "DP03_DP03_0062E": "189539", "DP03_DP03_0063E": "193991", "DP03_DP03_0064E": "103", "DP03_DP03_0086E": "-", "DP03_DP03_0087E": "N", "DP03_DP03_0088E": "125701", "DP03_DP03_0119PE": "0.0", "DP02_DP02_0001E": "103", "DP02_DP02_0016E": "1.57", "DP02_DP02_0017E": "2.95", "DP02_DP02_0053E": "0", "DP02_DP02_0059E": "144", "DP02_DP02_0067E": "144", "DP02_DP02_0068E": "124", "DP1_DP1_0001C": "39", "DP1_DP1_0025C": "23", "DP1_DP1_0049C": "16", "DP1_DP1_0076C": "39", "DP1_DP1_0084C": "6" }, "geometry": { "type": "Polygon", "coordinates": [ [ [ -75.161772, 39.960421 ], [ -75.159698, 39.960156 ], [ -75.159733, 39.959997 ], [ -75.159884, 39.959312 ], [ -75.161959, 39.959571 ], [ -75.161772, 39.960421 ] ] ] } },
{ "type": "Feature", "properties": { "ZCTA5CE20": "19109", "TFID": 216590326, "STATEFP20": "42", "COUNTYFP20": "101", "TRACTCE20": "000600", "BLKGRPCE20": "1", "BLOCKCE20": "1006", "SUFFIX1CE": null, "UACE20": "69076", "PUMACE20": "03230", "STATEFP": "42", "COUNTYFP": "101", "TRACTCE": "000600", "BLKGRPCE": "1", "COUSUBFP": "60000", "SUBMCDFP": null, "ESTATEFP": null, "CONCTYFP": null, "PLACEFP": "60000", "AIANNHFP": null, "AIANNHCE": null, "COMPTYP": null, "TRSUBFP": null, "TRSUBCE": null, "ANRCFP": null, "TTRACTCE": null, "TBLKGPCE": null, "ELSDLEA": null, "SCSDLEA": null, "UNSDLEA": "18990", "SDADMLEA": null, "CD118FP": "02", "SLDUST": "001", "SLDLST": "182", "CSAFP": "428", "CBSAFP": "37980", "METDIVFP": "37964", "LWFLAG": "L", "OFFSET": "N", "ATOTAL": 7681, "INTPTLAT": "+39.9496416", "INTPTLON": "-75.1635771", "DP04_DP04_0001E_x": "0", "DP04_DP04_0002E_x": "0", "DP04_DP04_0003E_x": "0", "DP04_DP04_0089E_x": "-", "DP04_DP04_0126E_x": "0", "DP04_DP04_0134E_x": "-", "DP04_DP04_0001E_y": "0", "DP04_DP04_0002E_y": "0", "DP04_DP04_0003E_y": "0", "DP04_DP04_0089E_y": "-", "DP04_DP04_0126E_y": "0", "DP04_DP04_0134E_y": "-", "DP03_DP03_0002E": "0", "DP03_DP03_0007E": "0", "DP03_DP03_0062E": "-", "DP03_DP03_0063E": "-", "DP03_DP03_0064E": "0", "DP03_DP03_0086E": "-", "DP03_DP03_0087E": "-", "DP03_DP03_0088E": "-", "DP03_DP03_0119PE": "-", "DP02_DP02_0001E": "0", "DP02_DP02_0016E": "-", "DP02_DP02_0017E": "-", "DP02_DP02_0053E": "0", "DP02_DP02_0059E": "0", "DP02_DP02_0067E": "0", "DP02_DP02_0068E": "0", "DP1_DP1_0001C": "26", "DP1_DP1_0025C": "13", "DP1_DP1_0049C": "13", "DP1_DP1_0076C": "26", "DP1_DP1_0084C": "11" }, "geometry": { "type": "Polygon", "coordinates": [ [ [ -75.163426, 39.950001 ], [ -75.163296, 39.950002 ], [ -75.163004, 39.949965 ], [ -75.162965, 39.949962 ], [ -75.163137, 39.949205 ], [ -75.163683, 39.94927 ], [ -75.164192, 39.949334 ], [ -75.164265, 39.94934 ], [ -75.164338, 39.949346 ], [ -75.16426, 39.949737 ], [ -75.164252, 39.949771 ], [ -75.164174, 39.950113 ], [ -75.164102, 39.950094 ], [ -75.164024, 39.950073 ], [ -75.163426, 39.950001 ] ] ] } },
{ "type": "Feature", "properties": { "ZCTA5CE20": "19111", "TFID": 216590941, "STATEFP20": "42", "COUNTYFP20": "101", "TRACTCE20": "034100", "BLKGRPCE20": "1", "BLOCKCE20": "1009", "SUFFIX1CE": null, "UACE20": "69076", "PUMACE20": "03222", "STATEFP": "42", "COUNTYFP": "101", "TRACTCE": "034100", "BLKGRPCE": "1", "COUSUBFP": "60000", "SUBMCDFP": null, "ESTATEFP": null, "CONCTYFP": null, "PLACEFP": "60000", "AIANNHFP": null, "AIANNHCE": null, "COMPTYP": null, "TRSUBFP": null, "TRSUBCE": null, "ANRCFP": null, "TTRACTCE": null, "TBLKGPCE": null, "ELSDLEA": null, "SCSDLEA": null, "UNSDLEA": "18990", "SDADMLEA": null, "CD118FP": "02", "SLDUST": "005", "SLDLST": "172", "CSAFP": "428", "CBSAFP": "37980", "METDIVFP": "37964", "LWFLAG": "L", "OFFSET": "N", "ATOTAL": 10774, "INTPTLAT": "+40.0730438", "INTPTLON": "-75.0843073", "DP04_DP04_0001E_x": "27518", "DP04_DP04_0002E_x": "25851", "DP04_DP04_0003E_x": "1667", "DP04_DP04_0089E_x": "244000", "DP04_DP04_0126E_x": "11047", "DP04_DP04_0134E_x": "1221", "DP04_DP04_0001E_y": "27518", "DP04_DP04_0002E_y": "25851", "DP04_DP04_0003E_y": "1667", "DP04_DP04_0089E_y": "244000", "DP04_DP04_0126E_y": "11047", "DP04_DP04_0134E_y": "1221", "DP03_DP03_0002E": "32190", "DP03_DP03_0007E": "18975", "DP03_DP03_0062E": "60441", "DP03_DP03_0063E": "81007", "DP03_DP03_0064E": "19796", "DP03_DP03_0086E": "71109", "DP03_DP03_0087E": "93010", "DP03_DP03_0088E": "32035", "DP03_DP03_0119PE": "13.9", "DP02_DP02_0001E": "25851", "DP02_DP02_0016E": "2.53", "DP02_DP02_0017E": "3.19", "DP02_DP02_0053E": "15372", "DP02_DP02_0059E": "45066", "DP02_DP02_0067E": "38867", "DP02_DP02_0068E": "11162", "DP1_DP1_0001C": "67017", "DP1_DP1_0025C": "32006", "DP1_DP1_0049C": "35011", "DP1_DP1_0076C": "67017", "DP1_DP1_0084C": "5871" }, "geometry": { "type": "Polygon", "coordinates": [ [ [ -75.101179, 40.038652 ], [ -75.100728, 40.03902 ], [ -75.100271, 40.039426 ], [ -75.099822, 40.039799 ], [ -75.099595, 40.039978 ], [ -75.099339, 40.040198 ], [ -75.099112, 40.040405 ], [ -75.098892, 40.04059 ], [ -75.098474, 40.040955 ], [ -75.097956, 40.041371 ], [ -75.096603, 40.042487 ], [ -75.097331, 40.042924 ], [ -75.097534, 40.043039 ], [ -75.097323, 40.04326 ], [ -75.097411, 40.043318 ], [ -75.098154, 40.043701 ], [ -75.098357, 40.043483 ], [ -75.098725, 40.04369 ], [ -75.098493, 40.043928 ], [ -75.099035, 40.04423 ], [ -75.099116, 40.044292 ], [ -75.099191, 40.044349 ], [ -75.099138, 40.044405 ], [ -75.100072, 40.044924 ], [ -75.100374, 40.044605 ], [ -75.100669, 40.044785 ], [ -75.101105, 40.045038 ], [ -75.101704, 40.04552 ], [ -75.102082, 40.045728 ], [ -75.104077, 40.046715 ], [ -75.104355, 40.046873 ], [ -75.104504, 40.047021 ], [ -75.104612, 40.047095 ], [ -75.104734, 40.047174 ], [ -75.104668, 40.047385 ], [ -75.104734, 40.047466 ], [ -75.104816, 40.047558 ], [ -75.10453, 40.047879 ], [ -75.105886, 40.048666 ], [ -75.105953, 40.048721 ], [ -75.106219, 40.048444 ], [ -75.106363, 40.048523 ], [ -75.106653, 40.048717 ], [ -75.107033, 40.04897 ], [ -75.107002, 40.048997 ], [ -75.106773, 40.049194 ], [ -75.106531, 40.04938 ], [ -75.10627, 40.049548 ], [ -75.105994, 40.049706 ], [ -75.105723, 40.049866 ], [ -75.105453, 40.050029 ], [ -75.105185, 40.050192 ], [ -75.104914, 40.050355 ], [ -75.104801, 40.050422 ], [ -75.104645, 40.050517 ], [ -75.104568, 40.050563 ], [ -75.104374, 40.05068 ], [ -75.104102, 40.050842 ], [ -75.103829, 40.051003 ], [ -75.103557, 40.051164 ], [ -75.103279, 40.051314 ], [ -75.103249, 40.05133 ], [ -75.10323, 40.051355 ], [ -75.103006, 40.051475 ], [ -75.102726, 40.051624 ], [ -75.102445, 40.051773 ], [ -75.102413, 40.051792 ], [ -75.102171, 40.051931 ], [ -75.101899, 40.052091 ], [ -75.101631, 40.052255 ], [ -75.101367, 40.052423 ], [ -75.101105, 40.052591 ], [ -75.100935, 40.052699 ], [ -75.100896, 40.052723 ], [ -75.10084, 40.052759 ], [ -75.100801, 40.052782 ], [ -75.100573, 40.052924 ], [ -75.100303, 40.053085 ], [ -75.10025, 40.053114 ], [ -75.100028, 40.053241 ], [ -75.09983, 40.053352 ], [ -75.09975, 40.053396 ], [ -75.099472, 40.05355 ], [ -75.099194, 40.053703 ], [ -75.098916, 40.053859 ], [ -75.09864, 40.054014 ], [ -75.098364, 40.054169 ], [ -75.098086, 40.054324 ], [ -75.09781, 40.05448 ], [ -75.09772, 40.054531 ], [ -75.097539, 40.054636 ], [ -75.097525, 40.054642 ], [ -75.097484, 40.054665 ], [ -75.09726, 40.054793 ], [ -75.096985, 40.054951 ], [ -75.096711, 40.055109 ], [ -75.09644, 40.055268 ], [ -75.096169, 40.055429 ], [ -75.0959, 40.055593 ], [ -75.095633, 40.055759 ], [ -75.09536, 40.055908 ], [ -75.095214, 40.056004 ], [ -75.095078, 40.056091 ], [ -75.094841, 40.056255 ], [ -75.094673, 40.056362 ], [ -75.094566, 40.056431 ], [ -75.094315, 40.056595 ], [ -75.094193, 40.056679 ], [ -75.094056, 40.056771 ], [ -75.093701, 40.057074 ], [ -75.093504, 40.057241 ], [ -75.093644, 40.057429 ], [ -75.092692, 40.058309 ], [ -75.092291, 40.058704 ], [ -75.092035, 40.058952 ], [ -75.091969, 40.059015 ], [ -75.091462, 40.059491 ], [ -75.091385, 40.059563 ], [ -75.091133, 40.059822 ], [ -75.091094, 40.059863 ], [ -75.090462, 40.060528 ], [ -75.090416, 40.060581 ], [ -75.089706, 40.061298 ], [ -75.088966, 40.062042 ], [ -75.088671, 40.062342 ], [ -75.088196, 40.06282 ], [ -75.087425, 40.063599 ], [ -75.087875, 40.06385 ], [ -75.088064, 40.063956 ], [ -75.08876, 40.064342 ], [ -75.088912, 40.064432 ], [ -75.089272, 40.064644 ], [ -75.089378, 40.064705 ], [ -75.089518, 40.064786 ], [ -75.089752, 40.064922 ], [ -75.09037, 40.065285 ], [ -75.091783, 40.06611 ], [ -75.091919, 40.066189 ], [ -75.093223, 40.066935 ], [ -75.094948, 40.067947 ], [ -75.096458, 40.068829 ], [ -75.096634, 40.068932 ], [ -75.096733, 40.068989 ], [ -75.096214, 40.069492 ], [ -75.095184, 40.070499 ], [ -75.09384, 40.071829 ], [ -75.093651, 40.071753 ], [ -75.093124, 40.072334 ], [ -75.091545, 40.073902 ], [ -75.090317, 40.075115 ], [ -75.090193, 40.075238 ], [ -75.089828, 40.0756 ], [ -75.089088, 40.076374 ], [ -75.087898, 40.077606 ], [ -75.086906, 40.078648 ], [ -75.086861, 40.078625 ], [ -75.084453, 40.080948 ], [ -75.083415, 40.081953 ], [ -75.082456, 40.082884 ], [ -75.081649, 40.083667 ], [ -75.081189, 40.084116 ], [ -75.078906, 40.08523 ], [ -75.07881, 40.085277 ], [ -75.077805, 40.08577 ], [ -75.076431, 40.087193 ], [ -75.076416, 40.087208 ], [ -75.076393, 40.087227 ], [ -75.076385, 40.087234 ], [ -75.07637, 40.08725 ], [ -75.076363, 40.087265 ], [ -75.076249, 40.087377 ], [ -75.07621, 40.087417 ], [ -75.074582, 40.089103 ], [ -75.074561, 40.089124 ], [ -75.074525, 40.089102 ], [ -75.074483, 40.08907 ], [ -75.073153, 40.088066 ], [ -75.073352, 40.087986 ], [ -75.073486, 40.087929 ], [ -75.073616, 40.087907 ], [ -75.073882, 40.087729 ], [ -75.074069, 40.087585 ], [ -75.074163, 40.087483 ], [ -75.07418, 40.087463 ], [ -75.074265, 40.087371 ], [ -75.074429, 40.087087 ], [ -75.074485, 40.086848 ], [ -75.074488, 40.086788 ], [ -75.072784, 40.086865 ], [ -75.071691, 40.086977 ], [ -75.070919, 40.086874 ], [ -75.070339, 40.086674 ], [ -75.06877, 40.085344 ], [ -75.068235, 40.085035 ], [ -75.064608, 40.084861 ], [ -75.064003, 40.084965 ], [ -75.063196, 40.084871 ], [ -75.062288, 40.084478 ], [ -75.062384, 40.084412 ], [ -75.062454, 40.084372 ], [ -75.06392, 40.083366 ], [ -75.065473, 40.0823 ], [ -75.066754, 40.081404 ], [ -75.066881, 40.081316 ], [ -75.067018, 40.081221 ], [ -75.067088, 40.081173 ], [ -75.067924, 40.0806 ], [ -75.068276, 40.080345 ], [ -75.068463, 40.080164 ], [ -75.067597, 40.0788 ], [ -75.066202, 40.077928 ], [ -75.066273, 40.077544 ], [ -75.067202, 40.075883 ], [ -75.067333, 40.075504 ], [ -75.067823, 40.074097 ], [ -75.068958, 40.072358 ], [ -75.068961, 40.072312 ], [ -75.068984, 40.072021 ], [ -75.068862, 40.071845 ], [ -75.068767, 40.071708 ], [ -75.065724, 40.070193 ], [ -75.062599, 40.071997 ], [ -75.058503, 40.074804 ], [ -75.05821, 40.074605 ], [ -75.057654, 40.074311 ], [ -75.059413, 40.07244 ], [ -75.060155, 40.071671 ], [ -75.061304, 40.070455 ], [ -75.062628, 40.069077 ], [ -75.064199, 40.067412 ], [ -75.063795, 40.067186 ], [ -75.063724, 40.067145 ], [ -75.063646, 40.067099 ], [ -75.063173, 40.066831 ], [ -75.063461, 40.066526 ], [ -75.063537, 40.066449 ], [ -75.06304, 40.066143 ], [ -75.062751, 40.066448 ], [ -75.062648, 40.066378 ], [ -75.062342, 40.066183 ], [ -75.062271, 40.066138 ], [ -75.061974, 40.065973 ], [ -75.061876, 40.065925 ], [ -75.061789, 40.065883 ], [ -75.061103, 40.065501 ], [ -75.06119, 40.065408 ], [ -75.061083, 40.06533 ], [ -75.060979, 40.065255 ], [ -75.059722, 40.064509 ], [ -75.059688, 40.064535 ], [ -75.05943, 40.064386 ], [ -75.05932, 40.064301 ], [ -75.059247, 40.064245 ], [ -75.058491, 40.063758 ], [ -75.057501, 40.063155 ], [ -75.0574, 40.063092 ], [ -75.056257, 40.062382 ], [ -75.056443, 40.062184 ], [ -75.05655, 40.062081 ], [ -75.056638, 40.061997 ], [ -75.057163, 40.061438 ], [ -75.057679, 40.060887 ], [ -75.057749, 40.060813 ], [ -75.057343, 40.060585 ], [ -75.057904, 40.059973 ], [ -75.058328, 40.060206 ], [ -75.058877, 40.059663 ], [ -75.058954, 40.059581 ], [ -75.059485, 40.059022 ], [ -75.059552, 40.05895 ], [ -75.059611, 40.058887 ], [ -75.060069, 40.058403 ], [ -75.060026, 40.058379 ], [ -75.060096, 40.058307 ], [ -75.060155, 40.058246 ], [ -75.060195, 40.058268 ], [ -75.06049, 40.057952 ], [ -75.06067, 40.057762 ], [ -75.06065, 40.057751 ], [ -75.060704, 40.057692 ], [ -75.060746, 40.057647 ], [ -75.061217, 40.057143 ], [ -75.0613, 40.057054 ], [ -75.061763, 40.056558 ], [ -75.061814, 40.056504 ], [ -75.062052, 40.056252 ], [ -75.062084, 40.056218 ], [ -75.061784, 40.056006 ], [ -75.061736, 40.055892 ], [ -75.062029, 40.055592 ], [ -75.062506, 40.05586 ], [ -75.062502, 40.055805 ], [ -75.062549, 40.055754 ], [ -75.063647, 40.054577 ], [ -75.063164, 40.05431 ], [ -75.063426, 40.054027 ], [ -75.063884, 40.054313 ], [ -75.064812, 40.053325 ], [ -75.065196, 40.053545 ], [ -75.065646, 40.053043 ], [ -75.065848, 40.052874 ], [ -75.065938, 40.052813 ], [ -75.066038, 40.052786 ], [ -75.066116, 40.05277 ], [ -75.066316, 40.05275 ], [ -75.066052, 40.051565 ], [ -75.066014, 40.05141 ], [ -75.066045, 40.051181 ], [ -75.066532, 40.051461 ], [ -75.066624, 40.051365 ], [ -75.067154, 40.050804 ], [ -75.067195, 40.05076 ], [ -75.067717, 40.050217 ], [ -75.067771, 40.050161 ], [ -75.06831, 40.04959 ], [ -75.068381, 40.049515 ], [ -75.068831, 40.049039 ], [ -75.068918, 40.048977 ], [ -75.068974, 40.048937 ], [ -75.069448, 40.048435 ], [ -75.069519, 40.048354 ], [ -75.069588, 40.048275 ], [ -75.069669, 40.04832 ], [ -75.070194, 40.047764 ], [ -75.070237, 40.047719 ], [ -75.070136, 40.047663 ], [ -75.070315, 40.047476 ], [ -75.070414, 40.047532 ], [ -75.070798, 40.047103 ], [ -75.070886, 40.047005 ], [ -75.071356, 40.046478 ], [ -75.070887, 40.046218 ], [ -75.071464, 40.045647 ], [ -75.07207, 40.045024 ], [ -75.072545, 40.045284 ], [ -75.073095, 40.044653 ], [ -75.07315, 40.04459 ], [ -75.073658, 40.044015 ], [ -75.07372, 40.043944 ], [ -75.074168, 40.043463 ], [ -75.074267, 40.0434 ], [ -75.074388, 40.043324 ], [ -75.074838, 40.042851 ], [ -75.074896, 40.042807 ], [ -75.074969, 40.042753 ], [ -75.075427, 40.042268 ], [ -75.075473, 40.042164 ], [ -75.075524, 40.042049 ], [ -75.075816, 40.041745 ], [ -75.075857, 40.04171 ], [ -75.075915, 40.041661 ], [ -75.076053, 40.041513 ], [ -75.076193, 40.041363 ], [ -75.076247, 40.04133 ], [ -75.075834, 40.041095 ], [ -75.076237, 40.040685 ], [ -75.077744, 40.041536 ], [ -75.07794, 40.041319 ], [ -75.078152, 40.041096 ], [ -75.078331, 40.04091 ], [ -75.077258, 40.040312 ], [ -75.077432, 40.040123 ], [ -75.077594, 40.039947 ], [ -75.077616, 40.039959 ], [ -75.077797, 40.039765 ], [ -75.077845, 40.039714 ], [ -75.077991, 40.039558 ], [ -75.078111, 40.039428 ], [ -75.07809, 40.039417 ], [ -75.078222, 40.039276 ], [ -75.078262, 40.039233 ], [ -75.078587, 40.038883 ], [ -75.078658, 40.038857 ], [ -75.07821, 40.038617 ], [ -75.078389, 40.038433 ], [ -75.07862, 40.038205 ], [ -75.078999, 40.037796 ], [ -75.079158, 40.037621 ], [ -75.079265, 40.037516 ], [ -75.07935, 40.037433 ], [ -75.079547, 40.037221 ], [ -75.079836, 40.036921 ], [ -75.079871, 40.036949 ], [ -75.07991, 40.03701 ], [ -75.0806, 40.037404 ], [ -75.081281, 40.037782 ], [ -75.081978, 40.038163 ], [ -75.082627, 40.038516 ], [ -75.083138, 40.038791 ], [ -75.08329, 40.038897 ], [ -75.084022, 40.038135 ], [ -75.084464, 40.037657 ], [ -75.084774, 40.037837 ], [ -75.085036, 40.037983 ], [ -75.085589, 40.038272 ], [ -75.084412, 40.039499 ], [ -75.084895, 40.039799 ], [ -75.085335, 40.040044 ], [ -75.08565, 40.040217 ], [ -75.085962, 40.040396 ], [ -75.087821, 40.041449 ], [ -75.088239, 40.04164 ], [ -75.088402, 40.041925 ], [ -75.088373, 40.041772 ], [ -75.088241, 40.041125 ], [ -75.088209, 40.041037 ], [ -75.088203, 40.040957 ], [ -75.088184, 40.040767 ], [ -75.088197, 40.040527 ], [ -75.088237, 40.040327 ], [ -75.088243, 40.040305 ], [ -75.08838, 40.039857 ], [ -75.088566, 40.039096 ], [ -75.088728, 40.038248 ], [ -75.088731, 40.038236 ], [ -75.088709, 40.03795 ], [ -75.088892, 40.038086 ], [ -75.088875, 40.038211 ], [ -75.089248, 40.03842 ], [ -75.08945, 40.038541 ], [ -75.089973, 40.038846 ], [ -75.090543, 40.039142 ], [ -75.090666, 40.039209 ], [ -75.09159, 40.039734 ], [ -75.091916, 40.040045 ], [ -75.09203, 40.040214 ], [ -75.094299, 40.038202 ], [ -75.09477, 40.037821 ], [ -75.095566, 40.037178 ], [ -75.096098, 40.036574 ], [ -75.096233, 40.036646 ], [ -75.096775, 40.036933 ], [ -75.096847, 40.03697 ], [ -75.096992, 40.036942 ], [ -75.097503, 40.036926 ], [ -75.098416, 40.036101 ], [ -75.098434, 40.036114 ], [ -75.099122, 40.036581 ], [ -75.099385, 40.036761 ], [ -75.101572, 40.038293 ], [ -75.101342, 40.038502 ], [ -75.101179, 40.038652 ] ] ] } },
{ "type": "Feature", "properties": { "ZCTA5CE20": "19112", "TFID": 263669449, "STATEFP20": "42", "COUNTYFP20": "101", "TRACTCE20": "989200", "BLKGRPCE20": "4", "BLOCKCE20": "4006", "SUFFIX1CE": null, "UACE20": "69076", "PUMACE20": "03231", "STATEFP": "42", "COUNTYFP": "101", "TRACTCE": "989200", "BLKGRPCE": "4", "COUSUBFP": "60000", "SUBMCDFP": null, "ESTATEFP": null, "CONCTYFP": null, "PLACEFP": "60000", "AIANNHFP": null, "AIANNHCE": null, "COMPTYP": null, "TRSUBFP": null, "TRSUBCE": null, "ANRCFP": null, "TTRACTCE": null, "TBLKGPCE": null, "ELSDLEA": null, "SCSDLEA": null, "UNSDLEA": "18990", "SDADMLEA": null, "CD118FP": "05", "SLDUST": "001", "SLDLST": "185", "CSAFP": "428", "CBSAFP": "37980", "METDIVFP": "37964", "LWFLAG": "L", "OFFSET": "N", "ATOTAL": 57801, "INTPTLAT": "+39.8903641", "INTPTLON": "-75.1824637", "DP04_DP04_0001E_x": "0", "DP04_DP04_0002E_x": "0", "DP04_DP04_0003E_x": "0", "DP04_DP04_0089E_x": "-", "DP04_DP04_0126E_x": "0", "DP04_DP04_0134E_x": "-", "DP04_DP04_0001E_y": "0", "DP04_DP04_0002E_y": "0", "DP04_DP04_0003E_y": "0", "DP04_DP04_0089E_y": "-", "DP04_DP04_0126E_y": "0", "DP04_DP04_0134E_y": "-", "DP03_DP03_0002E": "0", "DP03_DP03_0007E": "0", "DP03_DP03_0062E": "-", "DP03_DP03_0063E": "-", "DP03_DP03_0064E": "0", "DP03_DP03_0086E": "-", "DP03_DP03_0087E": "-", "DP03_DP03_0088E": "-", "DP03_DP03_0119PE": "-", "DP02_DP02_0001E": "0", "DP02_DP02_0016E": "-", "DP02_DP02_0017E": "-", "DP02_DP02_0053E": "0", "DP02_DP02_0059E": "0", "DP02_DP02_0067E": "0", "DP02_DP02_0068E": "0", "DP1_DP1_0001C": "3", "DP1_DP1_0025C": "3", "DP1_DP1_0049C": "0", "DP1_DP1_0076C": "3", "DP1_DP1_0084C": "0" }, "geometry": { "type": "Polygon", "coordinates": [ [ [ -75.187214, 39.881267 ], [ -75.187889, 39.881095 ], [ -75.18877, 39.880832 ], [ -75.188821, 39.880814 ], [ -75.188896, 39.880787 ], [ -75.189255, 39.88066 ], [ -75.189495, 39.880574 ], [ -75.190099, 39.880348 ], [ -75.190809, 39.880027 ], [ -75.191589, 39.879616 ], [ -75.19217, 39.879299 ], [ -75.192738, 39.879006 ], [ -75.193462, 39.878549 ], [ -75.194171, 39.878107 ], [ -75.19471, 39.877741 ], [ -75.195018, 39.877521 ], [ -75.195236, 39.877365 ], [ -75.195514, 39.89184 ], [ -75.195338, 39.89243 ], [ -75.195878, 39.892903 ], [ -75.196166, 39.893114 ], [ -75.196239, 39.893365 ], [ -75.195579, 39.89794 ], [ -75.195421, 39.89903 ], [ -75.195938, 39.899927 ], [ -75.196923, 39.900884 ], [ -75.196687, 39.900857 ], [ -75.194539, 39.902499 ], [ -75.193652, 39.902387 ], [ -75.19366, 39.902352 ], [ -75.193664, 39.902317 ], [ -75.193672, 39.902282 ], [ -75.193677, 39.902248 ], [ -75.193682, 39.902212 ], [ -75.193723, 39.901968 ], [ -75.193731, 39.901933 ], [ -75.193735, 39.901898 ], [ -75.19377, 39.901688 ], [ -75.193775, 39.901654 ], [ -75.193782, 39.901618 ], [ -75.193793, 39.901549 ], [ -75.193844, 39.901199 ], [ -75.193861, 39.901059 ], [ -75.193868, 39.900989 ], [ -75.19387, 39.900953 ], [ -75.193873, 39.900848 ], [ -75.193873, 39.900813 ], [ -75.193874, 39.900778 ], [ -75.193871, 39.900637 ], [ -75.193869, 39.900601 ], [ -75.193867, 39.900567 ], [ -75.193863, 39.900496 ], [ -75.19386, 39.900461 ], [ -75.193858, 39.900426 ], [ -75.19385, 39.900356 ], [ -75.193849, 39.900338 ], [ -75.193836, 39.90022 ], [ -75.193834, 39.900187 ], [ -75.193828, 39.900153 ], [ -75.19382, 39.900086 ], [ -75.193809, 39.90002 ], [ -75.193801, 39.899987 ], [ -75.193795, 39.899953 ], [ -75.193772, 39.899853 ], [ -75.193724, 39.899689 ], [ -75.193714, 39.899655 ], [ -75.193705, 39.899623 ], [ -75.193652, 39.89946 ], [ -75.193639, 39.899426 ], [ -75.193629, 39.899394 ], [ -75.193592, 39.899297 ], [ -75.193554, 39.8992 ], [ -75.193538, 39.899168 ], [ -75.193526, 39.899137 ], [ -75.19351, 39.899104 ], [ -75.193497, 39.899072 ], [ -75.19345, 39.898977 ], [ -75.193399, 39.898885 ], [ -75.193363, 39.898823 ], [ -75.193346, 39.898792 ], [ -75.193251, 39.898639 ], [ -75.193231, 39.898609 ], [ -75.19321, 39.898579 ], [ -75.193171, 39.898519 ], [ -75.193108, 39.89843 ], [ -75.19302, 39.898314 ], [ -75.192995, 39.898286 ], [ -75.192972, 39.898257 ], [ -75.192847, 39.898118 ], [ -75.192796, 39.898063 ], [ -75.192772, 39.898034 ], [ -75.192723, 39.89798 ], [ -75.192699, 39.897951 ], [ -75.192648, 39.897895 ], [ -75.19253, 39.897753 ], [ -75.192509, 39.897724 ], [ -75.192433, 39.897601 ], [ -75.192426, 39.897577 ], [ -75.192073, 39.896496 ], [ -75.192066, 39.896472 ], [ -75.192054, 39.896436 ], [ -75.192048, 39.896421 ], [ -75.192035, 39.896381 ], [ -75.19194, 39.896089 ], [ -75.191547, 39.896251 ], [ -75.190649, 39.896619 ], [ -75.190101, 39.896778 ], [ -75.189993, 39.89681 ], [ -75.189879, 39.896775 ], [ -75.189553, 39.896694 ], [ -75.18922, 39.896641 ], [ -75.188882, 39.896596 ], [ -75.188542, 39.89657 ], [ -75.1882, 39.896584 ], [ -75.187859, 39.896609 ], [ -75.187519, 39.896636 ], [ -75.187183, 39.896682 ], [ -75.18685, 39.89674 ], [ -75.186518, 39.896799 ], [ -75.186185, 39.89686 ], [ -75.185189, 39.897048 ], [ -75.182871, 39.897502 ], [ -75.180555, 39.897966 ], [ -75.180225, 39.898033 ], [ -75.179893, 39.898099 ], [ -75.179563, 39.898166 ], [ -75.179023, 39.898273 ], [ -75.178571, 39.898364 ], [ -75.177907, 39.898494 ], [ -75.177576, 39.898556 ], [ -75.177242, 39.898613 ], [ -75.176903, 39.898652 ], [ -75.176562, 39.898666 ], [ -75.176223, 39.898643 ], [ -75.175885, 39.898606 ], [ -75.175571, 39.898569 ], [ -75.175319, 39.898539 ], [ -75.174959, 39.898488 ], [ -75.174862, 39.898474 ], [ -75.174063, 39.89836 ], [ -75.172972, 39.898205 ], [ -75.172657, 39.898102 ], [ -75.172343, 39.897998 ], [ -75.172028, 39.897896 ], [ -75.17171, 39.897799 ], [ -75.17139, 39.897711 ], [ -75.17106, 39.897639 ], [ -75.170726, 39.897583 ], [ -75.170389, 39.897542 ], [ -75.170095, 39.89752 ], [ -75.170046, 39.897521 ], [ -75.169705, 39.897504 ], [ -75.16834, 39.89746 ], [ -75.167998, 39.89745 ], [ -75.167658, 39.897439 ], [ -75.167315, 39.897429 ], [ -75.166975, 39.897418 ], [ -75.16595, 39.897388 ], [ -75.165609, 39.897377 ], [ -75.161169, 39.897248 ], [ -75.160827, 39.897239 ], [ -75.158778, 39.89718 ], [ -75.158436, 39.897171 ], [ -75.157071, 39.897131 ], [ -75.156728, 39.897122 ], [ -75.155362, 39.897082 ], [ -75.15502, 39.897076 ], [ -75.15468, 39.897064 ], [ -75.154342, 39.897024 ], [ -75.154006, 39.896976 ], [ -75.153669, 39.896932 ], [ -75.151526, 39.896647 ], [ -75.147111, 39.89606 ], [ -75.145924, 39.895901 ], [ -75.145587, 39.895857 ], [ -75.144277, 39.895682 ], [ -75.14425, 39.895662 ], [ -75.144225, 39.895648 ], [ -75.144184, 39.895633 ], [ -75.141533, 39.895062 ], [ -75.135429, 39.893009 ], [ -75.136177, 39.891789 ], [ -75.137296, 39.889966 ], [ -75.138527, 39.88889 ], [ -75.139832, 39.888317 ], [ -75.140108, 39.888192 ], [ -75.140823, 39.887535 ], [ -75.141522, 39.886891 ], [ -75.143746, 39.884998 ], [ -75.144411, 39.884822 ], [ -75.145626, 39.884502 ], [ -75.147366, 39.883921 ], [ -75.148893, 39.883727 ], [ -75.150653, 39.883504 ], [ -75.156628, 39.883027 ], [ -75.162872, 39.882649 ], [ -75.164519, 39.882622 ], [ -75.165303, 39.882599 ], [ -75.168658, 39.882503 ], [ -75.169129, 39.882493 ], [ -75.172647, 39.882421 ], [ -75.174539, 39.88236 ], [ -75.17677, 39.882288 ], [ -75.178594, 39.882245 ], [ -75.180112, 39.882197 ], [ -75.181386, 39.882123 ], [ -75.18288, 39.881977 ], [ -75.183956, 39.881885 ], [ -75.184909, 39.881735 ], [ -75.184964, 39.881726 ], [ -75.185735, 39.881607 ], [ -75.186417, 39.88144 ], [ -75.187126, 39.881285 ], [ -75.187214, 39.881267 ] ] ] } },
{ "type": "Feature", "properties": { "ZCTA5CE20": "19114", "TFID": 216592295, "STATEFP20": "42", "COUNTYFP20": "101", "TRACTCE20": "035301", "BLKGRPCE20": "3", "BLOCKCE20": "3001", "SUFFIX1CE": null, "UACE20": "69076", "PUMACE20": "03221", "STATEFP": "42", "COUNTYFP": "101", "TRACTCE": "035301", "BLKGRPCE": "3", "COUSUBFP": "60000", "SUBMCDFP": null, "ESTATEFP": null, "CONCTYFP": null, "PLACEFP": "60000", "AIANNHFP": null, "AIANNHCE": null, "COMPTYP": null, "TRSUBFP": null, "TRSUBCE": null, "ANRCFP": null, "TTRACTCE": null, "TBLKGPCE": null, "ELSDLEA": null, "SCSDLEA": null, "UNSDLEA": "18990", "SDADMLEA": null, "CD118FP": "02", "SLDUST": "005", "SLDLST": "174", "CSAFP": "428", "CBSAFP": "37980", "METDIVFP": "37964", "LWFLAG": "L", "OFFSET": "N", "ATOTAL": 107432, "INTPTLAT": "+40.0622776", "INTPTLON": "-74.9911948", "DP04_DP04_0001E_x": "14703", "DP04_DP04_0002E_x": "14111", "DP04_DP04_0003E_x": "592", "DP04_DP04_0089E_x": "276400", "DP04_DP04_0126E_x": "5031", "DP04_DP04_0134E_x": "1369", "DP04_DP04_0001E_y": "14703", "DP04_DP04_0002E_y": "14111", "DP04_DP04_0003E_y": "592", "DP04_DP04_0089E_y": "276400", "DP04_DP04_0126E_y": "5031", "DP04_DP04_0134E_y": "1369", "DP03_DP03_0002E": "16681", "DP03_DP03_0007E": "8557", "DP03_DP03_0062E": "76076", "DP03_DP03_0063E": "91445", "DP03_DP03_0064E": "10937", "DP03_DP03_0086E": "94179", "DP03_DP03_0087E": "110613", "DP03_DP03_0088E": "41174", "DP03_DP03_0119PE": "7.3", "DP02_DP02_0001E": "14111", "DP02_DP02_0016E": "2.17", "DP02_DP02_0017E": "2.91", "DP02_DP02_0053E": "6583", "DP02_DP02_0059E": "23010", "DP02_DP02_0067E": "20890", "DP02_DP02_0068E": "6936", "DP1_DP1_0001C": "32645", "DP1_DP1_0025C": "15543", "DP1_DP1_0049C": "17102", "DP1_DP1_0076C": "32645", "DP1_DP1_0084C": "2053" }, "geometry": { "type": "Polygon", "coordinates": [ [ [ -75.022326, 40.063682 ], [ -75.022388, 40.063772 ], [ -75.022563, 40.063927 ], [ -75.022657, 40.063998 ], [ -75.024226, 40.064932 ], [ -75.025331, 40.065589 ], [ -75.025427, 40.065647 ], [ -75.025871, 40.065912 ], [ -75.027404, 40.066812 ], [ -75.028256, 40.067314 ], [ -75.029612, 40.068125 ], [ -75.02966, 40.068154 ], [ -75.030064, 40.068612 ], [ -75.030119, 40.068693 ], [ -75.030171, 40.068751 ], [ -75.030395, 40.069043 ], [ -75.030417, 40.069072 ], [ -75.031283, 40.070199 ], [ -75.032655, 40.071807 ], [ -75.032965, 40.072152 ], [ -75.034737, 40.0742 ], [ -75.034839, 40.074307 ], [ -75.034949, 40.074458 ], [ -75.035087, 40.074617 ], [ -75.033652, 40.076074 ], [ -75.032996, 40.076775 ], [ -75.032899, 40.076876 ], [ -75.03144, 40.07838 ], [ -75.030805, 40.079036 ], [ -75.030411, 40.079444 ], [ -75.028952, 40.080968 ], [ -75.027845, 40.082117 ], [ -75.027611, 40.082361 ], [ -75.026795, 40.083189 ], [ -75.026424, 40.083594 ], [ -75.025229, 40.08482 ], [ -75.024653, 40.085429 ], [ -75.023996, 40.086107 ], [ -75.023397, 40.086716 ], [ -75.023045, 40.087087 ], [ -75.022541, 40.087615 ], [ -75.022043, 40.088135 ], [ -75.022029, 40.088151 ], [ -75.022018, 40.088161 ], [ -75.021863, 40.088315 ], [ -75.021846, 40.088333 ], [ -75.021551, 40.088645 ], [ -75.021105, 40.089116 ], [ -75.020066, 40.090171 ], [ -75.017575, 40.092754 ], [ -75.015528, 40.09486 ], [ -75.015367, 40.094734 ], [ -75.015223, 40.094626 ], [ -75.015067, 40.094515 ], [ -75.011231, 40.091399 ], [ -75.010191, 40.090599 ], [ -75.010089, 40.090559 ], [ -75.005998, 40.087229 ], [ -75.002629, 40.084486 ], [ -75.002578, 40.084426 ], [ -74.998754, 40.08132 ], [ -74.997233, 40.080023 ], [ -74.995803, 40.080845 ], [ -74.994348, 40.081681 ], [ -74.993392, 40.081611 ], [ -74.993278, 40.081501 ], [ -74.991256, 40.079804 ], [ -74.990976, 40.079989 ], [ -74.990363, 40.080401 ], [ -74.989436, 40.081006 ], [ -74.989312, 40.081106 ], [ -74.989272, 40.081147 ], [ -74.988763, 40.080698 ], [ -74.988165, 40.08109 ], [ -74.988167, 40.081249 ], [ -74.987861, 40.081257 ], [ -74.987522, 40.08134 ], [ -74.987487, 40.081257 ], [ -74.987382, 40.081307 ], [ -74.987247, 40.081074 ], [ -74.987164, 40.080973 ], [ -74.987027, 40.080802 ], [ -74.987745, 40.08034 ], [ -74.988219, 40.080029 ], [ -74.988387, 40.079902 ], [ -74.988371, 40.07988 ], [ -74.988552, 40.079912 ], [ -74.990273, 40.078781 ], [ -74.989637, 40.07823 ], [ -74.988771, 40.077506 ], [ -74.989139, 40.077231 ], [ -74.988851, 40.076994 ], [ -74.988272, 40.076466 ], [ -74.987568, 40.075825 ], [ -74.987382, 40.075654 ], [ -74.987162, 40.075502 ], [ -74.986886, 40.075332 ], [ -74.98657, 40.075198 ], [ -74.986285, 40.075106 ], [ -74.985994, 40.075019 ], [ -74.985749, 40.07492 ], [ -74.985414, 40.074756 ], [ -74.984987, 40.074526 ], [ -74.984901, 40.07448 ], [ -74.984631, 40.074335 ], [ -74.984319, 40.074648 ], [ -74.98307, 40.073975 ], [ -74.982346, 40.073458 ], [ -74.981389, 40.072751 ], [ -74.981545, 40.072438 ], [ -74.981604, 40.072307 ], [ -74.981173, 40.071985 ], [ -74.981257, 40.071783 ], [ -74.981347, 40.071493 ], [ -74.981413, 40.070988 ], [ -74.981563, 40.069522 ], [ -74.981084, 40.069483 ], [ -74.981026, 40.069279 ], [ -74.980781, 40.068596 ], [ -74.98068, 40.068419 ], [ -74.980164, 40.067627 ], [ -74.980115, 40.06755 ], [ -74.980083, 40.067465 ], [ -74.98007, 40.067402 ], [ -74.980079, 40.067311 ], [ -74.980124, 40.067176 ], [ -74.980263, 40.066977 ], [ -74.980489, 40.066642 ], [ -74.981081, 40.06602 ], [ -74.98113, 40.065958 ], [ -74.981148, 40.065895 ], [ -74.981156, 40.065852 ], [ -74.981158, 40.065819 ], [ -74.981152, 40.06578 ], [ -74.98113, 40.065733 ], [ -74.980989, 40.065508 ], [ -74.981023, 40.064939 ], [ -74.981016, 40.064847 ], [ -74.980939, 40.064713 ], [ -74.980903, 40.064616 ], [ -74.980873, 40.064466 ], [ -74.980901, 40.064381 ], [ -74.980905, 40.064269 ], [ -74.981022, 40.063818 ], [ -74.981139, 40.063683 ], [ -74.98114, 40.063368 ], [ -74.980905, 40.063007 ], [ -74.980905, 40.062737 ], [ -74.981081, 40.062557 ], [ -74.981081, 40.062422 ], [ -74.980964, 40.062061 ], [ -74.980964, 40.061746 ], [ -74.980847, 40.061611 ], [ -74.980847, 40.06116 ], [ -74.980671, 40.060845 ], [ -74.980378, 40.060574 ], [ -74.980378, 40.060349 ], [ -74.981551, 40.059448 ], [ -74.981844, 40.059088 ], [ -74.982372, 40.058683 ], [ -74.9829, 40.058367 ], [ -74.983017, 40.058367 ], [ -74.98331, 40.058187 ], [ -74.98387, 40.057948 ], [ -74.984129, 40.057837 ], [ -74.984365, 40.057737 ], [ -74.984805, 40.057399 ], [ -74.984893, 40.057287 ], [ -74.984893, 40.056976 ], [ -74.984893, 40.056836 ], [ -74.984483, 40.056295 ], [ -74.984302, 40.05585 ], [ -74.98419, 40.055575 ], [ -74.984203, 40.055516 ], [ -74.984199, 40.055503 ], [ -74.98419, 40.05547 ], [ -74.98419, 40.055349 ], [ -74.984073, 40.055124 ], [ -74.983997, 40.055066 ], [ -74.983968, 40.055043 ], [ -74.983932, 40.055016 ], [ -74.983904, 40.054994 ], [ -74.983889, 40.054979 ], [ -74.983838, 40.054912 ], [ -74.983555, 40.054538 ], [ -74.983487, 40.054448 ], [ -74.983194, 40.054223 ], [ -74.982666, 40.053953 ], [ -74.982549, 40.053953 ], [ -74.982202, 40.053804 ], [ -74.982022, 40.053727 ], [ -74.980028, 40.053637 ], [ -74.979735, 40.053547 ], [ -74.979715, 40.053473 ], [ -74.979695, 40.053399 ], [ -74.979549, 40.053245 ], [ -74.979466, 40.053157 ], [ -74.979094, 40.052861 ], [ -74.978558, 40.052493 ], [ -74.978415, 40.052415 ], [ -74.978186, 40.05229 ], [ -74.977923, 40.052132 ], [ -74.976281, 40.050659 ], [ -74.976012, 40.050417 ], [ -74.974996, 40.049506 ], [ -74.973981, 40.048595 ], [ -74.977435, 40.045714 ], [ -74.977846, 40.045372 ], [ -74.979329, 40.044447 ], [ -74.980262, 40.043865 ], [ -74.980779, 40.043543 ], [ -74.981462, 40.042934 ], [ -74.98277, 40.041772 ], [ -74.983185, 40.041404 ], [ -74.984683, 40.040322 ], [ -74.986573, 40.038958 ], [ -74.990302, 40.042377 ], [ -74.990605, 40.042372 ], [ -74.990941, 40.042515 ], [ -74.990976, 40.042526 ], [ -74.991657, 40.043131 ], [ -74.992269, 40.043675 ], [ -74.992878, 40.044209 ], [ -74.993203, 40.044494 ], [ -74.993487, 40.044759 ], [ -74.993823, 40.045044 ], [ -74.9941, 40.045297 ], [ -74.994721, 40.04584 ], [ -74.9954, 40.046438 ], [ -74.99627, 40.047202 ], [ -74.996654, 40.04754 ], [ -74.996799, 40.047677 ], [ -74.99714, 40.048017 ], [ -74.997292, 40.048152 ], [ -74.997627, 40.048439 ], [ -74.997859, 40.048645 ], [ -74.998092, 40.04885 ], [ -74.998153, 40.048905 ], [ -74.998618, 40.049318 ], [ -74.999222, 40.049861 ], [ -74.999792, 40.050364 ], [ -74.999877, 40.050402 ], [ -75.000021, 40.050355 ], [ -75.001177, 40.049591 ], [ -75.001474, 40.04939 ], [ -75.002014, 40.049024 ], [ -75.002142, 40.049056 ], [ -75.002422, 40.049124 ], [ -75.002735, 40.049215 ], [ -75.002851, 40.049247 ], [ -75.003293, 40.049368 ], [ -75.003868, 40.049575 ], [ -75.004153, 40.049691 ], [ -75.004419, 40.049806 ], [ -75.004762, 40.049971 ], [ -75.005266, 40.050235 ], [ -75.005768, 40.050559 ], [ -75.006162, 40.050843 ], [ -75.007886, 40.052381 ], [ -75.008375, 40.052778 ], [ -75.008464, 40.053112 ], [ -75.008527, 40.053538 ], [ -75.008779, 40.05365 ], [ -75.009212, 40.053999 ], [ -75.010143, 40.054607 ], [ -75.010874, 40.055084 ], [ -75.012734, 40.056295 ], [ -75.012828, 40.056404 ], [ -75.013138, 40.056628 ], [ -75.013368, 40.056717 ], [ -75.014167, 40.057236 ], [ -75.014444, 40.057424 ], [ -75.015829, 40.058316 ], [ -75.017075, 40.0591 ], [ -75.01764, 40.059475 ], [ -75.018393, 40.059928 ], [ -75.019815, 40.060783 ], [ -75.020575, 40.061252 ], [ -75.020622, 40.061282 ], [ -75.020734, 40.061351 ], [ -75.021052, 40.061566 ], [ -75.021185, 40.061691 ], [ -75.021306, 40.061838 ], [ -75.021402, 40.061991 ], [ -75.021465, 40.062111 ], [ -75.021992, 40.063113 ], [ -75.021839, 40.063259 ], [ -75.021707, 40.063392 ], [ -75.022217, 40.06352 ], [ -75.022253, 40.063581 ], [ -75.022326, 40.063682 ] ] ] } },
{ "type": "Feature", "properties": { "ZCTA5CE20": "19115", "TFID": 266613538, "STATEFP20": "42", "COUNTYFP20": "101", "TRACTCE20": "034400", "BLKGRPCE20": "3", "BLOCKCE20": "3008", "SUFFIX1CE": null, "UACE20": "69076", "PUMACE20": "03221", "STATEFP": "42", "COUNTYFP": "101", "TRACTCE": "034400", "BLKGRPCE": "3", "COUSUBFP": "60000", "SUBMCDFP": null, "ESTATEFP": null, "CONCTYFP": null, "PLACEFP": "60000", "AIANNHFP": null, "AIANNHCE": null, "COMPTYP": null, "TRSUBFP": null, "TRSUBCE": null, "ANRCFP": null, "TTRACTCE": null, "TBLKGPCE": null, "ELSDLEA": null, "SCSDLEA": null, "UNSDLEA": "18990", "SDADMLEA": null, "CD118FP": "02", "SLDUST": "005", "SLDLST": "172", "CSAFP": "428", "CBSAFP": "37980", "METDIVFP": "37964", "LWFLAG": "L", "OFFSET": "N", "ATOTAL": 44839, "INTPTLAT": "+40.1029399", "INTPTLON": "-75.0529390", "DP04_DP04_0001E_x": "15071", "DP04_DP04_0002E_x": "14665", "DP04_DP04_0003E_x": "406", "DP04_DP04_0089E_x": "330500", "DP04_DP04_0126E_x": "5481", "DP04_DP04_0134E_x": "1230", "DP04_DP04_0001E_y": "15071", "DP04_DP04_0002E_y": "14665", "DP04_DP04_0003E_y": "406", "DP04_DP04_0089E_y": "330500", "DP04_DP04_0126E_y": "5481", "DP04_DP04_0134E_y": "1230", "DP03_DP03_0002E": "17329", "DP03_DP03_0007E": "11344", "DP03_DP03_0062E": "70388", "DP03_DP03_0063E": "107350", "DP03_DP03_0064E": "10832", "DP03_DP03_0086E": "103167", "DP03_DP03_0087E": "132651", "DP03_DP03_0088E": "46812", "DP03_DP03_0119PE": "5.0", "DP02_DP02_0001E": "14665", "DP02_DP02_0016E": "2.33", "DP02_DP02_0017E": "2.99", "DP02_DP02_0053E": "6948", "DP02_DP02_0059E": "26112", "DP02_DP02_0067E": "24093", "DP02_DP02_0068E": "9640", "DP1_DP1_0001C": "35919", "DP1_DP1_0025C": "17260", "DP1_DP1_0049C": "18659", "DP1_DP1_0076C": "35919", "DP1_DP1_0084C": "2097" }, "geometry": { "type": "Polygon", "coordinates": [ [ [ -75.062599, 40.071997 ], [ -75.065724, 40.070193 ], [ -75.068767, 40.071708 ], [ -75.068862, 40.071845 ], [ -75.068984, 40.072021 ], [ -75.068961, 40.072312 ], [ -75.068958, 40.072358 ], [ -75.067823, 40.074097 ], [ -75.067333, 40.075504 ], [ -75.067202, 40.075883 ], [ -75.066273, 40.077544 ], [ -75.066202, 40.077928 ], [ -75.067597, 40.0788 ], [ -75.068463, 40.080164 ], [ -75.068276, 40.080345 ], [ -75.067924, 40.0806 ], [ -75.067088, 40.081173 ], [ -75.067018, 40.081221 ], [ -75.066881, 40.081316 ], [ -75.066754, 40.081404 ], [ -75.065473, 40.0823 ], [ -75.06392, 40.083366 ], [ -75.062454, 40.084372 ], [ -75.062384, 40.084412 ], [ -75.062288, 40.084478 ], [ -75.063196, 40.084871 ], [ -75.064003, 40.084965 ], [ -75.064608, 40.084861 ], [ -75.068235, 40.085035 ], [ -75.06877, 40.085344 ], [ -75.070339, 40.086674 ], [ -75.070919, 40.086874 ], [ -75.071691, 40.086977 ], [ -75.072784, 40.086865 ], [ -75.074488, 40.086788 ], [ -75.074485, 40.086848 ], [ -75.074429, 40.087087 ], [ -75.074265, 40.087371 ], [ -75.07418, 40.087463 ], [ -75.074163, 40.087483 ], [ -75.074069, 40.087585 ], [ -75.073882, 40.087729 ], [ -75.073616, 40.087907 ], [ -75.073486, 40.087929 ], [ -75.073352, 40.087986 ], [ -75.073153, 40.088066 ], [ -75.074483, 40.08907 ], [ -75.074525, 40.089102 ], [ -75.074561, 40.089124 ], [ -75.071369, 40.09243 ], [ -75.071281, 40.09252 ], [ -75.07127, 40.092532 ], [ -75.071171, 40.092635 ], [ -75.071009, 40.092802 ], [ -75.070708, 40.093114 ], [ -75.069456, 40.094411 ], [ -75.067703, 40.096224 ], [ -75.067174, 40.096772 ], [ -75.065651, 40.098354 ], [ -75.064933, 40.099092 ], [ -75.064457, 40.099584 ], [ -75.064203, 40.099846 ], [ -75.063745, 40.100321 ], [ -75.063603, 40.100466 ], [ -75.063537, 40.100533 ], [ -75.062796, 40.1013 ], [ -75.062732, 40.101367 ], [ -75.061401, 40.102741 ], [ -75.060318, 40.103859 ], [ -75.05954, 40.104656 ], [ -75.059196, 40.105011 ], [ -75.058342, 40.105892 ], [ -75.057953, 40.106163 ], [ -75.057518, 40.106377 ], [ -75.057067, 40.106632 ], [ -75.057178, 40.106694 ], [ -75.055328, 40.10799 ], [ -75.054321, 40.108692 ], [ -75.052975, 40.109636 ], [ -75.052925, 40.109669 ], [ -75.052134, 40.110221 ], [ -75.050658, 40.111252 ], [ -75.049526, 40.112042 ], [ -75.049392, 40.112135 ], [ -75.0493, 40.112199 ], [ -75.048542, 40.112729 ], [ -75.047805, 40.112242 ], [ -75.045008, 40.1106 ], [ -75.041245, 40.10839 ], [ -75.04002, 40.107666 ], [ -75.039835, 40.107566 ], [ -75.03946, 40.107362 ], [ -75.038842, 40.107112 ], [ -75.038215, 40.106951 ], [ -75.037784, 40.106873 ], [ -75.037156, 40.106832 ], [ -75.036486, 40.106823 ], [ -75.036064, 40.106784 ], [ -75.035645, 40.106672 ], [ -75.03536, 40.106557 ], [ -75.035221, 40.106496 ], [ -75.03476, 40.106216 ], [ -75.033897, 40.105689 ], [ -75.032998, 40.10511 ], [ -75.032554, 40.104833 ], [ -75.031567, 40.105285 ], [ -75.030222, 40.104491 ], [ -75.029996, 40.104716 ], [ -75.029945, 40.104764 ], [ -75.029586, 40.105118 ], [ -75.028812, 40.104922 ], [ -75.02955, 40.103202 ], [ -75.029709, 40.103059 ], [ -75.028883, 40.102543 ], [ -75.027912, 40.101949 ], [ -75.027635, 40.101765 ], [ -75.026967, 40.101506 ], [ -75.025655, 40.101142 ], [ -75.025559, 40.101117 ], [ -75.025526, 40.101109 ], [ -75.023927, 40.100702 ], [ -75.022789, 40.100415 ], [ -75.022291, 40.100276 ], [ -75.022086, 40.100212 ], [ -75.021842, 40.100098 ], [ -75.021423, 40.100405 ], [ -75.020051, 40.099215 ], [ -75.019531, 40.098777 ], [ -75.019375, 40.098777 ], [ -75.019227, 40.098503 ], [ -75.019181, 40.098418 ], [ -75.018957, 40.098489 ], [ -75.018878, 40.098318 ], [ -75.018664, 40.098156 ], [ -75.018526, 40.097992 ], [ -75.018498, 40.097918 ], [ -75.018468, 40.097839 ], [ -75.018413, 40.09787 ], [ -75.01828, 40.097915 ], [ -75.018203, 40.09778 ], [ -75.017769, 40.097396 ], [ -75.017673, 40.097298 ], [ -75.018233, 40.097105 ], [ -75.01657, 40.095717 ], [ -75.015616, 40.094922 ], [ -75.015528, 40.09486 ], [ -75.017575, 40.092754 ], [ -75.020066, 40.090171 ], [ -75.021105, 40.089116 ], [ -75.021551, 40.088645 ], [ -75.021846, 40.088333 ], [ -75.021863, 40.088315 ], [ -75.022018, 40.088161 ], [ -75.022029, 40.088151 ], [ -75.022043, 40.088135 ], [ -75.022541, 40.087615 ], [ -75.023045, 40.087087 ], [ -75.023397, 40.086716 ], [ -75.023996, 40.086107 ], [ -75.024653, 40.085429 ], [ -75.025229, 40.08482 ], [ -75.026424, 40.083594 ], [ -75.026795, 40.083189 ], [ -75.027611, 40.082361 ], [ -75.027845, 40.082117 ], [ -75.028952, 40.080968 ], [ -75.030411, 40.079444 ], [ -75.030805, 40.079036 ], [ -75.03144, 40.07838 ], [ -75.032899, 40.076876 ], [ -75.032996, 40.076775 ], [ -75.033652, 40.076074 ], [ -75.035087, 40.074617 ], [ -75.035975, 40.073674 ], [ -75.036627, 40.073019 ], [ -75.037352, 40.072257 ], [ -75.037569, 40.07203 ], [ -75.038299, 40.071261 ], [ -75.038889, 40.070653 ], [ -75.039163, 40.070369 ], [ -75.039394, 40.070066 ], [ -75.039561, 40.069854 ], [ -75.039848, 40.069452 ], [ -75.040265, 40.068747 ], [ -75.0406, 40.068042 ], [ -75.040629, 40.067979 ], [ -75.040723, 40.067768 ], [ -75.040771, 40.067658 ], [ -75.041431, 40.066104 ], [ -75.04145, 40.066059 ], [ -75.041465, 40.066025 ], [ -75.041938, 40.066163 ], [ -75.042219, 40.066304 ], [ -75.042556, 40.066335 ], [ -75.042876, 40.066367 ], [ -75.043189, 40.0665 ], [ -75.043377, 40.06668 ], [ -75.043667, 40.067102 ], [ -75.043753, 40.067392 ], [ -75.043862, 40.067838 ], [ -75.043878, 40.068346 ], [ -75.043878, 40.068777 ], [ -75.043761, 40.069136 ], [ -75.043541, 40.06952 ], [ -75.043268, 40.069981 ], [ -75.043064, 40.070412 ], [ -75.042837, 40.07085 ], [ -75.042814, 40.071006 ], [ -75.04261, 40.071186 ], [ -75.042384, 40.071437 ], [ -75.042047, 40.071742 ], [ -75.041765, 40.071922 ], [ -75.041515, 40.072086 ], [ -75.041382, 40.072235 ], [ -75.041296, 40.072391 ], [ -75.041304, 40.072579 ], [ -75.04146, 40.07272 ], [ -75.041672, 40.072853 ], [ -75.041898, 40.07297 ], [ -75.04218, 40.073072 ], [ -75.042548, 40.073228 ], [ -75.042822, 40.073361 ], [ -75.04308, 40.073487 ], [ -75.043307, 40.073541 ], [ -75.043534, 40.073604 ], [ -75.043682, 40.073667 ], [ -75.043854, 40.073768 ], [ -75.043933, 40.073909 ], [ -75.043909, 40.07405 ], [ -75.043839, 40.07423 ], [ -75.043729, 40.074426 ], [ -75.043534, 40.074872 ], [ -75.043455, 40.07513 ], [ -75.04351, 40.075372 ], [ -75.043714, 40.075732 ], [ -75.043917, 40.075983 ], [ -75.0441, 40.076203 ], [ -75.044183, 40.076303 ], [ -75.044371, 40.076522 ], [ -75.044618, 40.076727 ], [ -75.044787, 40.076947 ], [ -75.044868, 40.077155 ], [ -75.044973, 40.07741 ], [ -75.045199, 40.077607 ], [ -75.045436, 40.077816 ], [ -75.045703, 40.077972 ], [ -75.045981, 40.0781 ], [ -75.046184, 40.07821 ], [ -75.046595, 40.078332 ], [ -75.046903, 40.078413 ], [ -75.047198, 40.078453 ], [ -75.047494, 40.078453 ], [ -75.04783, 40.078442 ], [ -75.048166, 40.078442 ], [ -75.048473, 40.078465 ], [ -75.048803, 40.078511 ], [ -75.049134, 40.07854 ], [ -75.049464, 40.07854 ], [ -75.049708, 40.07854 ], [ -75.049968, 40.078587 ], [ -75.050113, 40.078587 ], [ -75.050324, 40.078549 ], [ -75.050594, 40.078495 ], [ -75.050834, 40.078418 ], [ -75.051112, 40.07831 ], [ -75.051436, 40.078109 ], [ -75.051637, 40.077931 ], [ -75.051823, 40.077745 ], [ -75.051931, 40.077599 ], [ -75.052078, 40.077568 ], [ -75.052356, 40.07756 ], [ -75.052572, 40.07756 ], [ -75.052835, 40.077545 ], [ -75.053191, 40.077506 ], [ -75.053422, 40.077444 ], [ -75.053646, 40.07729 ], [ -75.053816, 40.077104 ], [ -75.053894, 40.07678 ], [ -75.05394, 40.076409 ], [ -75.053956, 40.076076 ], [ -75.054048, 40.075976 ], [ -75.054334, 40.075891 ], [ -75.054574, 40.07593 ], [ -75.054788, 40.076103 ], [ -75.055061, 40.076355 ], [ -75.055408, 40.076756 ], [ -75.055527, 40.076666 ], [ -75.055712, 40.076524 ], [ -75.057625, 40.075072 ], [ -75.057848, 40.074896 ], [ -75.05821, 40.074605 ], [ -75.058503, 40.074804 ], [ -75.062599, 40.071997 ] ] ] } },
{ "type": "Feature", "properties": { "ZCTA5CE20": "19116", "TFID": 262904692, "STATEFP20": "42", "COUNTYFP20": "101", "TRACTCE20": "036501", "BLKGRPCE20": "1", "BLOCKCE20": "1020", "SUFFIX1CE": null, "UACE20": "69076", "PUMACE20": "03221", "STATEFP": "42", "COUNTYFP": "101", "TRACTCE": "036501", "BLKGRPCE": "1", "COUSUBFP": "60000", "SUBMCDFP": null, "ESTATEFP": null, "CONCTYFP": null, "PLACEFP": "60000", "AIANNHFP": null, "AIANNHCE": null, "COMPTYP": null, "TRSUBFP": null, "TRSUBCE": null, "ANRCFP": null, "TTRACTCE": null, "TBLKGPCE": null, "ELSDLEA": null, "SCSDLEA": null, "UNSDLEA": "18990", "SDADMLEA": null, "CD118FP": "02", "SLDUST": "005", "SLDLST": "170", "CSAFP": "428", "CBSAFP": "37980", "METDIVFP": "37964", "LWFLAG": "L", "OFFSET": "N", "ATOTAL": 10849, "INTPTLAT": "+40.1281342", "INTPTLON": "-75.0222843", "DP04_DP04_0001E_x": "14166", "DP04_DP04_0002E_x": "13589", "DP04_DP04_0003E_x": "577", "DP04_DP04_0089E_x": "321400", "DP04_DP04_0126E_x": "5273", "DP04_DP04_0134E_x": "1214", "DP04_DP04_0001E_y": "14166", "DP04_DP04_0002E_y": "13589", "DP04_DP04_0003E_y": "577", "DP04_DP04_0089E_y": "321400", "DP04_DP04_0126E_y": "5273", "DP04_DP04_0134E_y": "1214", "DP03_DP03_0002E": "15878", "DP03_DP03_0007E": "11663", "DP03_DP03_0062E": "67558", "DP03_DP03_0063E": "88964", "DP03_DP03_0064E": "10034", "DP03_DP03_0086E": "85389", "DP03_DP03_0087E": "101646", "DP03_DP03_0088E": "35833", "DP03_DP03_0119PE": "11.5", "DP02_DP02_0001E": "13589", "DP02_DP02_0016E": "2.40", "DP02_DP02_0017E": "2.97", "DP02_DP02_0053E": "6193", "DP02_DP02_0059E": "25288", "DP02_DP02_0067E": "22809", "DP02_DP02_0068E": "9134", "DP1_DP1_0001C": "35610", "DP1_DP1_0025C": "17321", "DP1_DP1_0049C": "18289", "DP1_DP1_0076C": "35610", "DP1_DP1_0084C": "2211" }, "geometry": { "type": "Polygon", "coordinates": [ [ [ -75.028812, 40.104922 ], [ -75.029586, 40.105118 ], [ -75.029945, 40.104764 ], [ -75.029996, 40.104716 ], [ -75.030222, 40.104491 ], [ -75.031567, 40.105285 ], [ -75.032554, 40.104833 ], [ -75.032998, 40.10511 ], [ -75.033897, 40.105689 ], [ -75.03476, 40.106216 ], [ -75.035221, 40.106496 ], [ -75.03536, 40.106557 ], [ -75.035645, 40.106672 ], [ -75.036064, 40.106784 ], [ -75.036486, 40.106823 ], [ -75.037156, 40.106832 ], [ -75.037784, 40.106873 ], [ -75.038215, 40.106951 ], [ -75.038842, 40.107112 ], [ -75.03946, 40.107362 ], [ -75.039835, 40.107566 ], [ -75.04002, 40.107666 ], [ -75.041245, 40.10839 ], [ -75.045008, 40.1106 ], [ -75.047805, 40.112242 ], [ -75.048542, 40.112729 ], [ -75.047449, 40.113492 ], [ -75.044263, 40.115713 ], [ -75.044216, 40.115747 ], [ -75.043856, 40.115997 ], [ -75.043807, 40.116031 ], [ -75.042307, 40.117078 ], [ -75.039043, 40.119356 ], [ -75.038709, 40.119599 ], [ -75.038336, 40.11987 ], [ -75.038289, 40.119902 ], [ -75.037842, 40.120213 ], [ -75.037554, 40.120413 ], [ -75.033633, 40.12313 ], [ -75.033263, 40.123385 ], [ -75.031805, 40.124397 ], [ -75.031652, 40.124503 ], [ -75.026233, 40.12826 ], [ -75.025787, 40.128571 ], [ -75.025131, 40.129082 ], [ -75.024891, 40.129216 ], [ -75.02371, 40.130053 ], [ -75.023008, 40.13055 ], [ -75.020571, 40.132274 ], [ -75.019598, 40.133229 ], [ -75.01795, 40.134848 ], [ -75.017777, 40.135025 ], [ -75.017021, 40.135806 ], [ -75.01649, 40.136354 ], [ -75.016322, 40.136527 ], [ -75.015629, 40.137335 ], [ -75.015066, 40.137992 ], [ -75.014703, 40.137771 ], [ -75.014575, 40.137693 ], [ -75.014388, 40.137578 ], [ -75.013884, 40.137269 ], [ -75.012745, 40.136573 ], [ -75.012587, 40.136477 ], [ -75.012378, 40.136349 ], [ -75.01227, 40.136284 ], [ -75.011899, 40.136058 ], [ -75.011454, 40.135788 ], [ -75.011047, 40.13553 ], [ -75.010627, 40.135276 ], [ -75.009465, 40.13457 ], [ -75.009117, 40.134355 ], [ -75.008664, 40.134075 ], [ -75.00853, 40.133992 ], [ -75.007687, 40.133528 ], [ -75.007412, 40.133377 ], [ -75.006902, 40.13308 ], [ -75.005988, 40.132548 ], [ -75.005946, 40.132524 ], [ -75.005902, 40.132498 ], [ -75.005692, 40.132376 ], [ -75.004096, 40.131447 ], [ -75.003998, 40.13139 ], [ -75.003909, 40.131339 ], [ -75.003255, 40.131012 ], [ -75.002273, 40.130377 ], [ -75.001525, 40.129936 ], [ -75.000957, 40.12961 ], [ -74.999744, 40.128911 ], [ -74.999584, 40.128819 ], [ -74.99946, 40.128748 ], [ -74.998981, 40.128459 ], [ -74.998564, 40.128217 ], [ -74.998518, 40.12819 ], [ -74.997885, 40.127816 ], [ -74.9978, 40.127902 ], [ -74.997571, 40.128117 ], [ -74.997448, 40.128249 ], [ -74.994187, 40.131516 ], [ -74.99376, 40.13205 ], [ -74.993595, 40.132266 ], [ -74.993462, 40.132104 ], [ -74.993262, 40.131933 ], [ -74.992939, 40.131593 ], [ -74.992596, 40.131275 ], [ -74.992324, 40.130879 ], [ -74.992302, 40.13083 ], [ -74.992288, 40.130682 ], [ -74.992366, 40.130511 ], [ -74.992416, 40.13044 ], [ -74.992609, 40.130253 ], [ -74.992831, 40.129989 ], [ -74.992945, 40.129792 ], [ -74.993009, 40.129627 ], [ -74.993038, 40.129495 ], [ -74.993073, 40.129083 ], [ -74.993145, 40.128748 ], [ -74.993187, 40.128638 ], [ -74.993352, 40.128298 ], [ -74.993409, 40.128215 ], [ -74.99353, 40.128078 ], [ -74.99368, 40.127852 ], [ -74.993752, 40.127765 ], [ -74.993866, 40.127534 ], [ -74.993909, 40.127292 ], [ -74.993973, 40.127045 ], [ -74.993973, 40.126963 ], [ -74.993909, 40.126776 ], [ -74.993823, 40.126683 ], [ -74.993768, 40.126643 ], [ -74.993687, 40.126584 ], [ -74.993603, 40.126535 ], [ -74.993479, 40.126463 ], [ -74.99341, 40.126431 ], [ -74.993336, 40.126397 ], [ -74.993143, 40.126326 ], [ -74.992814, 40.126238 ], [ -74.99242, 40.126194 ], [ -74.99184, 40.126178 ], [ -74.991461, 40.1262 ], [ -74.991254, 40.126233 ], [ -74.991225, 40.126244 ], [ -74.991082, 40.126255 ], [ -74.990846, 40.126316 ], [ -74.990338, 40.126371 ], [ -74.9903, 40.126378 ], [ -74.990214, 40.126392 ], [ -74.990157, 40.126392 ], [ -74.989751, 40.126382 ], [ -74.989608, 40.126361 ], [ -74.989365, 40.126295 ], [ -74.989272, 40.126262 ], [ -74.989165, 40.126196 ], [ -74.989014, 40.12607 ], [ -74.988871, 40.125921 ], [ -74.988713, 40.125685 ], [ -74.988642, 40.125532 ], [ -74.988613, 40.125444 ], [ -74.988577, 40.125213 ], [ -74.988563, 40.124999 ], [ -74.988605, 40.124643 ], [ -74.988632, 40.124416 ], [ -74.988453, 40.124268 ], [ -74.98778, 40.123917 ], [ -74.987573, 40.12373 ], [ -74.987451, 40.123571 ], [ -74.987329, 40.123373 ], [ -74.987289, 40.123337 ], [ -74.98725, 40.123302 ], [ -74.987193, 40.123286 ], [ -74.987059, 40.123247 ], [ -74.986928, 40.123209 ], [ -74.986692, 40.123187 ], [ -74.986327, 40.123264 ], [ -74.985076, 40.123874 ], [ -74.984983, 40.123896 ], [ -74.984754, 40.123874 ], [ -74.98446, 40.123807 ], [ -74.984102, 40.123726 ], [ -74.983781, 40.123721 ], [ -74.983523, 40.123671 ], [ -74.983282, 40.123535 ], [ -74.983001, 40.123377 ], [ -74.982958, 40.123353 ], [ -74.982678, 40.123007 ], [ -74.982471, 40.122667 ], [ -74.982392, 40.122464 ], [ -74.982249, 40.122195 ], [ -74.982213, 40.122057 ], [ -74.982291, 40.121739 ], [ -74.982448, 40.121442 ], [ -74.982541, 40.121321 ], [ -74.982627, 40.121134 ], [ -74.982706, 40.121057 ], [ -74.982748, 40.120887 ], [ -74.982713, 40.120733 ], [ -74.982677, 40.120651 ], [ -74.982283, 40.120338 ], [ -74.981947, 40.120245 ], [ -74.980809, 40.12007 ], [ -74.980215, 40.120015 ], [ -74.980112, 40.119933 ], [ -74.980076, 40.119903 ], [ -74.980058, 40.119883 ], [ -74.98004, 40.119862 ], [ -74.97994, 40.119742 ], [ -74.98, 40.1197 ], [ -74.981473, 40.118675 ], [ -74.981744, 40.118465 ], [ -74.983294, 40.117252 ], [ -74.983765, 40.116944 ], [ -74.984097, 40.116697 ], [ -74.984976, 40.116047 ], [ -74.987777, 40.114127 ], [ -74.98962, 40.112846 ], [ -74.99072, 40.1121 ], [ -74.993661, 40.110067 ], [ -74.994187, 40.109705 ], [ -74.994432, 40.109534 ], [ -74.995214, 40.108994 ], [ -74.995497, 40.108798 ], [ -74.996199, 40.108324 ], [ -74.996668, 40.108006 ], [ -74.996796, 40.108117 ], [ -74.996956, 40.108007 ], [ -74.997124, 40.108151 ], [ -74.998127, 40.107474 ], [ -74.99919, 40.106714 ], [ -75.001796, 40.10493 ], [ -75.002623, 40.104363 ], [ -75.003127, 40.104017 ], [ -75.003393, 40.103833 ], [ -75.003664, 40.103638 ], [ -75.005107, 40.102637 ], [ -75.006401, 40.101759 ], [ -75.007969, 40.100672 ], [ -75.008641, 40.100211 ], [ -75.0087, 40.100171 ], [ -75.009384, 40.099703 ], [ -75.009399, 40.099694 ], [ -75.00979, 40.099424 ], [ -75.011648, 40.098138 ], [ -75.012249, 40.097733 ], [ -75.012543, 40.097523 ], [ -75.012727, 40.097392 ], [ -75.014156, 40.096236 ], [ -75.014321, 40.096065 ], [ -75.014731, 40.09568 ], [ -75.015151, 40.095273 ], [ -75.015528, 40.09486 ], [ -75.015616, 40.094922 ], [ -75.01657, 40.095717 ], [ -75.018233, 40.097105 ], [ -75.017673, 40.097298 ], [ -75.017769, 40.097396 ], [ -75.018203, 40.09778 ], [ -75.01828, 40.097915 ], [ -75.018413, 40.09787 ], [ -75.018468, 40.097839 ], [ -75.018498, 40.097918 ], [ -75.018526, 40.097992 ], [ -75.018664, 40.098156 ], [ -75.018878, 40.098318 ], [ -75.018957, 40.098489 ], [ -75.019181, 40.098418 ], [ -75.019227, 40.098503 ], [ -75.019375, 40.098777 ], [ -75.019531, 40.098777 ], [ -75.020051, 40.099215 ], [ -75.021423, 40.100405 ], [ -75.021842, 40.100098 ], [ -75.022086, 40.100212 ], [ -75.022291, 40.100276 ], [ -75.022789, 40.100415 ], [ -75.023927, 40.100702 ], [ -75.025526, 40.101109 ], [ -75.025559, 40.101117 ], [ -75.025655, 40.101142 ], [ -75.026967, 40.101506 ], [ -75.027635, 40.101765 ], [ -75.027912, 40.101949 ], [ -75.028883, 40.102543 ], [ -75.029709, 40.103059 ], [ -75.02955, 40.103202 ], [ -75.028812, 40.104922 ] ] ] } },
{ "type": "Feature", "properties": { "ZCTA5CE20": "19118", "TFID": 216589874, "STATEFP20": "42", "COUNTYFP20": "101", "TRACTCE20": "980100", "BLKGRPCE20": "1", "BLOCKCE20": "1000", "SUFFIX1CE": "B", "UACE20": "69076", "PUMACE20": "03216", "STATEFP": "42", "COUNTYFP": "101", "TRACTCE": "980100", "BLKGRPCE": "1", "COUSUBFP": "60000", "SUBMCDFP": null, "ESTATEFP": null, "CONCTYFP": null, "PLACEFP": "60000", "AIANNHFP": null, "AIANNHCE": null, "COMPTYP": null, "TRSUBFP": null, "TRSUBCE": null, "ANRCFP": null, "TTRACTCE": null, "TBLKGPCE": null, "ELSDLEA": null, "SCSDLEA": null, "UNSDLEA": "18990", "SDADMLEA": null, "CD118FP": "03", "SLDUST": "007", "SLDLST": "194", "CSAFP": "428", "CBSAFP": "37980", "METDIVFP": "37964", "LWFLAG": "L", "OFFSET": "N", "ATOTAL": 82087, "INTPTLAT": "+40.0842838", "INTPTLON": "-75.2311115", "DP04_DP04_0001E_x": "5079", "DP04_DP04_0002E_x": "4782", "DP04_DP04_0003E_x": "297", "DP04_DP04_0089E_x": "688000", "DP04_DP04_0126E_x": "2359", "DP04_DP04_0134E_x": "1772", "DP04_DP04_0001E_y": "5079", "DP04_DP04_0002E_y": "4782", "DP04_DP04_0003E_y": "297", "DP04_DP04_0089E_y": "688000", "DP04_DP04_0126E_y": "2359", "DP04_DP04_0134E_y": "1772", "DP03_DP03_0002E": "5676", "DP03_DP03_0007E": "3151", "DP03_DP03_0062E": "105667", "DP03_DP03_0063E": "179009", "DP03_DP03_0064E": "3646", "DP03_DP03_0086E": "179583", "DP03_DP03_0087E": "273647", "DP03_DP03_0088E": "84544", "DP03_DP03_0119PE": "1.7", "DP02_DP02_0001E": "4782", "DP02_DP02_0016E": "1.96", "DP02_DP02_0017E": "2.71", "DP02_DP02_0053E": "2324", "DP02_DP02_0059E": "7682", "DP02_DP02_0067E": "7537", "DP02_DP02_0068E": "5861", "DP1_DP1_0001C": "9728", "DP1_DP1_0025C": "4293", "DP1_DP1_0049C": "5435", "DP1_DP1_0076C": "9728", "DP1_DP1_0084C": "552" }, "geometry": { "type": "Polygon", "coordinates": [ [ [ -75.218137, 40.055193 ], [ -75.218089, 40.054748 ], [ -75.218177, 40.054665 ], [ -75.218312, 40.055455 ], [ -75.21835, 40.055639 ], [ -75.21839, 40.055861 ], [ -75.21842, 40.056009 ], [ -75.218447, 40.056148 ], [ -75.218468, 40.056261 ], [ -75.218505, 40.056376 ], [ -75.218582, 40.056538 ], [ -75.218852, 40.057005 ], [ -75.219038, 40.057204 ], [ -75.219123, 40.057282 ], [ -75.219226, 40.057371 ], [ -75.219369, 40.05751 ], [ -75.219532, 40.057634 ], [ -75.219623, 40.057706 ], [ -75.219641, 40.057726 ], [ -75.219696, 40.057787 ], [ -75.219876, 40.057988 ], [ -75.219991, 40.058146 ], [ -75.220132, 40.058387 ], [ -75.220241, 40.058527 ], [ -75.220489, 40.058784 ], [ -75.220608, 40.058945 ], [ -75.220738, 40.05907 ], [ -75.22107, 40.059486 ], [ -75.221223, 40.05966 ], [ -75.221457, 40.059957 ], [ -75.221647, 40.060174 ], [ -75.221806, 40.060329 ], [ -75.22195, 40.060503 ], [ -75.222067, 40.060655 ], [ -75.222238, 40.060886 ], [ -75.222355, 40.061114 ], [ -75.222478, 40.061439 ], [ -75.222633, 40.061941 ], [ -75.222703, 40.06218 ], [ -75.222797, 40.062425 ], [ -75.222899, 40.062665 ], [ -75.223002, 40.062898 ], [ -75.223083, 40.063027 ], [ -75.22341, 40.063355 ], [ -75.223621, 40.063654 ], [ -75.223704, 40.063769 ], [ -75.223763, 40.063894 ], [ -75.223801, 40.064055 ], [ -75.22381, 40.064153 ], [ -75.223819, 40.064296 ], [ -75.223823, 40.064418 ], [ -75.223803, 40.064533 ], [ -75.223722, 40.064662 ], [ -75.223646, 40.064753 ], [ -75.223532, 40.064856 ], [ -75.223423, 40.064939 ], [ -75.223302, 40.065027 ], [ -75.223172, 40.065091 ], [ -75.223051, 40.065143 ], [ -75.223003, 40.06516 ], [ -75.222915, 40.065189 ], [ -75.222756, 40.065246 ], [ -75.222387, 40.065384 ], [ -75.222177, 40.065458 ], [ -75.222009, 40.065522 ], [ -75.221866, 40.065574 ], [ -75.221537, 40.065694 ], [ -75.221379, 40.065767 ], [ -75.221273, 40.065843 ], [ -75.221124, 40.065963 ], [ -75.221017, 40.066072 ], [ -75.220927, 40.066218 ], [ -75.220859, 40.066392 ], [ -75.220838, 40.066529 ], [ -75.220826, 40.066651 ], [ -75.220824, 40.066806 ], [ -75.220828, 40.066859 ], [ -75.220941, 40.067 ], [ -75.221069, 40.067209 ], [ -75.221122, 40.06729 ], [ -75.221149, 40.067416 ], [ -75.221224, 40.067573 ], [ -75.221342, 40.067799 ], [ -75.221425, 40.067934 ], [ -75.221515, 40.068026 ], [ -75.221593, 40.068099 ], [ -75.221942, 40.068413 ], [ -75.222445, 40.068853 ], [ -75.222896, 40.069244 ], [ -75.223434, 40.069735 ], [ -75.223776, 40.070013 ], [ -75.224068, 40.070232 ], [ -75.224592, 40.07061 ], [ -75.225126, 40.070989 ], [ -75.225459, 40.071238 ], [ -75.225651, 40.071397 ], [ -75.225731, 40.071478 ], [ -75.22579, 40.071548 ], [ -75.225812, 40.07162 ], [ -75.225846, 40.071905 ], [ -75.225694, 40.07188 ], [ -75.225607, 40.071864 ], [ -75.225546, 40.072064 ], [ -75.225441, 40.072206 ], [ -75.225262, 40.072422 ], [ -75.224949, 40.072616 ], [ -75.224576, 40.072833 ], [ -75.224233, 40.073004 ], [ -75.223912, 40.073153 ], [ -75.223613, 40.073355 ], [ -75.223322, 40.073564 ], [ -75.223158, 40.07378 ], [ -75.223009, 40.074093 ], [ -75.222987, 40.074399 ], [ -75.223099, 40.074653 ], [ -75.223263, 40.074959 ], [ -75.223397, 40.075198 ], [ -75.223494, 40.075571 ], [ -75.223725, 40.075996 ], [ -75.223919, 40.076354 ], [ -75.224151, 40.07672 ], [ -75.224359, 40.076996 ], [ -75.224501, 40.077317 ], [ -75.224732, 40.077876 ], [ -75.224904, 40.078369 ], [ -75.225083, 40.078615 ], [ -75.22527, 40.078876 ], [ -75.225475, 40.079247 ], [ -75.22549, 40.079242 ], [ -75.225589, 40.079207 ], [ -75.225988, 40.079068 ], [ -75.226068, 40.079236 ], [ -75.226222, 40.079556 ], [ -75.226326, 40.079759 ], [ -75.226614, 40.08013 ], [ -75.226735, 40.080284 ], [ -75.227063, 40.080614 ], [ -75.227215, 40.080754 ], [ -75.227252, 40.080816 ], [ -75.227326, 40.080945 ], [ -75.227444, 40.081209 ], [ -75.227611, 40.081377 ], [ -75.22779, 40.08149 ], [ -75.228418, 40.08182 ], [ -75.229004, 40.082046 ], [ -75.229409, 40.082195 ], [ -75.229707, 40.082268 ], [ -75.229996, 40.082384 ], [ -75.230311, 40.082452 ], [ -75.230869, 40.082549 ], [ -75.231412, 40.082658 ], [ -75.231598, 40.082742 ], [ -75.231847, 40.082893 ], [ -75.232002, 40.082969 ], [ -75.232486, 40.083156 ], [ -75.232703, 40.083258 ], [ -75.232828, 40.08334 ], [ -75.232902, 40.083457 ], [ -75.232942, 40.083588 ], [ -75.232952, 40.083618 ], [ -75.232908, 40.083665 ], [ -75.232596, 40.083998 ], [ -75.231851, 40.084726 ], [ -75.231721, 40.084852 ], [ -75.230929, 40.085628 ], [ -75.2305, 40.086022 ], [ -75.229772, 40.086758 ], [ -75.229612, 40.086922 ], [ -75.229581, 40.086953 ], [ -75.229061, 40.087469 ], [ -75.228974, 40.087556 ], [ -75.22869, 40.087839 ], [ -75.228277, 40.088251 ], [ -75.227882, 40.088642 ], [ -75.227829, 40.088696 ], [ -75.227776, 40.088745 ], [ -75.227707, 40.088818 ], [ -75.225182, 40.091347 ], [ -75.22361, 40.092907 ], [ -75.22242, 40.092232 ], [ -75.221573, 40.091755 ], [ -75.221222, 40.091557 ], [ -75.220305, 40.09103 ], [ -75.220234, 40.09099 ], [ -75.220056, 40.090889 ], [ -75.21965, 40.090654 ], [ -75.218001, 40.089705 ], [ -75.217964, 40.089684 ], [ -75.216798, 40.089015 ], [ -75.216782, 40.089005 ], [ -75.216696, 40.088955 ], [ -75.215172, 40.088074 ], [ -75.214348, 40.087605 ], [ -75.21357, 40.087154 ], [ -75.213388, 40.087042 ], [ -75.213302, 40.086963 ], [ -75.213198, 40.086865 ], [ -75.21247, 40.086066 ], [ -75.212375, 40.085995 ], [ -75.212194, 40.085971 ], [ -75.212111, 40.085962 ], [ -75.212007, 40.085968 ], [ -75.211928, 40.086006 ], [ -75.211868, 40.086086 ], [ -75.21172, 40.086012 ], [ -75.211525, 40.085915 ], [ -75.211456, 40.085883 ], [ -75.210449, 40.085419 ], [ -75.210388, 40.085392 ], [ -75.20977, 40.085133 ], [ -75.209396, 40.084927 ], [ -75.20874, 40.084435 ], [ -75.208412, 40.084175 ], [ -75.20784, 40.083778 ], [ -75.207649, 40.083668 ], [ -75.206711, 40.083214 ], [ -75.206322, 40.082993 ], [ -75.204865, 40.082157 ], [ -75.204716, 40.082071 ], [ -75.204147, 40.081741 ], [ -75.202652, 40.080894 ], [ -75.200928, 40.079899 ], [ -75.200378, 40.07959 ], [ -75.198492, 40.078507 ], [ -75.198334, 40.078415 ], [ -75.197721, 40.078061 ], [ -75.197601, 40.077991 ], [ -75.196419, 40.077305 ], [ -75.195938, 40.077034 ], [ -75.194992, 40.076496 ], [ -75.19174, 40.074652 ], [ -75.190831, 40.074114 ], [ -75.189203, 40.073174 ], [ -75.189582, 40.07281 ], [ -75.189983, 40.072482 ], [ -75.190325, 40.072233 ], [ -75.190626, 40.071989 ], [ -75.191375, 40.071235 ], [ -75.191574, 40.071008 ], [ -75.191617, 40.070961 ], [ -75.191818, 40.070661 ], [ -75.192143, 40.0702 ], [ -75.192521, 40.06978 ], [ -75.192845, 40.069443 ], [ -75.193222, 40.06909 ], [ -75.19351, 40.068819 ], [ -75.193747, 40.068624 ], [ -75.193959, 40.06847 ], [ -75.194368, 40.068096 ], [ -75.194852, 40.067645 ], [ -75.195121, 40.067456 ], [ -75.195517, 40.067258 ], [ -75.195703, 40.067123 ], [ -75.195932, 40.066921 ], [ -75.196096, 40.066785 ], [ -75.196258, 40.066679 ], [ -75.196385, 40.066623 ], [ -75.196638, 40.066481 ], [ -75.196819, 40.066272 ], [ -75.197048, 40.066076 ], [ -75.197734, 40.06555 ], [ -75.197882, 40.065462 ], [ -75.198153, 40.06514 ], [ -75.198479, 40.06466 ], [ -75.198659, 40.064512 ], [ -75.198854, 40.064389 ], [ -75.199247, 40.06424 ], [ -75.199505, 40.064105 ], [ -75.199797, 40.063954 ], [ -75.200032, 40.063777 ], [ -75.200192, 40.063649 ], [ -75.200359, 40.063476 ], [ -75.200444, 40.063526 ], [ -75.200489, 40.063474 ], [ -75.20051, 40.063437 ], [ -75.200529, 40.063398 ], [ -75.200541, 40.063364 ], [ -75.200552, 40.063315 ], [ -75.200551, 40.063253 ], [ -75.200549, 40.06322 ], [ -75.200547, 40.063185 ], [ -75.200519, 40.063085 ], [ -75.200489, 40.062996 ], [ -75.200453, 40.062894 ], [ -75.200447, 40.062836 ], [ -75.200455, 40.06281 ], [ -75.200459, 40.062791 ], [ -75.200478, 40.062725 ], [ -75.200472, 40.062686 ], [ -75.200443, 40.062638 ], [ -75.200441, 40.062603 ], [ -75.20046, 40.062541 ], [ -75.200476, 40.062513 ], [ -75.200497, 40.062493 ], [ -75.20052, 40.062479 ], [ -75.200545, 40.062457 ], [ -75.200559, 40.062407 ], [ -75.200551, 40.062346 ], [ -75.200554, 40.062251 ], [ -75.200567, 40.062213 ], [ -75.20061, 40.0621 ], [ -75.20062, 40.062034 ], [ -75.200631, 40.062012 ], [ -75.20068, 40.061964 ], [ -75.20073, 40.061918 ], [ -75.200754, 40.061907 ], [ -75.200783, 40.061889 ], [ -75.200837, 40.06184 ], [ -75.200907, 40.061755 ], [ -75.200984, 40.061674 ], [ -75.201049, 40.061608 ], [ -75.201078, 40.061563 ], [ -75.201082, 40.061525 ], [ -75.201084, 40.061488 ], [ -75.201077, 40.061448 ], [ -75.201067, 40.061408 ], [ -75.201047, 40.061337 ], [ -75.201041, 40.061255 ], [ -75.201029, 40.061155 ], [ -75.201004, 40.061094 ], [ -75.200984, 40.061063 ], [ -75.200974, 40.061031 ], [ -75.200972, 40.060997 ], [ -75.200983, 40.06095 ], [ -75.200982, 40.060919 ], [ -75.200966, 40.060863 ], [ -75.200951, 40.060798 ], [ -75.200946, 40.060756 ], [ -75.200953, 40.060737 ], [ -75.200961, 40.06072 ], [ -75.200976, 40.060699 ], [ -75.200978, 40.060675 ], [ -75.201009, 40.060633 ], [ -75.201063, 40.060604 ], [ -75.20109, 40.0606 ], [ -75.20112, 40.0606 ], [ -75.201159, 40.060609 ], [ -75.201245, 40.060637 ], [ -75.201318, 40.060647 ], [ -75.201344, 40.060639 ], [ -75.201395, 40.060613 ], [ -75.201425, 40.06056 ], [ -75.201423, 40.060495 ], [ -75.201448, 40.060437 ], [ -75.201469, 40.060402 ], [ -75.201505, 40.060341 ], [ -75.201557, 40.06029 ], [ -75.201589, 40.060256 ], [ -75.20165, 40.060214 ], [ -75.201705, 40.06015 ], [ -75.20174, 40.060093 ], [ -75.201763, 40.060044 ], [ -75.201773, 40.059987 ], [ -75.201775, 40.059915 ], [ -75.201786, 40.059827 ], [ -75.201769, 40.059791 ], [ -75.20173, 40.059747 ], [ -75.201703, 40.059685 ], [ -75.201738, 40.059591 ], [ -75.201789, 40.059537 ], [ -75.201829, 40.059531 ], [ -75.201858, 40.059533 ], [ -75.201902, 40.059534 ], [ -75.201923, 40.059523 ], [ -75.201956, 40.059461 ], [ -75.201951, 40.059379 ], [ -75.201928, 40.059303 ], [ -75.201887, 40.059231 ], [ -75.201864, 40.059033 ], [ -75.201859, 40.058959 ], [ -75.201856, 40.05893 ], [ -75.201852, 40.058888 ], [ -75.201841, 40.058842 ], [ -75.201821, 40.058795 ], [ -75.201822, 40.058755 ], [ -75.201833, 40.058705 ], [ -75.201853, 40.058643 ], [ -75.201872, 40.05855 ], [ -75.201862, 40.058478 ], [ -75.201841, 40.058383 ], [ -75.201815, 40.058277 ], [ -75.201806, 40.058197 ], [ -75.201787, 40.058094 ], [ -75.201795, 40.057977 ], [ -75.201804, 40.057897 ], [ -75.201819, 40.057852 ], [ -75.201832, 40.057835 ], [ -75.201855, 40.057815 ], [ -75.201894, 40.057796 ], [ -75.201912, 40.05777 ], [ -75.20192, 40.057738 ], [ -75.201904, 40.057675 ], [ -75.201879, 40.057629 ], [ -75.201831, 40.057566 ], [ -75.201818, 40.057438 ], [ -75.201817, 40.057343 ], [ -75.201823, 40.05728 ], [ -75.201831, 40.057243 ], [ -75.201866, 40.057141 ], [ -75.201891, 40.0571 ], [ -75.201896, 40.057036 ], [ -75.201885, 40.056993 ], [ -75.201878, 40.056972 ], [ -75.201861, 40.056921 ], [ -75.20185, 40.056874 ], [ -75.201857, 40.056814 ], [ -75.201889, 40.056773 ], [ -75.201961, 40.056727 ], [ -75.202021, 40.056688 ], [ -75.202183, 40.056566 ], [ -75.20221, 40.056543 ], [ -75.202295, 40.056466 ], [ -75.202361, 40.056396 ], [ -75.202466, 40.056293 ], [ -75.202498, 40.05626 ], [ -75.202524, 40.056237 ], [ -75.202568, 40.056196 ], [ -75.202594, 40.056175 ], [ -75.202631, 40.056147 ], [ -75.202704, 40.056078 ], [ -75.202725, 40.056028 ], [ -75.202732, 40.056009 ], [ -75.202729, 40.055955 ], [ -75.202732, 40.055933 ], [ -75.202748, 40.055865 ], [ -75.202763, 40.055828 ], [ -75.202787, 40.055791 ], [ -75.202869, 40.055704 ], [ -75.202934, 40.055641 ], [ -75.202997, 40.055609 ], [ -75.20302, 40.055604 ], [ -75.203071, 40.055623 ], [ -75.203104, 40.055631 ], [ -75.203157, 40.055642 ], [ -75.203219, 40.055612 ], [ -75.203265, 40.055577 ], [ -75.203297, 40.055542 ], [ -75.203322, 40.055484 ], [ -75.203328, 40.055449 ], [ -75.20335, 40.055392 ], [ -75.203427, 40.055338 ], [ -75.203477, 40.055305 ], [ -75.203531, 40.055268 ], [ -75.203548, 40.055255 ], [ -75.20366, 40.055196 ], [ -75.203773, 40.055168 ], [ -75.203873, 40.055152 ], [ -75.2041, 40.055083 ], [ -75.20426, 40.055024 ], [ -75.204471, 40.054957 ], [ -75.204687, 40.054879 ], [ -75.204767, 40.054856 ], [ -75.204845, 40.054823 ], [ -75.206208, 40.053741 ], [ -75.206395, 40.05365 ], [ -75.206508, 40.053628 ], [ -75.206667, 40.053609 ], [ -75.206807, 40.053595 ], [ -75.206993, 40.053611 ], [ -75.207163, 40.053655 ], [ -75.207214, 40.053681 ], [ -75.207249, 40.053722 ], [ -75.207303, 40.053749 ], [ -75.207352, 40.053756 ], [ -75.207414, 40.053749 ], [ -75.207464, 40.053742 ], [ -75.207538, 40.05371 ], [ -75.207583, 40.053675 ], [ -75.207637, 40.053636 ], [ -75.207746, 40.053607 ], [ -75.207853, 40.053592 ], [ -75.207956, 40.053583 ], [ -75.208045, 40.053573 ], [ -75.208144, 40.053559 ], [ -75.208416, 40.053538 ], [ -75.208525, 40.053535 ], [ -75.208613, 40.053526 ], [ -75.208709, 40.053518 ], [ -75.208771, 40.053511 ], [ -75.208941, 40.053498 ], [ -75.208996, 40.053503 ], [ -75.209049, 40.0535 ], [ -75.209124, 40.053484 ], [ -75.209212, 40.053446 ], [ -75.209288, 40.053412 ], [ -75.209342, 40.053379 ], [ -75.209402, 40.053331 ], [ -75.209446, 40.053285 ], [ -75.209492, 40.053242 ], [ -75.209534, 40.053207 ], [ -75.209579, 40.053179 ], [ -75.209619, 40.053162 ], [ -75.209675, 40.053136 ], [ -75.209766, 40.053097 ], [ -75.2099, 40.053052 ], [ -75.209977, 40.053027 ], [ -75.210026, 40.053014 ], [ -75.210079, 40.053003 ], [ -75.210129, 40.053001 ], [ -75.21032, 40.052985 ], [ -75.210406, 40.052981 ], [ -75.21052, 40.052988 ], [ -75.2107, 40.053022 ], [ -75.210812, 40.053039 ], [ -75.210885, 40.053043 ], [ -75.210933, 40.053037 ], [ -75.210972, 40.053025 ], [ -75.211035, 40.05299 ], [ -75.211077, 40.052955 ], [ -75.211101, 40.052922 ], [ -75.211147, 40.052887 ], [ -75.211259, 40.052811 ], [ -75.211323, 40.052783 ], [ -75.211388, 40.052756 ], [ -75.211523, 40.052706 ], [ -75.211653, 40.052656 ], [ -75.211732, 40.052635 ], [ -75.211823, 40.052621 ], [ -75.2119, 40.052601 ], [ -75.212007, 40.052576 ], [ -75.212078, 40.052562 ], [ -75.212256, 40.052541 ], [ -75.212342, 40.052536 ], [ -75.212409, 40.052538 ], [ -75.212483, 40.052529 ], [ -75.212549, 40.052512 ], [ -75.212624, 40.052508 ], [ -75.21278, 40.052474 ], [ -75.212822, 40.052463 ], [ -75.212892, 40.052435 ], [ -75.212968, 40.052416 ], [ -75.213054, 40.05239 ], [ -75.21312, 40.052372 ], [ -75.213172, 40.052349 ], [ -75.213261, 40.052312 ], [ -75.213324, 40.052302 ], [ -75.213389, 40.052298 ], [ -75.213462, 40.052282 ], [ -75.213542, 40.052269 ], [ -75.213605, 40.052245 ], [ -75.213677, 40.052206 ], [ -75.213741, 40.052147 ], [ -75.213777, 40.052101 ], [ -75.213801, 40.052057 ], [ -75.213796, 40.052009 ], [ -75.213794, 40.051963 ], [ -75.213816, 40.051906 ], [ -75.21384, 40.051836 ], [ -75.213887, 40.051737 ], [ -75.213901, 40.051642 ], [ -75.213913, 40.051577 ], [ -75.213936, 40.051507 ], [ -75.213955, 40.051483 ], [ -75.213982, 40.051443 ], [ -75.214007, 40.051414 ], [ -75.214028, 40.051378 ], [ -75.214086, 40.051296 ], [ -75.214065, 40.051254 ], [ -75.214081, 40.051221 ], [ -75.214097, 40.051185 ], [ -75.214104, 40.05114 ], [ -75.214127, 40.051078 ], [ -75.214148, 40.051029 ], [ -75.214163, 40.050991 ], [ -75.214192, 40.050961 ], [ -75.214244, 40.050938 ], [ -75.214282, 40.050915 ], [ -75.214318, 40.050865 ], [ -75.214322, 40.05083 ], [ -75.214322, 40.05074 ], [ -75.214388, 40.050915 ], [ -75.214479, 40.050663 ], [ -75.214554, 40.05046 ], [ -75.21466, 40.050637 ], [ -75.214706, 40.050762 ], [ -75.214808, 40.050907 ], [ -75.21487, 40.050971 ], [ -75.215067, 40.051118 ], [ -75.215208, 40.051243 ], [ -75.215324, 40.051376 ], [ -75.215427, 40.05146 ], [ -75.215534, 40.051568 ], [ -75.215652, 40.051653 ], [ -75.215794, 40.051707 ], [ -75.216029, 40.051905 ], [ -75.216175, 40.051993 ], [ -75.216365, 40.052139 ], [ -75.216476, 40.052207 ], [ -75.216531, 40.052221 ], [ -75.216824, 40.052399 ], [ -75.21703, 40.05257 ], [ -75.217137, 40.052668 ], [ -75.217188, 40.052759 ], [ -75.217333, 40.052902 ], [ -75.217417, 40.053124 ], [ -75.217608, 40.053533 ], [ -75.217731, 40.053851 ], [ -75.217764, 40.05407 ], [ -75.217824, 40.054306 ], [ -75.217933, 40.055026 ], [ -75.217925, 40.055083 ], [ -75.21792, 40.055104 ], [ -75.217912, 40.055156 ], [ -75.217917, 40.05522 ], [ -75.217922, 40.055271 ], [ -75.217917, 40.055312 ], [ -75.21791, 40.055339 ], [ -75.217905, 40.055369 ], [ -75.217903, 40.055401 ], [ -75.218027, 40.055424 ], [ -75.218111, 40.055325 ], [ -75.218137, 40.055193 ] ] ] } },
{ "type": "Feature", "properties": { "ZCTA5CE20": "19119", "TFID": 249059498, "STATEFP20": "42", "COUNTYFP20": "101", "TRACTCE20": "038900", "BLKGRPCE20": "3", "BLOCKCE20": "3001", "SUFFIX1CE": null, "UACE20": "69076", "PUMACE20": "03216", "STATEFP": "42", "COUNTYFP": "101", "TRACTCE": "038900", "BLKGRPCE": "3", "COUSUBFP": "60000", "SUBMCDFP": null, "ESTATEFP": null, "CONCTYFP": null, "PLACEFP": "60000", "AIANNHFP": null, "AIANNHCE": null, "COMPTYP": null, "TRSUBFP": null, "TRSUBCE": null, "ANRCFP": null, "TTRACTCE": null, "TBLKGPCE": null, "ELSDLEA": null, "SCSDLEA": null, "UNSDLEA": "18990", "SDADMLEA": null, "CD118FP": "03", "SLDUST": "004", "SLDLST": "200", "CSAFP": "428", "CBSAFP": "37980", "METDIVFP": "37964", "LWFLAG": "L", "OFFSET": "N", "ATOTAL": 15731, "INTPTLAT": "+40.0563691", "INTPTLON": "-75.1745398", "DP04_DP04_0001E_x": "13909", "DP04_DP04_0002E_x": "13024", "DP04_DP04_0003E_x": "885", "DP04_DP04_0089E_x": "326600", "DP04_DP04_0126E_x": "4529", "DP04_DP04_0134E_x": "1291", "DP04_DP04_0001E_y": "13909", "DP04_DP04_0002E_y": "13024", "DP04_DP04_0003E_y": "885", "DP04_DP04_0089E_y": "326600", "DP04_DP04_0126E_y": "4529", "DP04_DP04_0134E_y": "1291", "DP03_DP03_0002E": "15001", "DP03_DP03_0007E": "8427", "DP03_DP03_0062E": "81609", "DP03_DP03_0063E": "120703", "DP03_DP03_0064E": "10258", "DP03_DP03_0086E": "114103", "DP03_DP03_0087E": "160669", "DP03_DP03_0088E": "54868", "DP03_DP03_0119PE": "5.7", "DP02_DP02_0001E": "13024", "DP02_DP02_0016E": "2.13", "DP02_DP02_0017E": "2.84", "DP02_DP02_0053E": "5804", "DP02_DP02_0059E": "21001", "DP02_DP02_0067E": "20104", "DP02_DP02_0068E": "11613", "DP1_DP1_0001C": "27265", "DP1_DP1_0025C": "12213", "DP1_DP1_0049C": "15052", "DP1_DP1_0076C": "27265", "DP1_DP1_0084C": "1928" }, "geometry": { "type": "Polygon", "coordinates": [ [ [ -75.197535, 40.033892 ], [ -75.197301, 40.033625 ], [ -75.197121, 40.033375 ], [ -75.197175, 40.03333 ], [ -75.197266, 40.033283 ], [ -75.197573, 40.033257 ], [ -75.197918, 40.033243 ], [ -75.198677, 40.033102 ], [ -75.199037, 40.032959 ], [ -75.19925, 40.032732 ], [ -75.199596, 40.032388 ], [ -75.199796, 40.032513 ], [ -75.199912, 40.032571 ], [ -75.200054, 40.032667 ], [ -75.200118, 40.032723 ], [ -75.200146, 40.032777 ], [ -75.200144, 40.032828 ], [ -75.200144, 40.032876 ], [ -75.200119, 40.033011 ], [ -75.200066, 40.033182 ], [ -75.200032, 40.033304 ], [ -75.19999, 40.033406 ], [ -75.199962, 40.033501 ], [ -75.199944, 40.033599 ], [ -75.199923, 40.03369 ], [ -75.199913, 40.033771 ], [ -75.199914, 40.033841 ], [ -75.199937, 40.033947 ], [ -75.199952, 40.034003 ], [ -75.20002, 40.034202 ], [ -75.20003, 40.034242 ], [ -75.200016, 40.034287 ], [ -75.200023, 40.034356 ], [ -75.200065, 40.034466 ], [ -75.200108, 40.034614 ], [ -75.200151, 40.03467 ], [ -75.200187, 40.034737 ], [ -75.20021, 40.034768 ], [ -75.200214, 40.034797 ], [ -75.200249, 40.034869 ], [ -75.20029, 40.034935 ], [ -75.200323, 40.035005 ], [ -75.200356, 40.035083 ], [ -75.200406, 40.035161 ], [ -75.200467, 40.035227 ], [ -75.200513, 40.035264 ], [ -75.200544, 40.035309 ], [ -75.200585, 40.035371 ], [ -75.200641, 40.035434 ], [ -75.200689, 40.035477 ], [ -75.200715, 40.035504 ], [ -75.20073, 40.035529 ], [ -75.200743, 40.035556 ], [ -75.200769, 40.035596 ], [ -75.200813, 40.035654 ], [ -75.200839, 40.035704 ], [ -75.200832, 40.035757 ], [ -75.20081, 40.035786 ], [ -75.200818, 40.035829 ], [ -75.20079, 40.035846 ], [ -75.200788, 40.035876 ], [ -75.200783, 40.035925 ], [ -75.200765, 40.035971 ], [ -75.200764, 40.036002 ], [ -75.200773, 40.03603 ], [ -75.200803, 40.036067 ], [ -75.200817, 40.036109 ], [ -75.200857, 40.03616 ], [ -75.200904, 40.03621 ], [ -75.200934, 40.036238 ], [ -75.200969, 40.036274 ], [ -75.200987, 40.036307 ], [ -75.201017, 40.036342 ], [ -75.201058, 40.036356 ], [ -75.201114, 40.036369 ], [ -75.201158, 40.036384 ], [ -75.201194, 40.036414 ], [ -75.201217, 40.036451 ], [ -75.201232, 40.03648 ], [ -75.201269, 40.03651 ], [ -75.201421, 40.036556 ], [ -75.201476, 40.03656 ], [ -75.201535, 40.036567 ], [ -75.201572, 40.036563 ], [ -75.201664, 40.036541 ], [ -75.201729, 40.036518 ], [ -75.201818, 40.036483 ], [ -75.201848, 40.036466 ], [ -75.201896, 40.036433 ], [ -75.201952, 40.036391 ], [ -75.202019, 40.036331 ], [ -75.20206, 40.036292 ], [ -75.202115, 40.036244 ], [ -75.202172, 40.036191 ], [ -75.202196, 40.03616 ], [ -75.202217, 40.036133 ], [ -75.202252, 40.036076 ], [ -75.202276, 40.036041 ], [ -75.202322, 40.035991 ], [ -75.202355, 40.035932 ], [ -75.202384, 40.035878 ], [ -75.202406, 40.035829 ], [ -75.202423, 40.035786 ], [ -75.202448, 40.035736 ], [ -75.202477, 40.035695 ], [ -75.20251, 40.035666 ], [ -75.202566, 40.035608 ], [ -75.2026, 40.03556 ], [ -75.202649, 40.035503 ], [ -75.202696, 40.035465 ], [ -75.202741, 40.035422 ], [ -75.202767, 40.035388 ], [ -75.202794, 40.035349 ], [ -75.20282, 40.035316 ], [ -75.202892, 40.035214 ], [ -75.202924, 40.035177 ], [ -75.202983, 40.035126 ], [ -75.203036, 40.035061 ], [ -75.203088, 40.034991 ], [ -75.203136, 40.034945 ], [ -75.203176, 40.034891 ], [ -75.203232, 40.034871 ], [ -75.203361, 40.03483 ], [ -75.203427, 40.0348 ], [ -75.203516, 40.034765 ], [ -75.203611, 40.034736 ], [ -75.203704, 40.03472 ], [ -75.203798, 40.034712 ], [ -75.20387, 40.034707 ], [ -75.203972, 40.034715 ], [ -75.204078, 40.034728 ], [ -75.204229, 40.034754 ], [ -75.204334, 40.034779 ], [ -75.204458, 40.034811 ], [ -75.204549, 40.034832 ], [ -75.204677, 40.034855 ], [ -75.204866, 40.034879 ], [ -75.204978, 40.034903 ], [ -75.205177, 40.034936 ], [ -75.205261, 40.034948 ], [ -75.205351, 40.034973 ], [ -75.205515, 40.035011 ], [ -75.20557, 40.035031 ], [ -75.20561, 40.035058 ], [ -75.205704, 40.035146 ], [ -75.205758, 40.035193 ], [ -75.2058, 40.035244 ], [ -75.205843, 40.0353 ], [ -75.205884, 40.035372 ], [ -75.205923, 40.035426 ], [ -75.205952, 40.035483 ], [ -75.205978, 40.035529 ], [ -75.205987, 40.035568 ], [ -75.205984, 40.035616 ], [ -75.205985, 40.035657 ], [ -75.205982, 40.035702 ], [ -75.205988, 40.035756 ], [ -75.206023, 40.035814 ], [ -75.206053, 40.035872 ], [ -75.206111, 40.035923 ], [ -75.206156, 40.035986 ], [ -75.206199, 40.036036 ], [ -75.206238, 40.036093 ], [ -75.2063, 40.036231 ], [ -75.206327, 40.036297 ], [ -75.206352, 40.036377 ], [ -75.206409, 40.036504 ], [ -75.206479, 40.036675 ], [ -75.20653, 40.036762 ], [ -75.206585, 40.036834 ], [ -75.206662, 40.036913 ], [ -75.206707, 40.036992 ], [ -75.206759, 40.037065 ], [ -75.206794, 40.037119 ], [ -75.206845, 40.037179 ], [ -75.206885, 40.037236 ], [ -75.206924, 40.037282 ], [ -75.206979, 40.037339 ], [ -75.207049, 40.0374 ], [ -75.20713, 40.037473 ], [ -75.20719, 40.037535 ], [ -75.207268, 40.037588 ], [ -75.20743, 40.037686 ], [ -75.20751, 40.037739 ], [ -75.207581, 40.037784 ], [ -75.207714, 40.037851 ], [ -75.207776, 40.037897 ], [ -75.207865, 40.037961 ], [ -75.207933, 40.038002 ], [ -75.208024, 40.03805 ], [ -75.208091, 40.038087 ], [ -75.208267, 40.03816 ], [ -75.208336, 40.038191 ], [ -75.208412, 40.03823 ], [ -75.20847, 40.038266 ], [ -75.20853, 40.038322 ], [ -75.208557, 40.038358 ], [ -75.208612, 40.038415 ], [ -75.208743, 40.038523 ], [ -75.208851, 40.038627 ], [ -75.208978, 40.038772 ], [ -75.209083, 40.038897 ], [ -75.209182, 40.038995 ], [ -75.209287, 40.039128 ], [ -75.209376, 40.039232 ], [ -75.209437, 40.039326 ], [ -75.209508, 40.039429 ], [ -75.209557, 40.039503 ], [ -75.209668, 40.039664 ], [ -75.209735, 40.039748 ], [ -75.209786, 40.039821 ], [ -75.209843, 40.039897 ], [ -75.209901, 40.039982 ], [ -75.209973, 40.040115 ], [ -75.210025, 40.040203 ], [ -75.210073, 40.040271 ], [ -75.210114, 40.040326 ], [ -75.210168, 40.040395 ], [ -75.210206, 40.040452 ], [ -75.210245, 40.04052 ], [ -75.210285, 40.040579 ], [ -75.210313, 40.040611 ], [ -75.210374, 40.04064 ], [ -75.210397, 40.040678 ], [ -75.210413, 40.040734 ], [ -75.210431, 40.040789 ], [ -75.210396, 40.040827 ], [ -75.210412, 40.040886 ], [ -75.210418, 40.040929 ], [ -75.210414, 40.040995 ], [ -75.210417, 40.041068 ], [ -75.210429, 40.041132 ], [ -75.210468, 40.041225 ], [ -75.210532, 40.041347 ], [ -75.210554, 40.041407 ], [ -75.210584, 40.041467 ], [ -75.210611, 40.041548 ], [ -75.210628, 40.041629 ], [ -75.210644, 40.041714 ], [ -75.210672, 40.041768 ], [ -75.210711, 40.04184 ], [ -75.210764, 40.041935 ], [ -75.210788, 40.041969 ], [ -75.210782, 40.042023 ], [ -75.210799, 40.042087 ], [ -75.210831, 40.042172 ], [ -75.210868, 40.042245 ], [ -75.21091, 40.042341 ], [ -75.210948, 40.042418 ], [ -75.210993, 40.042487 ], [ -75.211046, 40.042543 ], [ -75.211126, 40.042634 ], [ -75.211173, 40.042668 ], [ -75.211204, 40.042694 ], [ -75.211228, 40.042732 ], [ -75.211241, 40.042773 ], [ -75.211245, 40.042832 ], [ -75.211266, 40.042892 ], [ -75.211306, 40.042924 ], [ -75.211339, 40.042968 ], [ -75.211398, 40.043034 ], [ -75.211429, 40.043088 ], [ -75.211456, 40.043127 ], [ -75.211503, 40.04318 ], [ -75.211557, 40.043213 ], [ -75.211608, 40.043237 ], [ -75.211675, 40.043247 ], [ -75.211693, 40.043303 ], [ -75.211701, 40.043348 ], [ -75.211755, 40.04342 ], [ -75.211801, 40.043506 ], [ -75.211847, 40.043604 ], [ -75.211907, 40.04371 ], [ -75.211936, 40.043778 ], [ -75.211956, 40.043877 ], [ -75.211989, 40.043943 ], [ -75.212013, 40.044057 ], [ -75.212039, 40.044201 ], [ -75.212046, 40.044335 ], [ -75.212047, 40.044459 ], [ -75.212044, 40.044577 ], [ -75.212018, 40.04482 ], [ -75.212008, 40.04495 ], [ -75.212006, 40.045063 ], [ -75.212001, 40.045185 ], [ -75.211991, 40.045325 ], [ -75.211983, 40.045453 ], [ -75.211959, 40.045528 ], [ -75.211943, 40.045631 ], [ -75.211942, 40.0457 ], [ -75.211917, 40.045792 ], [ -75.211858, 40.046017 ], [ -75.211837, 40.04613 ], [ -75.211818, 40.046225 ], [ -75.211774, 40.046361 ], [ -75.211734, 40.046492 ], [ -75.211701, 40.04657 ], [ -75.211663, 40.046637 ], [ -75.21162, 40.046725 ], [ -75.211521, 40.046856 ], [ -75.211493, 40.046898 ], [ -75.211473, 40.047008 ], [ -75.211461, 40.047103 ], [ -75.21155, 40.047277 ], [ -75.211664, 40.047402 ], [ -75.212177, 40.047802 ], [ -75.212663, 40.048041 ], [ -75.212795, 40.04817 ], [ -75.212864, 40.048191 ], [ -75.212906, 40.048292 ], [ -75.213065, 40.048377 ], [ -75.21325, 40.048453 ], [ -75.213403, 40.048599 ], [ -75.213461, 40.04872 ], [ -75.21344, 40.04891 ], [ -75.213435, 40.04906 ], [ -75.213472, 40.049195 ], [ -75.213377, 40.049215 ], [ -75.213641, 40.049372 ], [ -75.213885, 40.049517 ], [ -75.214124, 40.049661 ], [ -75.214247, 40.049917 ], [ -75.214389, 40.050147 ], [ -75.214436, 40.05026 ], [ -75.214554, 40.05046 ], [ -75.214479, 40.050663 ], [ -75.214388, 40.050915 ], [ -75.214322, 40.05074 ], [ -75.214322, 40.05083 ], [ -75.214318, 40.050865 ], [ -75.214282, 40.050915 ], [ -75.214244, 40.050938 ], [ -75.214192, 40.050961 ], [ -75.214163, 40.050991 ], [ -75.214148, 40.051029 ], [ -75.214127, 40.051078 ], [ -75.214104, 40.05114 ], [ -75.214097, 40.051185 ], [ -75.214081, 40.051221 ], [ -75.214065, 40.051254 ], [ -75.214086, 40.051296 ], [ -75.214028, 40.051378 ], [ -75.214007, 40.051414 ], [ -75.213982, 40.051443 ], [ -75.213955, 40.051483 ], [ -75.213936, 40.051507 ], [ -75.213913, 40.051577 ], [ -75.213901, 40.051642 ], [ -75.213887, 40.051737 ], [ -75.21384, 40.051836 ], [ -75.213816, 40.051906 ], [ -75.213794, 40.051963 ], [ -75.213796, 40.052009 ], [ -75.213801, 40.052057 ], [ -75.213777, 40.052101 ], [ -75.213741, 40.052147 ], [ -75.213677, 40.052206 ], [ -75.213605, 40.052245 ], [ -75.213542, 40.052269 ], [ -75.213462, 40.052282 ], [ -75.213389, 40.052298 ], [ -75.213324, 40.052302 ], [ -75.213261, 40.052312 ], [ -75.213172, 40.052349 ], [ -75.21312, 40.052372 ], [ -75.213054, 40.05239 ], [ -75.212968, 40.052416 ], [ -75.212892, 40.052435 ], [ -75.212822, 40.052463 ], [ -75.21278, 40.052474 ], [ -75.212624, 40.052508 ], [ -75.212549, 40.052512 ], [ -75.212483, 40.052529 ], [ -75.212409, 40.052538 ], [ -75.212342, 40.052536 ], [ -75.212256, 40.052541 ], [ -75.212078, 40.052562 ], [ -75.212007, 40.052576 ], [ -75.2119, 40.052601 ], [ -75.211823, 40.052621 ], [ -75.211732, 40.052635 ], [ -75.211653, 40.052656 ], [ -75.211523, 40.052706 ], [ -75.211388, 40.052756 ], [ -75.211323, 40.052783 ], [ -75.211259, 40.052811 ], [ -75.211147, 40.052887 ], [ -75.211101, 40.052922 ], [ -75.211077, 40.052955 ], [ -75.211035, 40.05299 ], [ -75.210972, 40.053025 ], [ -75.210933, 40.053037 ], [ -75.210885, 40.053043 ], [ -75.210812, 40.053039 ], [ -75.2107, 40.053022 ], [ -75.21052, 40.052988 ], [ -75.210406, 40.052981 ], [ -75.21032, 40.052985 ], [ -75.210129, 40.053001 ], [ -75.210079, 40.053003 ], [ -75.210026, 40.053014 ], [ -75.209977, 40.053027 ], [ -75.2099, 40.053052 ], [ -75.209766, 40.053097 ], [ -75.209675, 40.053136 ], [ -75.209619, 40.053162 ], [ -75.209579, 40.053179 ], [ -75.209534, 40.053207 ], [ -75.209492, 40.053242 ], [ -75.209446, 40.053285 ], [ -75.209402, 40.053331 ], [ -75.209342, 40.053379 ], [ -75.209288, 40.053412 ], [ -75.209212, 40.053446 ], [ -75.209124, 40.053484 ], [ -75.209049, 40.0535 ], [ -75.208996, 40.053503 ], [ -75.208941, 40.053498 ], [ -75.208771, 40.053511 ], [ -75.208709, 40.053518 ], [ -75.208613, 40.053526 ], [ -75.208525, 40.053535 ], [ -75.208416, 40.053538 ], [ -75.208144, 40.053559 ], [ -75.208045, 40.053573 ], [ -75.207956, 40.053583 ], [ -75.207853, 40.053592 ], [ -75.207746, 40.053607 ], [ -75.207637, 40.053636 ], [ -75.207583, 40.053675 ], [ -75.207538, 40.05371 ], [ -75.207464, 40.053742 ], [ -75.207414, 40.053749 ], [ -75.207352, 40.053756 ], [ -75.207303, 40.053749 ], [ -75.207249, 40.053722 ], [ -75.207214, 40.053681 ], [ -75.207163, 40.053655 ], [ -75.206993, 40.053611 ], [ -75.206807, 40.053595 ], [ -75.206667, 40.053609 ], [ -75.206508, 40.053628 ], [ -75.206395, 40.05365 ], [ -75.206208, 40.053741 ], [ -75.204845, 40.054823 ], [ -75.204767, 40.054856 ], [ -75.204687, 40.054879 ], [ -75.204471, 40.054957 ], [ -75.20426, 40.055024 ], [ -75.2041, 40.055083 ], [ -75.203873, 40.055152 ], [ -75.203773, 40.055168 ], [ -75.20366, 40.055196 ], [ -75.203548, 40.055255 ], [ -75.203531, 40.055268 ], [ -75.203477, 40.055305 ], [ -75.203427, 40.055338 ], [ -75.20335, 40.055392 ], [ -75.203328, 40.055449 ], [ -75.203322, 40.055484 ], [ -75.203297, 40.055542 ], [ -75.203265, 40.055577 ], [ -75.203219, 40.055612 ], [ -75.203157, 40.055642 ], [ -75.203104, 40.055631 ], [ -75.203071, 40.055623 ], [ -75.20302, 40.055604 ], [ -75.202997, 40.055609 ], [ -75.202934, 40.055641 ], [ -75.202869, 40.055704 ], [ -75.202787, 40.055791 ], [ -75.202763, 40.055828 ], [ -75.202748, 40.055865 ], [ -75.202732, 40.055933 ], [ -75.202729, 40.055955 ], [ -75.202732, 40.056009 ], [ -75.202725, 40.056028 ], [ -75.202704, 40.056078 ], [ -75.202631, 40.056147 ], [ -75.202594, 40.056175 ], [ -75.202568, 40.056196 ], [ -75.202524, 40.056237 ], [ -75.202498, 40.05626 ], [ -75.202466, 40.056293 ], [ -75.202361, 40.056396 ], [ -75.202295, 40.056466 ], [ -75.20221, 40.056543 ], [ -75.202183, 40.056566 ], [ -75.202021, 40.056688 ], [ -75.201961, 40.056727 ], [ -75.201889, 40.056773 ], [ -75.201857, 40.056814 ], [ -75.20185, 40.056874 ], [ -75.201861, 40.056921 ], [ -75.201878, 40.056972 ], [ -75.201885, 40.056993 ], [ -75.201896, 40.057036 ], [ -75.201891, 40.0571 ], [ -75.201866, 40.057141 ], [ -75.201831, 40.057243 ], [ -75.201823, 40.05728 ], [ -75.201817, 40.057343 ], [ -75.201818, 40.057438 ], [ -75.201831, 40.057566 ], [ -75.201879, 40.057629 ], [ -75.201904, 40.057675 ], [ -75.20192, 40.057738 ], [ -75.201912, 40.05777 ], [ -75.201894, 40.057796 ], [ -75.201855, 40.057815 ], [ -75.201832, 40.057835 ], [ -75.201819, 40.057852 ], [ -75.201804, 40.057897 ], [ -75.201795, 40.057977 ], [ -75.201787, 40.058094 ], [ -75.201806, 40.058197 ], [ -75.201815, 40.058277 ], [ -75.201841, 40.058383 ], [ -75.201862, 40.058478 ], [ -75.201872, 40.05855 ], [ -75.201853, 40.058643 ], [ -75.201833, 40.058705 ], [ -75.201822, 40.058755 ], [ -75.201821, 40.058795 ], [ -75.201841, 40.058842 ], [ -75.201852, 40.058888 ], [ -75.201856, 40.05893 ], [ -75.201859, 40.058959 ], [ -75.201864, 40.059033 ], [ -75.201887, 40.059231 ], [ -75.201928, 40.059303 ], [ -75.201951, 40.059379 ], [ -75.201956, 40.059461 ], [ -75.201923, 40.059523 ], [ -75.201902, 40.059534 ], [ -75.201858, 40.059533 ], [ -75.201829, 40.059531 ], [ -75.201789, 40.059537 ], [ -75.201738, 40.059591 ], [ -75.201703, 40.059685 ], [ -75.20173, 40.059747 ], [ -75.201769, 40.059791 ], [ -75.201786, 40.059827 ], [ -75.201775, 40.059915 ], [ -75.201773, 40.059987 ], [ -75.201763, 40.060044 ], [ -75.20174, 40.060093 ], [ -75.201705, 40.06015 ], [ -75.20165, 40.060214 ], [ -75.201589, 40.060256 ], [ -75.201557, 40.06029 ], [ -75.201505, 40.060341 ], [ -75.201469, 40.060402 ], [ -75.201448, 40.060437 ], [ -75.201423, 40.060495 ], [ -75.201425, 40.06056 ], [ -75.201395, 40.060613 ], [ -75.201344, 40.060639 ], [ -75.201318, 40.060647 ], [ -75.201245, 40.060637 ], [ -75.201159, 40.060609 ], [ -75.20112, 40.0606 ], [ -75.20109, 40.0606 ], [ -75.201063, 40.060604 ], [ -75.201009, 40.060633 ], [ -75.200978, 40.060675 ], [ -75.200976, 40.060699 ], [ -75.200961, 40.06072 ], [ -75.200953, 40.060737 ], [ -75.200946, 40.060756 ], [ -75.200951, 40.060798 ], [ -75.200966, 40.060863 ], [ -75.200982, 40.060919 ], [ -75.200983, 40.06095 ], [ -75.200972, 40.060997 ], [ -75.200974, 40.061031 ], [ -75.200984, 40.061063 ], [ -75.201004, 40.061094 ], [ -75.201029, 40.061155 ], [ -75.201041, 40.061255 ], [ -75.201047, 40.061337 ], [ -75.201067, 40.061408 ], [ -75.201077, 40.061448 ], [ -75.201084, 40.061488 ], [ -75.201082, 40.061525 ], [ -75.201078, 40.061563 ], [ -75.201049, 40.061608 ], [ -75.200984, 40.061674 ], [ -75.200907, 40.061755 ], [ -75.200837, 40.06184 ], [ -75.200783, 40.061889 ], [ -75.200754, 40.061907 ], [ -75.20073, 40.061918 ], [ -75.20068, 40.061964 ], [ -75.200631, 40.062012 ], [ -75.20062, 40.062034 ], [ -75.20061, 40.0621 ], [ -75.200567, 40.062213 ], [ -75.200554, 40.062251 ], [ -75.200551, 40.062346 ], [ -75.200559, 40.062407 ], [ -75.200545, 40.062457 ], [ -75.20052, 40.062479 ], [ -75.200497, 40.062493 ], [ -75.200476, 40.062513 ], [ -75.20046, 40.062541 ], [ -75.200441, 40.062603 ], [ -75.200443, 40.062638 ], [ -75.200472, 40.062686 ], [ -75.200478, 40.062725 ], [ -75.200459, 40.062791 ], [ -75.200455, 40.06281 ], [ -75.200447, 40.062836 ], [ -75.200453, 40.062894 ], [ -75.200489, 40.062996 ], [ -75.200519, 40.063085 ], [ -75.200547, 40.063185 ], [ -75.200549, 40.06322 ], [ -75.200551, 40.063253 ], [ -75.200552, 40.063315 ], [ -75.200541, 40.063364 ], [ -75.200529, 40.063398 ], [ -75.20051, 40.063437 ], [ -75.200489, 40.063474 ], [ -75.200444, 40.063526 ], [ -75.200359, 40.063476 ], [ -75.200192, 40.063649 ], [ -75.200032, 40.063777 ], [ -75.199797, 40.063954 ], [ -75.199505, 40.064105 ], [ -75.199247, 40.06424 ], [ -75.198854, 40.064389 ], [ -75.198659, 40.064512 ], [ -75.198479, 40.06466 ], [ -75.198153, 40.06514 ], [ -75.197882, 40.065462 ], [ -75.197734, 40.06555 ], [ -75.197048, 40.066076 ], [ -75.196819, 40.066272 ], [ -75.196638, 40.066481 ], [ -75.196385, 40.066623 ], [ -75.196258, 40.066679 ], [ -75.196096, 40.066785 ], [ -75.195932, 40.066921 ], [ -75.195703, 40.067123 ], [ -75.195517, 40.067258 ], [ -75.195121, 40.067456 ], [ -75.194852, 40.067645 ], [ -75.194368, 40.068096 ], [ -75.193959, 40.06847 ], [ -75.193747, 40.068624 ], [ -75.19351, 40.068819 ], [ -75.193222, 40.06909 ], [ -75.192845, 40.069443 ], [ -75.192521, 40.06978 ], [ -75.192143, 40.0702 ], [ -75.191818, 40.070661 ], [ -75.191617, 40.070961 ], [ -75.191574, 40.071008 ], [ -75.191375, 40.071235 ], [ -75.190626, 40.071989 ], [ -75.190325, 40.072233 ], [ -75.189983, 40.072482 ], [ -75.189582, 40.07281 ], [ -75.189203, 40.073174 ], [ -75.188866, 40.072971 ], [ -75.18875, 40.072908 ], [ -75.188461, 40.07275 ], [ -75.188052, 40.072503 ], [ -75.187695, 40.072301 ], [ -75.187276, 40.072061 ], [ -75.186954, 40.071881 ], [ -75.18656, 40.071657 ], [ -75.186353, 40.071535 ], [ -75.186734, 40.071172 ], [ -75.186639, 40.071119 ], [ -75.185901, 40.070659 ], [ -75.185511, 40.071045 ], [ -75.184654, 40.070565 ], [ -75.183911, 40.070144 ], [ -75.183648, 40.06999 ], [ -75.183385, 40.069849 ], [ -75.183212, 40.069749 ], [ -75.182895, 40.069553 ], [ -75.182644, 40.069406 ], [ -75.182514, 40.069338 ], [ -75.182219, 40.069159 ], [ -75.181751, 40.068902 ], [ -75.1809, 40.068411 ], [ -75.180545, 40.06819 ], [ -75.180775, 40.067973 ], [ -75.17964, 40.067291 ], [ -75.179568, 40.067217 ], [ -75.179499, 40.067146 ], [ -75.178977, 40.066831 ], [ -75.178913, 40.066826 ], [ -75.17874, 40.066722 ], [ -75.178474, 40.067005 ], [ -75.178008, 40.066743 ], [ -75.177646, 40.066546 ], [ -75.17726, 40.06633 ], [ -75.177114, 40.066243 ], [ -75.176953, 40.06615 ], [ -75.176526, 40.065896 ], [ -75.175738, 40.065454 ], [ -75.175327, 40.065216 ], [ -75.174934, 40.064999 ], [ -75.174443, 40.064713 ], [ -75.174165, 40.064547 ], [ -75.174028, 40.064458 ], [ -75.173725, 40.064289 ], [ -75.172906, 40.063821 ], [ -75.172568, 40.063639 ], [ -75.172475, 40.063582 ], [ -75.172159, 40.063394 ], [ -75.172073, 40.063345 ], [ -75.171833, 40.06321 ], [ -75.17145, 40.062988 ], [ -75.171176, 40.062819 ], [ -75.170787, 40.0626 ], [ -75.170474, 40.062422 ], [ -75.170063, 40.062186 ], [ -75.169797, 40.062034 ], [ -75.169379, 40.061797 ], [ -75.168641, 40.061373 ], [ -75.168324, 40.061185 ], [ -75.167844, 40.060912 ], [ -75.167487, 40.060706 ], [ -75.167834, 40.06033 ], [ -75.168775, 40.059413 ], [ -75.168857, 40.059352 ], [ -75.168932, 40.059296 ], [ -75.170246, 40.058022 ], [ -75.170328, 40.057954 ], [ -75.171772, 40.056579 ], [ -75.172101, 40.056793 ], [ -75.172275, 40.056758 ], [ -75.173116, 40.055937 ], [ -75.172751, 40.055714 ], [ -75.173008, 40.055458 ], [ -75.172694, 40.055269 ], [ -75.17368, 40.054309 ], [ -75.173807, 40.054235 ], [ -75.173836, 40.054263 ], [ -75.173837, 40.054153 ], [ -75.174141, 40.053844 ], [ -75.174276, 40.053643 ], [ -75.174336, 40.053555 ], [ -75.174929, 40.052985 ], [ -75.175131, 40.052896 ], [ -75.175287, 40.052765 ], [ -75.175804, 40.052241 ], [ -75.177447, 40.050609 ], [ -75.178519, 40.049518 ], [ -75.179194, 40.048872 ], [ -75.180256, 40.047799 ], [ -75.181388, 40.048468 ], [ -75.182797, 40.047074 ], [ -75.182203, 40.045894 ], [ -75.18308, 40.045068 ], [ -75.18371, 40.045445 ], [ -75.185045, 40.044146 ], [ -75.185135, 40.044045 ], [ -75.185553, 40.044312 ], [ -75.185522, 40.044221 ], [ -75.186, 40.04376 ], [ -75.187221, 40.042586 ], [ -75.187755, 40.042063 ], [ -75.188211, 40.041592 ], [ -75.188297, 40.041547 ], [ -75.189479, 40.042307 ], [ -75.19025, 40.042788 ], [ -75.190195, 40.042427 ], [ -75.190149, 40.042166 ], [ -75.190099, 40.041906 ], [ -75.190045, 40.041646 ], [ -75.189989, 40.041386 ], [ -75.189928, 40.041127 ], [ -75.189863, 40.040868 ], [ -75.189795, 40.040611 ], [ -75.189718, 40.040354 ], [ -75.189638, 40.040098 ], [ -75.1896, 40.039987 ], [ -75.189551, 40.039843 ], [ -75.189459, 40.03959 ], [ -75.189361, 40.039338 ], [ -75.189242, 40.039048 ], [ -75.190086, 40.038232 ], [ -75.191129, 40.03884 ], [ -75.191573, 40.038428 ], [ -75.190987, 40.037353 ], [ -75.192935, 40.035463 ], [ -75.193127, 40.035381 ], [ -75.19329, 40.03552 ], [ -75.193981, 40.036098 ], [ -75.19727, 40.034589 ], [ -75.197674, 40.034404 ], [ -75.197646, 40.034269 ], [ -75.197622, 40.034161 ], [ -75.197535, 40.033892 ] ] ] } },
{ "type": "Feature", "properties": { "ZCTA5CE20": "19120", "TFID": 216594735, "STATEFP20": "42", "COUNTYFP20": "101", "TRACTCE20": "028700", "BLKGRPCE20": "2", "BLOCKCE20": "2009", "SUFFIX1CE": null, "UACE20": "69076", "PUMACE20": "03225", "STATEFP": "42", "COUNTYFP": "101", "TRACTCE": "028700", "BLKGRPCE": "2", "COUSUBFP": "60000", "SUBMCDFP": null, "ESTATEFP": null, "CONCTYFP": null, "PLACEFP": "60000", "AIANNHFP": null, "AIANNHCE": null, "COMPTYP": null, "TRSUBFP": null, "TRSUBCE": null, "ANRCFP": null, "TTRACTCE": null, "TBLKGPCE": null, "ELSDLEA": null, "SCSDLEA": null, "UNSDLEA": "18990", "SDADMLEA": null, "CD118FP": "02", "SLDUST": "003", "SLDLST": "197", "CSAFP": "428", "CBSAFP": "37980", "METDIVFP": "37964", "LWFLAG": "L", "OFFSET": "N", "ATOTAL": 6703, "INTPTLAT": "+40.0228195", "INTPTLON": "-75.1279376", "DP04_DP04_0001E_x": "25730", "DP04_DP04_0002E_x": "24208", "DP04_DP04_0003E_x": "1522", "DP04_DP04_0089E_x": "143500", "DP04_DP04_0126E_x": "7234", "DP04_DP04_0134E_x": "1186", "DP04_DP04_0001E_y": "25730", "DP04_DP04_0002E_y": "24208", "DP04_DP04_0003E_y": "1522", "DP04_DP04_0089E_y": "143500", "DP04_DP04_0126E_y": "7234", "DP04_DP04_0134E_y": "1186", "DP03_DP03_0002E": "30940", "DP03_DP03_0007E": "19363", "DP03_DP03_0062E": "51993", "DP03_DP03_0063E": "66886", "DP03_DP03_0064E": "18956", "DP03_DP03_0086E": "53245", "DP03_DP03_0087E": "69294", "DP03_DP03_0088E": "23580", "DP03_DP03_0119PE": "23.9", "DP02_DP02_0001E": "24208", "DP02_DP02_0016E": "2.81", "DP02_DP02_0017E": "3.41", "DP02_DP02_0053E": "16809", "DP02_DP02_0059E": "42819", "DP02_DP02_0067E": "33180", "DP02_DP02_0068E": "5752", "DP1_DP1_0001C": "66177", "DP1_DP1_0025C": "31043", "DP1_DP1_0049C": "35134", "DP1_DP1_0076C": "66177", "DP1_DP1_0084C": "5681" }, "geometry": { "type": "Polygon", "coordinates": [ [ [ -75.135151, 40.023123 ], [ -75.13445, 40.023295 ], [ -75.133331, 40.023529 ], [ -75.133287, 40.023784 ], [ -75.133278, 40.023821 ], [ -75.133262, 40.023895 ], [ -75.135113, 40.023505 ], [ -75.135426, 40.023439 ], [ -75.135679, 40.023382 ], [ -75.135724, 40.023602 ], [ -75.136426, 40.02332 ], [ -75.136659, 40.023218 ], [ -75.136836, 40.02314 ], [ -75.137135, 40.023186 ], [ -75.137775, 40.023261 ], [ -75.138418, 40.023328 ], [ -75.138078, 40.024927 ], [ -75.138557, 40.024992 ], [ -75.138475, 40.025441 ], [ -75.138237, 40.026482 ], [ -75.138211, 40.026597 ], [ -75.137933, 40.027897 ], [ -75.137924, 40.02798 ], [ -75.137858, 40.028278 ], [ -75.137801, 40.028549 ], [ -75.137782, 40.028637 ], [ -75.137598, 40.029477 ], [ -75.137091, 40.029412 ], [ -75.137027, 40.029738 ], [ -75.137491, 40.029802 ], [ -75.137221, 40.03102 ], [ -75.137087, 40.031626 ], [ -75.137079, 40.031668 ], [ -75.136618, 40.031589 ], [ -75.136555, 40.031868 ], [ -75.136486, 40.032185 ], [ -75.136414, 40.03251 ], [ -75.136328, 40.03292 ], [ -75.136244, 40.033294 ], [ -75.136211, 40.033432 ], [ -75.13634, 40.033448 ], [ -75.136679, 40.033486 ], [ -75.137018, 40.03352 ], [ -75.137359, 40.033544 ], [ -75.137701, 40.033557 ], [ -75.138387, 40.033574 ], [ -75.138729, 40.033575 ], [ -75.13907, 40.033561 ], [ -75.139409, 40.033525 ], [ -75.139464, 40.033516 ], [ -75.139493, 40.033555 ], [ -75.139719, 40.033868 ], [ -75.139684, 40.033886 ], [ -75.139407, 40.03404 ], [ -75.138855, 40.034353 ], [ -75.138801, 40.034384 ], [ -75.138583, 40.034513 ], [ -75.138317, 40.034678 ], [ -75.138129, 40.034805 ], [ -75.13806, 40.034852 ], [ -75.137819, 40.035038 ], [ -75.137588, 40.035233 ], [ -75.137367, 40.035434 ], [ -75.137154, 40.035641 ], [ -75.13695, 40.035852 ], [ -75.136754, 40.036068 ], [ -75.136567, 40.036289 ], [ -75.136479, 40.036398 ], [ -75.136386, 40.036513 ], [ -75.136211, 40.036739 ], [ -75.136052, 40.036972 ], [ -75.135957, 40.037139 ], [ -75.135746, 40.03755 ], [ -75.135575, 40.037876 ], [ -75.135444, 40.038183 ], [ -75.135257, 40.03864 ], [ -75.135113, 40.039074 ], [ -75.13503, 40.039454 ], [ -75.134967, 40.039756 ], [ -75.134899, 40.040179 ], [ -75.134867, 40.040497 ], [ -75.134844, 40.040767 ], [ -75.134823, 40.041001 ], [ -75.1348, 40.041307 ], [ -75.13479, 40.04146 ], [ -75.134776, 40.041575 ], [ -75.134757, 40.041759 ], [ -75.13475, 40.041837 ], [ -75.134732, 40.0421 ], [ -75.134724, 40.042362 ], [ -75.13472, 40.042626 ], [ -75.134726, 40.043241 ], [ -75.134728, 40.043416 ], [ -75.134727, 40.044732 ], [ -75.134726, 40.044851 ], [ -75.134727, 40.044995 ], [ -75.134726, 40.045258 ], [ -75.134726, 40.045785 ], [ -75.134724, 40.046134 ], [ -75.132941, 40.046059 ], [ -75.132121, 40.046018 ], [ -75.131283, 40.045984 ], [ -75.130469, 40.045894 ], [ -75.129482, 40.045763 ], [ -75.129006, 40.045697 ], [ -75.128925, 40.046089 ], [ -75.12895, 40.046092 ], [ -75.128907, 40.04628 ], [ -75.128807, 40.046733 ], [ -75.128689, 40.047254 ], [ -75.12815, 40.047189 ], [ -75.127243, 40.047063 ], [ -75.12629, 40.046946 ], [ -75.125292, 40.046818 ], [ -75.1252, 40.047226 ], [ -75.123259, 40.046968 ], [ -75.123207, 40.047239 ], [ -75.123156, 40.04758 ], [ -75.123117, 40.047813 ], [ -75.123034, 40.048186 ], [ -75.122776, 40.049613 ], [ -75.122293, 40.04955 ], [ -75.12223, 40.04993 ], [ -75.122213, 40.050009 ], [ -75.121909, 40.049974 ], [ -75.12188, 40.050093 ], [ -75.121978, 40.050857 ], [ -75.122037, 40.050865 ], [ -75.121837, 40.05191 ], [ -75.121754, 40.051905 ], [ -75.121565, 40.052378 ], [ -75.121683, 40.052443 ], [ -75.121798, 40.052535 ], [ -75.122286, 40.052616 ], [ -75.122147, 40.053177 ], [ -75.121643, 40.052891 ], [ -75.120827, 40.052425 ], [ -75.120018, 40.051964 ], [ -75.119545, 40.051697 ], [ -75.119467, 40.051653 ], [ -75.118771, 40.051254 ], [ -75.118652, 40.051186 ], [ -75.118553, 40.051132 ], [ -75.117104, 40.050304 ], [ -75.115036, 40.049118 ], [ -75.114506, 40.048806 ], [ -75.112912, 40.047882 ], [ -75.112871, 40.047858 ], [ -75.112363, 40.047563 ], [ -75.112055, 40.047385 ], [ -75.111141, 40.046858 ], [ -75.110985, 40.046769 ], [ -75.11087, 40.046702 ], [ -75.110731, 40.046622 ], [ -75.109431, 40.045874 ], [ -75.109406, 40.04584 ], [ -75.109353, 40.045942 ], [ -75.10931, 40.046031 ], [ -75.109022, 40.046641 ], [ -75.10891, 40.046826 ], [ -75.10876, 40.047063 ], [ -75.108605, 40.047298 ], [ -75.108443, 40.04753 ], [ -75.108275, 40.047759 ], [ -75.108092, 40.047982 ], [ -75.10789, 40.048195 ], [ -75.107675, 40.048399 ], [ -75.10745, 40.048599 ], [ -75.107226, 40.048798 ], [ -75.107033, 40.04897 ], [ -75.106653, 40.048717 ], [ -75.106363, 40.048523 ], [ -75.106219, 40.048444 ], [ -75.105953, 40.048721 ], [ -75.105886, 40.048666 ], [ -75.10453, 40.047879 ], [ -75.104816, 40.047558 ], [ -75.104734, 40.047466 ], [ -75.104668, 40.047385 ], [ -75.104734, 40.047174 ], [ -75.104612, 40.047095 ], [ -75.104504, 40.047021 ], [ -75.104355, 40.046873 ], [ -75.104077, 40.046715 ], [ -75.102082, 40.045728 ], [ -75.101704, 40.04552 ], [ -75.101105, 40.045038 ], [ -75.100669, 40.044785 ], [ -75.100374, 40.044605 ], [ -75.100072, 40.044924 ], [ -75.099138, 40.044405 ], [ -75.099191, 40.044349 ], [ -75.099116, 40.044292 ], [ -75.099035, 40.04423 ], [ -75.098493, 40.043928 ], [ -75.098725, 40.04369 ], [ -75.098357, 40.043483 ], [ -75.098154, 40.043701 ], [ -75.097411, 40.043318 ], [ -75.097323, 40.04326 ], [ -75.097534, 40.043039 ], [ -75.097331, 40.042924 ], [ -75.096603, 40.042487 ], [ -75.097956, 40.041371 ], [ -75.098474, 40.040955 ], [ -75.098892, 40.04059 ], [ -75.099112, 40.040405 ], [ -75.099339, 40.040198 ], [ -75.099595, 40.039978 ], [ -75.099822, 40.039799 ], [ -75.100271, 40.039426 ], [ -75.100728, 40.03902 ], [ -75.101179, 40.038652 ], [ -75.101342, 40.038502 ], [ -75.101572, 40.038293 ], [ -75.101881, 40.038023 ], [ -75.102123, 40.037802 ], [ -75.102329, 40.03762 ], [ -75.103309, 40.03667 ], [ -75.104725, 40.035321 ], [ -75.10433, 40.035108 ], [ -75.103971, 40.034905 ], [ -75.105191, 40.033671 ], [ -75.105539, 40.033884 ], [ -75.105625, 40.033831 ], [ -75.106266, 40.033153 ], [ -75.106605, 40.033458 ], [ -75.106624, 40.033436 ], [ -75.106912, 40.033135 ], [ -75.107264, 40.03277 ], [ -75.107574, 40.032439 ], [ -75.107909, 40.03215 ], [ -75.10804, 40.032108 ], [ -75.108403, 40.031978 ], [ -75.109057, 40.031741 ], [ -75.111075, 40.031061 ], [ -75.111139, 40.031038 ], [ -75.111165, 40.03092 ], [ -75.111142, 40.030614 ], [ -75.111128, 40.03039 ], [ -75.111096, 40.030125 ], [ -75.111055, 40.029955 ], [ -75.110968, 40.029759 ], [ -75.1109, 40.029603 ], [ -75.1109, 40.02937 ], [ -75.110954, 40.029096 ], [ -75.111014, 40.028904 ], [ -75.111114, 40.028725 ], [ -75.111275, 40.028487 ], [ -75.111416, 40.028309 ], [ -75.11154, 40.028176 ], [ -75.111677, 40.028067 ], [ -75.11181, 40.027998 ], [ -75.111928, 40.027994 ], [ -75.112089, 40.027998 ], [ -75.112203, 40.027957 ], [ -75.112308, 40.027948 ], [ -75.112436, 40.028016 ], [ -75.112473, 40.027911 ], [ -75.112683, 40.02782 ], [ -75.112846, 40.027734 ], [ -75.112875, 40.027678 ], [ -75.112884, 40.027605 ], [ -75.11288, 40.027457 ], [ -75.11285, 40.027335 ], [ -75.112844, 40.027025 ], [ -75.112826, 40.02696 ], [ -75.112807, 40.026888 ], [ -75.11277, 40.026631 ], [ -75.112752, 40.026361 ], [ -75.112715, 40.026196 ], [ -75.112628, 40.026055 ], [ -75.112532, 40.025954 ], [ -75.112399, 40.02589 ], [ -75.112198, 40.025812 ], [ -75.112043, 40.025762 ], [ -75.111883, 40.025734 ], [ -75.111709, 40.025698 ], [ -75.111508, 40.025643 ], [ -75.111403, 40.025561 ], [ -75.111352, 40.025446 ], [ -75.111393, 40.025282 ], [ -75.111403, 40.025076 ], [ -75.111458, 40.024907 ], [ -75.111508, 40.024797 ], [ -75.111563, 40.024651 ], [ -75.111549, 40.024504 ], [ -75.111494, 40.024285 ], [ -75.111444, 40.024093 ], [ -75.111393, 40.023914 ], [ -75.111375, 40.023709 ], [ -75.111348, 40.023567 ], [ -75.111279, 40.023411 ], [ -75.111181, 40.023255 ], [ -75.111032, 40.023036 ], [ -75.110996, 40.022908 ], [ -75.110977, 40.022739 ], [ -75.110936, 40.022606 ], [ -75.110831, 40.022501 ], [ -75.110717, 40.022419 ], [ -75.110552, 40.02236 ], [ -75.110383, 40.022323 ], [ -75.110195, 40.022291 ], [ -75.110242, 40.022242 ], [ -75.110835, 40.02172 ], [ -75.112217, 40.020056 ], [ -75.111687, 40.019978 ], [ -75.111605, 40.019966 ], [ -75.110813, 40.019858 ], [ -75.110502, 40.019826 ], [ -75.110087, 40.01977 ], [ -75.110422, 40.018152 ], [ -75.110437, 40.018079 ], [ -75.110627, 40.017211 ], [ -75.110636, 40.017157 ], [ -75.11031, 40.017118 ], [ -75.109601, 40.017026 ], [ -75.108889, 40.016938 ], [ -75.109024, 40.016286 ], [ -75.11136, 40.015867 ], [ -75.111496, 40.015168 ], [ -75.111811, 40.013662 ], [ -75.112161, 40.012085 ], [ -75.114141, 40.012326 ], [ -75.11782, 40.012812 ], [ -75.119439, 40.013026 ], [ -75.117571, 40.015582 ], [ -75.117475, 40.015783 ], [ -75.117814, 40.015689 ], [ -75.119558, 40.014809 ], [ -75.118643, 40.0192 ], [ -75.119415, 40.019315 ], [ -75.12073, 40.019469 ], [ -75.121379, 40.019549 ], [ -75.121944, 40.019619 ], [ -75.122752, 40.019722 ], [ -75.122841, 40.019323 ], [ -75.122852, 40.019232 ], [ -75.123305, 40.01944 ], [ -75.123347, 40.019384 ], [ -75.123466, 40.019395 ], [ -75.123584, 40.019386 ], [ -75.12375, 40.019322 ], [ -75.123864, 40.01922 ], [ -75.123923, 40.019128 ], [ -75.123945, 40.01903 ], [ -75.123958, 40.018873 ], [ -75.123942, 40.018696 ], [ -75.123921, 40.018414 ], [ -75.123943, 40.018262 ], [ -75.124003, 40.018098 ], [ -75.12413, 40.017902 ], [ -75.124327, 40.017822 ], [ -75.124468, 40.017811 ], [ -75.124556, 40.017826 ], [ -75.125007, 40.018077 ], [ -75.125092, 40.018105 ], [ -75.125023, 40.018435 ], [ -75.124519, 40.018383 ], [ -75.124483, 40.018553 ], [ -75.124189, 40.019888 ], [ -75.124169, 40.019979 ], [ -75.124309, 40.02 ], [ -75.124248, 40.020286 ], [ -75.124149, 40.020274 ], [ -75.124064, 40.020665 ], [ -75.124045, 40.020751 ], [ -75.123977, 40.021063 ], [ -75.124112, 40.021081 ], [ -75.124094, 40.021171 ], [ -75.124419, 40.021205 ], [ -75.124346, 40.021552 ], [ -75.12425, 40.021993 ], [ -75.12476, 40.022051 ], [ -75.124732, 40.022106 ], [ -75.12514, 40.022306 ], [ -75.125646, 40.02171 ], [ -75.126061, 40.02175 ], [ -75.125996, 40.022087 ], [ -75.126381, 40.022139 ], [ -75.126299, 40.022559 ], [ -75.126634, 40.022598 ], [ -75.126617, 40.022687 ], [ -75.127128, 40.022734 ], [ -75.127113, 40.022816 ], [ -75.127699, 40.022886 ], [ -75.127922, 40.021979 ], [ -75.128328, 40.022036 ], [ -75.128258, 40.022356 ], [ -75.128863, 40.02243 ], [ -75.128842, 40.022576 ], [ -75.129912, 40.022716 ], [ -75.130277, 40.022763 ], [ -75.130355, 40.022412 ], [ -75.130381, 40.022288 ], [ -75.130676, 40.022325 ], [ -75.13061, 40.022635 ], [ -75.131256, 40.022723 ], [ -75.131327, 40.022418 ], [ -75.131654, 40.022465 ], [ -75.132665, 40.022604 ], [ -75.133518, 40.022698 ], [ -75.135172, 40.022888 ], [ -75.135151, 40.023123 ] ] ] } },
{ "type": "Feature", "properties": { "ZCTA5CE20": "19121", "TFID": 216590130, "STATEFP20": "42", "COUNTYFP20": "101", "TRACTCE20": "015102", "BLKGRPCE20": "3", "BLOCKCE20": "3009", "SUFFIX1CE": null, "UACE20": "69076", "PUMACE20": "03228", "STATEFP": "42", "COUNTYFP": "101", "TRACTCE": "015102", "BLKGRPCE": "3", "COUSUBFP": "60000", "SUBMCDFP": null, "ESTATEFP": null, "CONCTYFP": null, "PLACEFP": "60000", "AIANNHFP": null, "AIANNHCE": null, "COMPTYP": null, "TRSUBFP": null, "TRSUBCE": null, "ANRCFP": null, "TTRACTCE": null, "TBLKGPCE": null, "ELSDLEA": null, "SCSDLEA": null, "UNSDLEA": "18990", "SDADMLEA": null, "CD118FP": "03", "SLDUST": "003", "SLDLST": "195", "CSAFP": "428", "CBSAFP": "37980", "METDIVFP": "37964", "LWFLAG": "L", "OFFSET": "N", "ATOTAL": 8514, "INTPTLAT": "+39.9863035", "INTPTLON": "-75.1748162", "DP04_DP04_0001E_x": "19673", "DP04_DP04_0002E_x": "16567", "DP04_DP04_0003E_x": "3106", "DP04_DP04_0089E_x": "250100", "DP04_DP04_0126E_x": "10942", "DP04_DP04_0134E_x": "1082", "DP04_DP04_0001E_y": "19673", "DP04_DP04_0002E_y": "16567", "DP04_DP04_0003E_y": "3106", "DP04_DP04_0089E_y": "250100", "DP04_DP04_0126E_y": "10942", "DP04_DP04_0134E_y": "1082", "DP03_DP03_0002E": "20321", "DP03_DP03_0007E": "11565", "DP03_DP03_0062E": "36208", "DP03_DP03_0063E": "59625", "DP03_DP03_0064E": "11962", "DP03_DP03_0086E": "49157", "DP03_DP03_0087E": "68746", "DP03_DP03_0088E": "24758", "DP03_DP03_0119PE": "29.2", "DP02_DP02_0001E": "16567", "DP02_DP02_0016E": "2.36", "DP02_DP02_0017E": "3.28", "DP02_DP02_0053E": "14137", "DP02_DP02_0059E": "22002", "DP02_DP02_0067E": "18488", "DP02_DP02_0068E": "5431", "DP1_DP1_0001C": "41799", "DP1_DP1_0025C": "19039", "DP1_DP1_0049C": "22760", "DP1_DP1_0076C": "41799", "DP1_DP1_0084C": "2142" }, "geometry": { "type": "Polygon", "coordinates": [ [ [ -75.192272, 39.975442 ], [ -75.19306, 39.975354 ], [ -75.193724, 39.975285 ], [ -75.193745, 39.97538 ], [ -75.193985, 39.976132 ], [ -75.194086, 39.976186 ], [ -75.198654, 39.978457 ], [ -75.201831, 39.980357 ], [ -75.204417, 39.983169 ], [ -75.204218, 39.98485 ], [ -75.204084, 39.985856 ], [ -75.204003, 39.985904 ], [ -75.201107, 39.987635 ], [ -75.197789, 39.991306 ], [ -75.193986, 39.995365 ], [ -75.192627, 39.994771 ], [ -75.192403, 39.994674 ], [ -75.192268, 39.994618 ], [ -75.192044, 39.994527 ], [ -75.192088, 39.99443 ], [ -75.192152, 39.994224 ], [ -75.1922, 39.993988 ], [ -75.192207, 39.9938 ], [ -75.192129, 39.993597 ], [ -75.191999, 39.993443 ], [ -75.191844, 39.993354 ], [ -75.191601, 39.993306 ], [ -75.190764, 39.993281 ], [ -75.190457, 39.993238 ], [ -75.190216, 39.993159 ], [ -75.189967, 39.993038 ], [ -75.189736, 39.992881 ], [ -75.189569, 39.992695 ], [ -75.189465, 39.992492 ], [ -75.189371, 39.992183 ], [ -75.189352, 39.991963 ], [ -75.189001, 39.992031 ], [ -75.188136, 39.992158 ], [ -75.187778, 39.99218 ], [ -75.187418, 39.992106 ], [ -75.187181, 39.992015 ], [ -75.186916, 39.991935 ], [ -75.186548, 39.991823 ], [ -75.186372, 39.991777 ], [ -75.186713, 39.990215 ], [ -75.185996, 39.990123 ], [ -75.185893, 39.990112 ], [ -75.185581, 39.991533 ], [ -75.185599, 39.991699 ], [ -75.18546, 39.991384 ], [ -75.185146, 39.990891 ], [ -75.184927, 39.990594 ], [ -75.184699, 39.991588 ], [ -75.1831, 39.991386 ], [ -75.183182, 39.991053 ], [ -75.183284, 39.990604 ], [ -75.183341, 39.990307 ], [ -75.183394, 39.990075 ], [ -75.181897, 39.989891 ], [ -75.181812, 39.98988 ], [ -75.181328, 39.989818 ], [ -75.181306, 39.989936 ], [ -75.180668, 39.989865 ], [ -75.180705, 39.989686 ], [ -75.180559, 39.989668 ], [ -75.180611, 39.98943 ], [ -75.180257, 39.989388 ], [ -75.179838, 39.989329 ], [ -75.179753, 39.989749 ], [ -75.179018, 39.989649 ], [ -75.178907, 39.989636 ], [ -75.178979, 39.989308 ], [ -75.178991, 39.989225 ], [ -75.178616, 39.989179 ], [ -75.178041, 39.989102 ], [ -75.177206, 39.988991 ], [ -75.175803, 39.988812 ], [ -75.174665, 39.988427 ], [ -75.174504, 39.988511 ], [ -75.173988, 39.988775 ], [ -75.173933, 39.988802 ], [ -75.173363, 39.989093 ], [ -75.173079, 39.989239 ], [ -75.172792, 39.989384 ], [ -75.17241, 39.98958 ], [ -75.171938, 39.989823 ], [ -75.171744, 39.989924 ], [ -75.171566, 39.989903 ], [ -75.171191, 39.989855 ], [ -75.170273, 39.989738 ], [ -75.169461, 39.989629 ], [ -75.168894, 39.98955 ], [ -75.169161, 39.988345 ], [ -75.169234, 39.987959 ], [ -75.168428, 39.987857 ], [ -75.167633, 39.987752 ], [ -75.166984, 39.987664 ], [ -75.166408, 39.987598 ], [ -75.165762, 39.987514 ], [ -75.164976, 39.987421 ], [ -75.164184, 39.987311 ], [ -75.163616, 39.987243 ], [ -75.1634, 39.987209 ], [ -75.163176, 39.987181 ], [ -75.162612, 39.987112 ], [ -75.162055, 39.987042 ], [ -75.161598, 39.986975 ], [ -75.161032, 39.986907 ], [ -75.160487, 39.98684 ], [ -75.160024, 39.986778 ], [ -75.159473, 39.986706 ], [ -75.159105, 39.986661 ], [ -75.158679, 39.986603 ], [ -75.157899, 39.986492 ], [ -75.157179, 39.986408 ], [ -75.157111, 39.986398 ], [ -75.156275, 39.986283 ], [ -75.156339, 39.985982 ], [ -75.156398, 39.985709 ], [ -75.156468, 39.985381 ], [ -75.156548, 39.985008 ], [ -75.156619, 39.984677 ], [ -75.156679, 39.984378 ], [ -75.156793, 39.983815 ], [ -75.156915, 39.983219 ], [ -75.157255, 39.981693 ], [ -75.157581, 39.980223 ], [ -75.157914, 39.978707 ], [ -75.158239, 39.97728 ], [ -75.158226, 39.977216 ], [ -75.158526, 39.97585 ], [ -75.158782, 39.974482 ], [ -75.159056, 39.973205 ], [ -75.159237, 39.972384 ], [ -75.159442, 39.971467 ], [ -75.160286, 39.971576 ], [ -75.160223, 39.971852 ], [ -75.160458, 39.971885 ], [ -75.16042, 39.972059 ], [ -75.161037, 39.97213 ], [ -75.16102, 39.972237 ], [ -75.162588, 39.972441 ], [ -75.162629, 39.972237 ], [ -75.162792, 39.972266 ], [ -75.16292, 39.972312 ], [ -75.163275, 39.972357 ], [ -75.163261, 39.972448 ], [ -75.163651, 39.972516 ], [ -75.163681, 39.972412 ], [ -75.164179, 39.972487 ], [ -75.164278, 39.972081 ], [ -75.16585, 39.972294 ], [ -75.166336, 39.972355 ], [ -75.166539, 39.97238 ], [ -75.167421, 39.972493 ], [ -75.16722, 39.973397 ], [ -75.168874, 39.973197 ], [ -75.170259, 39.973036 ], [ -75.1703, 39.972872 ], [ -75.170335, 39.972876 ], [ -75.171004, 39.972949 ], [ -75.176541, 39.97231 ], [ -75.177028, 39.972374 ], [ -75.177538, 39.972437 ], [ -75.177862, 39.97248 ], [ -75.177863, 39.973832 ], [ -75.177852, 39.974247 ], [ -75.177953, 39.974209 ], [ -75.178251, 39.974217 ], [ -75.178233, 39.974305 ], [ -75.178424, 39.97432 ], [ -75.178766, 39.974365 ], [ -75.179491, 39.974459 ], [ -75.17951, 39.974379 ], [ -75.179572, 39.974389 ], [ -75.179647, 39.974402 ], [ -75.18028, 39.974485 ], [ -75.180272, 39.974523 ], [ -75.18036, 39.974531 ], [ -75.180826, 39.974588 ], [ -75.181289, 39.97464 ], [ -75.18178, 39.974704 ], [ -75.181879, 39.974717 ], [ -75.181868, 39.974772 ], [ -75.182918, 39.974908 ], [ -75.183276, 39.974954 ], [ -75.183301, 39.974831 ], [ -75.183408, 39.974851 ], [ -75.183544, 39.974876 ], [ -75.184709, 39.975021 ], [ -75.185034, 39.975062 ], [ -75.185125, 39.975073 ], [ -75.185108, 39.97516 ], [ -75.185332, 39.975193 ], [ -75.185598, 39.97524 ], [ -75.186022, 39.975295 ], [ -75.186592, 39.975372 ], [ -75.186684, 39.97498 ], [ -75.186938, 39.975012 ], [ -75.187059, 39.975028 ], [ -75.187121, 39.975035 ], [ -75.188213, 39.975175 ], [ -75.189961, 39.975403 ], [ -75.190623, 39.975486 ], [ -75.190995, 39.975531 ], [ -75.191333, 39.975544 ], [ -75.191817, 39.975493 ], [ -75.192272, 39.975442 ] ] ] } },
{ "type": "Feature", "properties": { "ZCTA5CE20": "19122", "TFID": 216590389, "STATEFP20": "42", "COUNTYFP20": "101", "TRACTCE20": "014100", "BLKGRPCE20": "1", "BLOCKCE20": "1006", "SUFFIX1CE": null, "UACE20": "69076", "PUMACE20": "03228", "STATEFP": "42", "COUNTYFP": "101", "TRACTCE": "014100", "BLKGRPCE": "1", "COUSUBFP": "60000", "SUBMCDFP": null, "ESTATEFP": null, "CONCTYFP": null, "PLACEFP": "60000", "AIANNHFP": null, "AIANNHCE": null, "COMPTYP": null, "TRSUBFP": null, "TRSUBCE": null, "ANRCFP": null, "TTRACTCE": null, "TBLKGPCE": null, "ELSDLEA": null, "SCSDLEA": null, "UNSDLEA": "18990", "SDADMLEA": null, "CD118FP": "02", "SLDUST": "003", "SLDLST": "181", "CSAFP": "428", "CBSAFP": "37980", "METDIVFP": "37964", "LWFLAG": "L", "OFFSET": "N", "ATOTAL": 865, "INTPTLAT": "+39.9727594", "INTPTLON": "-75.1504927", "DP04_DP04_0001E_x": "10139", "DP04_DP04_0002E_x": "9102", "DP04_DP04_0003E_x": "1037", "DP04_DP04_0089E_x": "341000", "DP04_DP04_0126E_x": "5761", "DP04_DP04_0134E_x": "1294", "DP04_DP04_0001E_y": "10139", "DP04_DP04_0002E_y": "9102", "DP04_DP04_0003E_y": "1037", "DP04_DP04_0089E_y": "341000", "DP04_DP04_0126E_y": "5761", "DP04_DP04_0134E_y": "1294", "DP03_DP03_0002E": "12791", "DP03_DP03_0007E": "8902", "DP03_DP03_0062E": "57785", "DP03_DP03_0063E": "86993", "DP03_DP03_0064E": "6946", "DP03_DP03_0086E": "64038", "DP03_DP03_0087E": "97254", "DP03_DP03_0088E": "33125", "DP03_DP03_0119PE": "19.5", "DP02_DP02_0001E": "9102", "DP02_DP02_0016E": "2.20", "DP02_DP02_0017E": "3.06", "DP02_DP02_0053E": "9704", "DP02_DP02_0059E": "14245", "DP02_DP02_0067E": "12309", "DP02_DP02_0068E": "5989", "DP1_DP1_0001C": "26668", "DP1_DP1_0025C": "12824", "DP1_DP1_0049C": "13844", "DP1_DP1_0076C": "26668", "DP1_DP1_0084C": "2137" }, "geometry": { "type": "Polygon", "coordinates": [ [ [ -75.154035, 39.971333 ], [ -75.154416, 39.971344 ], [ -75.155306, 39.971496 ], [ -75.155601, 39.971536 ], [ -75.156198, 39.971616 ], [ -75.157151, 39.971738 ], [ -75.157243, 39.971301 ], [ -75.15728, 39.971191 ], [ -75.15861, 39.971347 ], [ -75.159442, 39.971467 ], [ -75.159237, 39.972384 ], [ -75.159056, 39.973205 ], [ -75.158782, 39.974482 ], [ -75.158526, 39.97585 ], [ -75.158226, 39.977216 ], [ -75.158239, 39.97728 ], [ -75.157914, 39.978707 ], [ -75.157581, 39.980223 ], [ -75.157255, 39.981693 ], [ -75.156915, 39.983219 ], [ -75.156793, 39.983815 ], [ -75.156679, 39.984378 ], [ -75.156619, 39.984677 ], [ -75.156548, 39.985008 ], [ -75.156468, 39.985381 ], [ -75.156398, 39.985709 ], [ -75.156339, 39.985982 ], [ -75.156275, 39.986283 ], [ -75.15607, 39.98626 ], [ -75.155406, 39.986179 ], [ -75.154938, 39.986118 ], [ -75.154063, 39.986003 ], [ -75.153275, 39.985899 ], [ -75.15298, 39.985863 ], [ -75.152485, 39.985801 ], [ -75.1517, 39.9857 ], [ -75.150913, 39.985597 ], [ -75.150197, 39.985504 ], [ -75.149342, 39.985392 ], [ -75.149014, 39.98535 ], [ -75.148946, 39.985643 ], [ -75.148485, 39.985583 ], [ -75.148549, 39.985292 ], [ -75.148259, 39.985253 ], [ -75.148285, 39.985351 ], [ -75.148281, 39.98539 ], [ -75.148258, 39.985528 ], [ -75.148138, 39.985513 ], [ -75.148121, 39.985596 ], [ -75.148008, 39.985581 ], [ -75.148025, 39.985505 ], [ -75.147706, 39.98546 ], [ -75.147766, 39.98519 ], [ -75.147274, 39.985124 ], [ -75.146782, 39.985063 ], [ -75.146102, 39.984978 ], [ -75.145445, 39.984895 ], [ -75.144655, 39.98479 ], [ -75.144154, 39.984724 ], [ -75.143844, 39.984683 ], [ -75.143228, 39.984603 ], [ -75.142806, 39.984548 ], [ -75.142537, 39.984516 ], [ -75.14238, 39.984494 ], [ -75.14187, 39.984432 ], [ -75.141394, 39.984369 ], [ -75.140934, 39.984312 ], [ -75.140479, 39.984248 ], [ -75.140021, 39.984191 ], [ -75.139521, 39.984124 ], [ -75.139013, 39.984061 ], [ -75.138467, 39.983989 ], [ -75.137799, 39.983907 ], [ -75.137099, 39.983813 ], [ -75.136513, 39.98374 ], [ -75.135966, 39.983666 ], [ -75.135445, 39.983598 ], [ -75.135344, 39.984051 ], [ -75.134889, 39.98399 ], [ -75.134433, 39.983931 ], [ -75.13396, 39.983871 ], [ -75.133489, 39.983809 ], [ -75.133586, 39.98336 ], [ -75.133073, 39.983295 ], [ -75.132599, 39.983228 ], [ -75.132544, 39.983166 ], [ -75.13252, 39.983044 ], [ -75.132268, 39.982758 ], [ -75.132426, 39.98267 ], [ -75.132425, 39.982618 ], [ -75.132308, 39.982227 ], [ -75.132603, 39.981888 ], [ -75.132537, 39.981814 ], [ -75.132656, 39.981754 ], [ -75.132636, 39.981672 ], [ -75.13244, 39.981452 ], [ -75.132648, 39.98134 ], [ -75.132537, 39.980959 ], [ -75.132527, 39.980872 ], [ -75.132565, 39.980826 ], [ -75.132296, 39.980522 ], [ -75.132653, 39.980337 ], [ -75.133004, 39.980146 ], [ -75.13319, 39.980134 ], [ -75.133029, 39.980092 ], [ -75.131777, 39.979364 ], [ -75.132165, 39.978982 ], [ -75.13213, 39.978963 ], [ -75.131297, 39.978479 ], [ -75.131325, 39.978458 ], [ -75.131759, 39.978025 ], [ -75.131858, 39.97785 ], [ -75.132241, 39.977203 ], [ -75.132394, 39.976924 ], [ -75.133835, 39.977148 ], [ -75.134004, 39.976331 ], [ -75.134218, 39.975364 ], [ -75.134333, 39.974993 ], [ -75.134343, 39.974917 ], [ -75.134555, 39.974256 ], [ -75.134633, 39.974004 ], [ -75.134385, 39.973975 ], [ -75.134062, 39.973934 ], [ -75.134273, 39.973466 ], [ -75.134389, 39.973487 ], [ -75.134473, 39.973204 ], [ -75.1346, 39.973227 ], [ -75.134642, 39.97309 ], [ -75.134741, 39.973108 ], [ -75.134764, 39.973031 ], [ -75.134784, 39.972965 ], [ -75.134799, 39.97291 ], [ -75.134701, 39.972891 ], [ -75.13474, 39.97277 ], [ -75.134614, 39.972746 ], [ -75.134553, 39.972724 ], [ -75.134591, 39.972663 ], [ -75.134652, 39.972682 ], [ -75.134718, 39.972544 ], [ -75.134733, 39.972547 ], [ -75.134777, 39.972402 ], [ -75.134724, 39.972391 ], [ -75.134766, 39.972227 ], [ -75.134864, 39.971862 ], [ -75.134814, 39.971765 ], [ -75.135287, 39.970248 ], [ -75.135454, 39.96974 ], [ -75.135505, 39.969537 ], [ -75.135513, 39.969507 ], [ -75.135133, 39.969442 ], [ -75.135354, 39.968726 ], [ -75.135738, 39.968795 ], [ -75.136224, 39.968881 ], [ -75.136136, 39.969164 ], [ -75.136515, 39.969234 ], [ -75.136499, 39.969283 ], [ -75.13665, 39.96931 ], [ -75.136663, 39.969267 ], [ -75.136696, 39.969272 ], [ -75.136733, 39.969277 ], [ -75.137081, 39.969352 ], [ -75.137102, 39.969276 ], [ -75.137183, 39.969299 ], [ -75.137253, 39.969074 ], [ -75.137764, 39.969168 ], [ -75.137686, 39.969535 ], [ -75.137782, 39.969559 ], [ -75.138059, 39.969613 ], [ -75.138341, 39.96965 ], [ -75.138422, 39.969663 ], [ -75.138692, 39.969706 ], [ -75.138702, 39.969664 ], [ -75.138934, 39.969698 ], [ -75.138997, 39.969406 ], [ -75.139578, 39.969515 ], [ -75.139796, 39.969542 ], [ -75.139782, 39.969681 ], [ -75.139824, 39.969839 ], [ -75.139966, 39.969814 ], [ -75.139974, 39.96985 ], [ -75.140106, 39.969828 ], [ -75.140096, 39.969792 ], [ -75.140153, 39.969783 ], [ -75.14019, 39.96991 ], [ -75.140707, 39.969826 ], [ -75.140665, 39.969652 ], [ -75.141518, 39.969758 ], [ -75.141409, 39.970272 ], [ -75.142262, 39.970377 ], [ -75.142323, 39.970384 ], [ -75.142366, 39.970181 ], [ -75.142607, 39.970213 ], [ -75.143028, 39.970277 ], [ -75.143095, 39.969954 ], [ -75.143589, 39.970011 ], [ -75.144064, 39.97007 ], [ -75.143986, 39.970452 ], [ -75.144064, 39.970489 ], [ -75.144369, 39.970532 ], [ -75.144379, 39.970492 ], [ -75.144505, 39.97051 ], [ -75.144511, 39.970486 ], [ -75.144701, 39.970513 ], [ -75.144745, 39.970304 ], [ -75.144879, 39.970321 ], [ -75.144985, 39.970331 ], [ -75.145128, 39.970344 ], [ -75.145377, 39.970377 ], [ -75.145327, 39.970611 ], [ -75.14556, 39.970642 ], [ -75.145573, 39.970573 ], [ -75.145801, 39.970606 ], [ -75.146102, 39.97065 ], [ -75.146069, 39.970817 ], [ -75.146452, 39.97086 ], [ -75.146538, 39.970928 ], [ -75.146891, 39.970968 ], [ -75.146887, 39.970989 ], [ -75.147221, 39.971041 ], [ -75.147318, 39.971056 ], [ -75.147583, 39.971086 ], [ -75.147611, 39.970936 ], [ -75.147964, 39.970977 ], [ -75.147995, 39.970802 ], [ -75.148075, 39.970811 ], [ -75.148173, 39.970822 ], [ -75.148338, 39.970843 ], [ -75.148335, 39.970899 ], [ -75.148476, 39.970915 ], [ -75.148479, 39.970859 ], [ -75.148864, 39.970913 ], [ -75.148965, 39.970453 ], [ -75.149966, 39.970485 ], [ -75.150432, 39.970498 ], [ -75.15094, 39.970524 ], [ -75.150603, 39.972116 ], [ -75.150671, 39.972125 ], [ -75.151126, 39.972187 ], [ -75.151525, 39.972234 ], [ -75.151683, 39.971521 ], [ -75.151786, 39.971054 ], [ -75.15245, 39.971144 ], [ -75.152559, 39.971088 ], [ -75.15294, 39.971134 ], [ -75.152939, 39.971173 ], [ -75.153939, 39.97133 ], [ -75.154035, 39.971333 ] ] ] } },
{ "type": "Feature", "properties": { "ZCTA5CE20": "19123", "TFID": 216590289, "STATEFP20": "42", "COUNTYFP20": "101", "TRACTCE20": "037600", "BLKGRPCE20": "2", "BLOCKCE20": "2022", "SUFFIX1CE": null, "UACE20": "69076", "PUMACE20": "03230", "STATEFP": "42", "COUNTYFP": "101", "TRACTCE": "037600", "BLKGRPCE": "2", "COUSUBFP": "60000", "SUBMCDFP": null, "ESTATEFP": null, "CONCTYFP": null, "PLACEFP": "60000", "AIANNHFP": null, "AIANNHCE": null, "COMPTYP": null, "TRSUBFP": null, "TRSUBCE": null, "ANRCFP": null, "TTRACTCE": null, "TBLKGPCE": null, "ELSDLEA": null, "SCSDLEA": null, "UNSDLEA": "18990", "SDADMLEA": null, "CD118FP": "02", "SLDUST": "001", "SLDLST": "175", "CSAFP": "428", "CBSAFP": "37980", "METDIVFP": "37964", "LWFLAG": "L", "OFFSET": "N", "ATOTAL": 8571, "INTPTLAT": "+39.9610995", "INTPTLON": "-75.1605594", "DP04_DP04_0001E_x": "10636", "DP04_DP04_0002E_x": "9991", "DP04_DP04_0003E_x": "645", "DP04_DP04_0089E_x": "544700", "DP04_DP04_0126E_x": "6514", "DP04_DP04_0134E_x": "1687", "DP04_DP04_0001E_y": "10636", "DP04_DP04_0002E_y": "9991", "DP04_DP04_0003E_y": "645", "DP04_DP04_0089E_y": "544700", "DP04_DP04_0126E_y": "6514", "DP04_DP04_0134E_y": "1687", "DP03_DP03_0002E": "13083", "DP03_DP03_0007E": "4473", "DP03_DP03_0062E": "95872", "DP03_DP03_0063E": "128512", "DP03_DP03_0064E": "8298", "DP03_DP03_0086E": "129063", "DP03_DP03_0087E": "177209", "DP03_DP03_0088E": "66468", "DP03_DP03_0119PE": "16.7", "DP02_DP02_0001E": "9991", "DP02_DP02_0016E": "1.88", "DP02_DP02_0017E": "2.78", "DP02_DP02_0053E": "3165", "DP02_DP02_0059E": "15604", "DP02_DP02_0067E": "14522", "DP02_DP02_0068E": "10231", "DP1_DP1_0001C": "18793", "DP1_DP1_0025C": "9285", "DP1_DP1_0049C": "9508", "DP1_DP1_0076C": "18793", "DP1_DP1_0084C": "1442" }, "geometry": { "type": "Polygon", "coordinates": [ [ [ -75.161476, 39.961789 ], [ -75.161389, 39.962168 ], [ -75.161376, 39.962225 ], [ -75.161409, 39.962345 ], [ -75.161384, 39.962474 ], [ -75.161302, 39.962894 ], [ -75.16126, 39.963126 ], [ -75.161188, 39.963422 ], [ -75.16111, 39.963788 ], [ -75.161053, 39.96404 ], [ -75.160957, 39.964469 ], [ -75.160804, 39.965159 ], [ -75.160678, 39.96577 ], [ -75.160561, 39.966294 ], [ -75.160482, 39.96667 ], [ -75.160395, 39.967064 ], [ -75.160213, 39.967888 ], [ -75.160159, 39.968177 ], [ -75.160072, 39.968599 ], [ -75.159977, 39.968995 ], [ -75.159702, 39.970202 ], [ -75.159442, 39.971467 ], [ -75.15861, 39.971347 ], [ -75.15728, 39.971191 ], [ -75.157243, 39.971301 ], [ -75.157151, 39.971738 ], [ -75.156198, 39.971616 ], [ -75.155601, 39.971536 ], [ -75.155306, 39.971496 ], [ -75.154416, 39.971344 ], [ -75.154035, 39.971333 ], [ -75.153939, 39.97133 ], [ -75.152939, 39.971173 ], [ -75.15294, 39.971134 ], [ -75.152559, 39.971088 ], [ -75.15245, 39.971144 ], [ -75.151786, 39.971054 ], [ -75.151683, 39.971521 ], [ -75.151525, 39.972234 ], [ -75.151126, 39.972187 ], [ -75.150671, 39.972125 ], [ -75.150603, 39.972116 ], [ -75.15094, 39.970524 ], [ -75.150432, 39.970498 ], [ -75.149966, 39.970485 ], [ -75.148965, 39.970453 ], [ -75.148864, 39.970913 ], [ -75.148479, 39.970859 ], [ -75.148476, 39.970915 ], [ -75.148335, 39.970899 ], [ -75.148338, 39.970843 ], [ -75.148173, 39.970822 ], [ -75.148075, 39.970811 ], [ -75.147995, 39.970802 ], [ -75.147964, 39.970977 ], [ -75.147611, 39.970936 ], [ -75.147583, 39.971086 ], [ -75.147318, 39.971056 ], [ -75.147221, 39.971041 ], [ -75.146887, 39.970989 ], [ -75.146891, 39.970968 ], [ -75.146538, 39.970928 ], [ -75.146452, 39.97086 ], [ -75.146069, 39.970817 ], [ -75.146102, 39.97065 ], [ -75.145801, 39.970606 ], [ -75.145573, 39.970573 ], [ -75.14556, 39.970642 ], [ -75.145327, 39.970611 ], [ -75.145377, 39.970377 ], [ -75.145128, 39.970344 ], [ -75.144985, 39.970331 ], [ -75.144879, 39.970321 ], [ -75.144745, 39.970304 ], [ -75.144701, 39.970513 ], [ -75.144511, 39.970486 ], [ -75.144505, 39.97051 ], [ -75.144379, 39.970492 ], [ -75.144369, 39.970532 ], [ -75.144064, 39.970489 ], [ -75.143986, 39.970452 ], [ -75.144064, 39.97007 ], [ -75.143589, 39.970011 ], [ -75.143095, 39.969954 ], [ -75.143028, 39.970277 ], [ -75.142607, 39.970213 ], [ -75.142366, 39.970181 ], [ -75.142323, 39.970384 ], [ -75.142262, 39.970377 ], [ -75.141409, 39.970272 ], [ -75.141518, 39.969758 ], [ -75.140665, 39.969652 ], [ -75.140707, 39.969826 ], [ -75.14019, 39.96991 ], [ -75.140153, 39.969783 ], [ -75.140096, 39.969792 ], [ -75.140106, 39.969828 ], [ -75.139974, 39.96985 ], [ -75.139966, 39.969814 ], [ -75.139824, 39.969839 ], [ -75.139782, 39.969681 ], [ -75.139796, 39.969542 ], [ -75.139578, 39.969515 ], [ -75.138997, 39.969406 ], [ -75.138934, 39.969698 ], [ -75.138702, 39.969664 ], [ -75.138692, 39.969706 ], [ -75.138422, 39.969663 ], [ -75.138341, 39.96965 ], [ -75.138059, 39.969613 ], [ -75.137782, 39.969559 ], [ -75.137686, 39.969535 ], [ -75.137764, 39.969168 ], [ -75.137253, 39.969074 ], [ -75.137183, 39.969299 ], [ -75.137102, 39.969276 ], [ -75.137081, 39.969352 ], [ -75.136733, 39.969277 ], [ -75.136696, 39.969272 ], [ -75.136663, 39.969267 ], [ -75.13665, 39.96931 ], [ -75.136499, 39.969283 ], [ -75.136515, 39.969234 ], [ -75.136136, 39.969164 ], [ -75.136224, 39.968881 ], [ -75.135738, 39.968795 ], [ -75.135354, 39.968726 ], [ -75.135143, 39.968687 ], [ -75.135117, 39.968829 ], [ -75.135047, 39.96906 ], [ -75.134999, 39.969052 ], [ -75.134982, 39.96914 ], [ -75.1349, 39.969139 ], [ -75.134897, 39.96909 ], [ -75.134896, 39.969077 ], [ -75.134429, 39.969086 ], [ -75.134428, 39.968791 ], [ -75.134423, 39.967594 ], [ -75.134419, 39.967019 ], [ -75.134418, 39.966911 ], [ -75.134417, 39.966723 ], [ -75.13441, 39.966094 ], [ -75.134415, 39.965336 ], [ -75.134414, 39.964768 ], [ -75.134395, 39.964683 ], [ -75.134361, 39.964596 ], [ -75.134223, 39.964477 ], [ -75.133638, 39.964962 ], [ -75.133509, 39.965042 ], [ -75.133349, 39.965133 ], [ -75.133136, 39.965241 ], [ -75.132204, 39.96558 ], [ -75.131919, 39.965693 ], [ -75.131803, 39.96574 ], [ -75.131776, 39.965751 ], [ -75.131205, 39.965968 ], [ -75.130904, 39.966094 ], [ -75.130417, 39.966287 ], [ -75.130291, 39.966345 ], [ -75.130154, 39.966429 ], [ -75.129515, 39.966638 ], [ -75.128697, 39.966977 ], [ -75.127539, 39.965433 ], [ -75.125421, 39.96196 ], [ -75.125701, 39.961823 ], [ -75.12959, 39.959296 ], [ -75.129685, 39.959234 ], [ -75.130404, 39.958737 ], [ -75.131742, 39.959838 ], [ -75.134386, 39.959896 ], [ -75.137091, 39.9602 ], [ -75.13715, 39.960052 ], [ -75.13754, 39.958919 ], [ -75.137825, 39.958095 ], [ -75.138009, 39.957697 ], [ -75.13824, 39.957318 ], [ -75.138319, 39.957197 ], [ -75.138434, 39.95702 ], [ -75.138604, 39.956765 ], [ -75.13886, 39.956797 ], [ -75.13963, 39.956887 ], [ -75.139954, 39.956928 ], [ -75.140384, 39.956984 ], [ -75.140731, 39.957029 ], [ -75.140998, 39.957063 ], [ -75.141412, 39.957117 ], [ -75.141422, 39.957059 ], [ -75.141455, 39.956826 ], [ -75.141469, 39.956737 ], [ -75.141567, 39.955942 ], [ -75.141576, 39.955879 ], [ -75.141586, 39.955754 ], [ -75.141712, 39.955871 ], [ -75.141913, 39.956027 ], [ -75.142177, 39.956184 ], [ -75.142367, 39.956274 ], [ -75.142441, 39.956309 ], [ -75.142833, 39.95644 ], [ -75.143195, 39.956542 ], [ -75.144255, 39.956784 ], [ -75.144451, 39.956838 ], [ -75.14462, 39.956914 ], [ -75.145059, 39.956996 ], [ -75.145792, 39.957131 ], [ -75.146007, 39.957171 ], [ -75.147187, 39.957388 ], [ -75.147272, 39.957404 ], [ -75.147376, 39.957423 ], [ -75.147448, 39.957436 ], [ -75.147642, 39.9575 ], [ -75.147995, 39.957562 ], [ -75.14808, 39.957577 ], [ -75.148539, 39.957637 ], [ -75.14878, 39.95766 ], [ -75.148877, 39.957664 ], [ -75.149133, 39.957674 ], [ -75.149526, 39.957662 ], [ -75.150172, 39.957592 ], [ -75.150314, 39.957559 ], [ -75.150654, 39.957481 ], [ -75.150881, 39.957421 ], [ -75.151489, 39.957257 ], [ -75.151632, 39.957217 ], [ -75.151854, 39.957249 ], [ -75.152217, 39.957303 ], [ -75.15208, 39.957942 ], [ -75.152035, 39.958228 ], [ -75.152046, 39.958327 ], [ -75.152749, 39.958416 ], [ -75.153239, 39.958479 ], [ -75.153526, 39.958516 ], [ -75.153576, 39.958522 ], [ -75.153672, 39.958099 ], [ -75.154769, 39.958234 ], [ -75.15507, 39.958706 ], [ -75.155093, 39.958709 ], [ -75.155168, 39.958718 ], [ -75.156737, 39.95891 ], [ -75.157587, 39.959019 ], [ -75.158311, 39.959112 ], [ -75.159426, 39.959253 ], [ -75.159499, 39.958785 ], [ -75.159926, 39.958839 ], [ -75.159987, 39.958832 ], [ -75.159884, 39.959312 ], [ -75.159733, 39.959997 ], [ -75.159698, 39.960156 ], [ -75.161772, 39.960421 ], [ -75.161645, 39.961021 ], [ -75.161554, 39.961442 ], [ -75.161506, 39.96166 ], [ -75.161476, 39.961789 ] ] ] } },
{ "type": "Feature", "properties": { "ZCTA5CE20": "19124", "TFID": 216590944, "STATEFP20": "42", "COUNTYFP20": "101", "TRACTCE20": "019100", "BLKGRPCE20": "2", "BLOCKCE20": "2005", "SUFFIX1CE": null, "UACE20": "69076", "PUMACE20": "03225", "STATEFP": "42", "COUNTYFP": "101", "TRACTCE": "019100", "BLKGRPCE": "2", "COUSUBFP": "60000", "SUBMCDFP": null, "ESTATEFP": null, "CONCTYFP": null, "PLACEFP": "60000", "AIANNHFP": null, "AIANNHCE": null, "COMPTYP": null, "TRSUBFP": null, "TRSUBCE": null, "ANRCFP": null, "TTRACTCE": null, "TBLKGPCE": null, "ELSDLEA": null, "SCSDLEA": null, "UNSDLEA": "18990", "SDADMLEA": null, "CD118FP": "02", "SLDUST": "002", "SLDLST": "180", "CSAFP": "428", "CBSAFP": "37980", "METDIVFP": "37964", "LWFLAG": "L", "OFFSET": "N", "ATOTAL": 4018, "INTPTLAT": "+40.0104838", "INTPTLON": "-75.1064036", "DP04_DP04_0001E_x": "27014", "DP04_DP04_0002E_x": "24760", "DP04_DP04_0003E_x": "2254", "DP04_DP04_0089E_x": "155000", "DP04_DP04_0126E_x": "9119", "DP04_DP04_0134E_x": "1063", "DP04_DP04_0001E_y": "27014", "DP04_DP04_0002E_y": "24760", "DP04_DP04_0003E_y": "2254", "DP04_DP04_0089E_y": "155000", "DP04_DP04_0126E_y": "9119", "DP04_DP04_0134E_y": "1063", "DP03_DP03_0002E": "31087", "DP03_DP03_0007E": "19825", "DP03_DP03_0062E": "46100", "DP03_DP03_0063E": "67449", "DP03_DP03_0064E": "18713", "DP03_DP03_0086E": "52384", "DP03_DP03_0087E": "75025", "DP03_DP03_0088E": "23646", "DP03_DP03_0119PE": "25.8", "DP02_DP02_0001E": "24760", "DP02_DP02_0016E": "2.84", "DP02_DP02_0017E": "3.51", "DP02_DP02_0053E": "20089", "DP02_DP02_0059E": "43182", "DP02_DP02_0067E": "34658", "DP02_DP02_0068E": "6549", "DP1_DP1_0001C": "68766", "DP1_DP1_0025C": "32705", "DP1_DP1_0049C": "36061", "DP1_DP1_0076C": "68766", "DP1_DP1_0084C": "7428" }, "geometry": { "type": "Polygon", "coordinates": [ [ [ -75.121989, 40.007037 ], [ -75.122718, 40.007134 ], [ -75.123425, 40.007212 ], [ -75.125179, 40.007444 ], [ -75.127287, 40.007695 ], [ -75.127137, 40.008406 ], [ -75.126634, 40.010816 ], [ -75.126201, 40.012979 ], [ -75.125988, 40.013862 ], [ -75.125332, 40.01696 ], [ -75.12526, 40.017304 ], [ -75.125092, 40.018105 ], [ -75.125007, 40.018077 ], [ -75.124556, 40.017826 ], [ -75.124468, 40.017811 ], [ -75.124327, 40.017822 ], [ -75.12413, 40.017902 ], [ -75.124003, 40.018098 ], [ -75.123943, 40.018262 ], [ -75.123921, 40.018414 ], [ -75.123942, 40.018696 ], [ -75.123958, 40.018873 ], [ -75.123945, 40.01903 ], [ -75.123923, 40.019128 ], [ -75.123864, 40.01922 ], [ -75.12375, 40.019322 ], [ -75.123584, 40.019386 ], [ -75.123466, 40.019395 ], [ -75.123347, 40.019384 ], [ -75.123305, 40.01944 ], [ -75.122852, 40.019232 ], [ -75.122841, 40.019323 ], [ -75.122752, 40.019722 ], [ -75.121944, 40.019619 ], [ -75.121379, 40.019549 ], [ -75.12073, 40.019469 ], [ -75.119415, 40.019315 ], [ -75.118643, 40.0192 ], [ -75.119558, 40.014809 ], [ -75.117814, 40.015689 ], [ -75.117475, 40.015783 ], [ -75.117571, 40.015582 ], [ -75.119439, 40.013026 ], [ -75.11782, 40.012812 ], [ -75.114141, 40.012326 ], [ -75.112161, 40.012085 ], [ -75.111811, 40.013662 ], [ -75.111496, 40.015168 ], [ -75.11136, 40.015867 ], [ -75.109024, 40.016286 ], [ -75.108889, 40.016938 ], [ -75.109601, 40.017026 ], [ -75.11031, 40.017118 ], [ -75.110636, 40.017157 ], [ -75.110627, 40.017211 ], [ -75.110437, 40.018079 ], [ -75.110422, 40.018152 ], [ -75.110087, 40.01977 ], [ -75.110502, 40.019826 ], [ -75.110813, 40.019858 ], [ -75.111605, 40.019966 ], [ -75.111687, 40.019978 ], [ -75.112217, 40.020056 ], [ -75.110835, 40.02172 ], [ -75.110242, 40.022242 ], [ -75.110195, 40.022291 ], [ -75.110383, 40.022323 ], [ -75.110552, 40.02236 ], [ -75.110717, 40.022419 ], [ -75.110831, 40.022501 ], [ -75.110936, 40.022606 ], [ -75.110977, 40.022739 ], [ -75.110996, 40.022908 ], [ -75.111032, 40.023036 ], [ -75.111181, 40.023255 ], [ -75.111279, 40.023411 ], [ -75.111348, 40.023567 ], [ -75.111375, 40.023709 ], [ -75.111393, 40.023914 ], [ -75.111444, 40.024093 ], [ -75.111494, 40.024285 ], [ -75.111549, 40.024504 ], [ -75.111563, 40.024651 ], [ -75.111508, 40.024797 ], [ -75.111458, 40.024907 ], [ -75.111403, 40.025076 ], [ -75.111393, 40.025282 ], [ -75.111352, 40.025446 ], [ -75.111403, 40.025561 ], [ -75.111508, 40.025643 ], [ -75.111709, 40.025698 ], [ -75.111883, 40.025734 ], [ -75.112043, 40.025762 ], [ -75.112198, 40.025812 ], [ -75.112399, 40.02589 ], [ -75.112532, 40.025954 ], [ -75.112628, 40.026055 ], [ -75.112715, 40.026196 ], [ -75.112752, 40.026361 ], [ -75.11277, 40.026631 ], [ -75.112807, 40.026888 ], [ -75.112826, 40.02696 ], [ -75.112844, 40.027025 ], [ -75.11285, 40.027335 ], [ -75.11288, 40.027457 ], [ -75.112884, 40.027605 ], [ -75.112875, 40.027678 ], [ -75.112846, 40.027734 ], [ -75.112683, 40.02782 ], [ -75.112473, 40.027911 ], [ -75.112436, 40.028016 ], [ -75.112308, 40.027948 ], [ -75.112203, 40.027957 ], [ -75.112089, 40.027998 ], [ -75.111928, 40.027994 ], [ -75.11181, 40.027998 ], [ -75.111677, 40.028067 ], [ -75.11154, 40.028176 ], [ -75.111416, 40.028309 ], [ -75.111275, 40.028487 ], [ -75.111114, 40.028725 ], [ -75.111014, 40.028904 ], [ -75.110954, 40.029096 ], [ -75.1109, 40.02937 ], [ -75.1109, 40.029603 ], [ -75.110968, 40.029759 ], [ -75.111055, 40.029955 ], [ -75.111096, 40.030125 ], [ -75.111128, 40.03039 ], [ -75.111142, 40.030614 ], [ -75.111165, 40.03092 ], [ -75.111139, 40.031038 ], [ -75.111075, 40.031061 ], [ -75.109057, 40.031741 ], [ -75.108403, 40.031978 ], [ -75.10804, 40.032108 ], [ -75.107909, 40.03215 ], [ -75.107574, 40.032439 ], [ -75.107264, 40.03277 ], [ -75.106912, 40.033135 ], [ -75.106624, 40.033436 ], [ -75.106605, 40.033458 ], [ -75.106266, 40.033153 ], [ -75.105625, 40.033831 ], [ -75.105539, 40.033884 ], [ -75.105191, 40.033671 ], [ -75.103971, 40.034905 ], [ -75.10433, 40.035108 ], [ -75.104725, 40.035321 ], [ -75.103309, 40.03667 ], [ -75.102329, 40.03762 ], [ -75.102123, 40.037802 ], [ -75.101881, 40.038023 ], [ -75.101572, 40.038293 ], [ -75.099385, 40.036761 ], [ -75.099122, 40.036581 ], [ -75.098434, 40.036114 ], [ -75.098416, 40.036101 ], [ -75.097503, 40.036926 ], [ -75.096992, 40.036942 ], [ -75.096847, 40.03697 ], [ -75.096775, 40.036933 ], [ -75.096233, 40.036646 ], [ -75.096098, 40.036574 ], [ -75.095566, 40.037178 ], [ -75.09477, 40.037821 ], [ -75.094299, 40.038202 ], [ -75.09203, 40.040214 ], [ -75.091916, 40.040045 ], [ -75.09159, 40.039734 ], [ -75.090666, 40.039209 ], [ -75.090543, 40.039142 ], [ -75.091311, 40.038586 ], [ -75.091334, 40.038409 ], [ -75.091228, 40.038341 ], [ -75.090739, 40.038027 ], [ -75.090101, 40.037673 ], [ -75.089404, 40.037263 ], [ -75.089595, 40.037065 ], [ -75.089808, 40.036834 ], [ -75.090057, 40.036587 ], [ -75.090234, 40.036406 ], [ -75.090437, 40.036204 ], [ -75.090626, 40.036005 ], [ -75.090835, 40.035794 ], [ -75.089282, 40.034954 ], [ -75.089153, 40.03488 ], [ -75.088712, 40.034619 ], [ -75.087893, 40.034167 ], [ -75.087786, 40.034134 ], [ -75.087699, 40.034096 ], [ -75.086598, 40.033374 ], [ -75.086129, 40.033085 ], [ -75.08648, 40.0329 ], [ -75.085321, 40.032147 ], [ -75.085157, 40.032232 ], [ -75.085055, 40.032275 ], [ -75.084953, 40.032308 ], [ -75.084832, 40.032349 ], [ -75.084754, 40.032028 ], [ -75.084691, 40.031765 ], [ -75.084601, 40.031716 ], [ -75.084554, 40.031682 ], [ -75.084487, 40.031634 ], [ -75.084371, 40.031555 ], [ -75.084197, 40.031438 ], [ -75.084111, 40.031618 ], [ -75.083513, 40.031756 ], [ -75.083358, 40.031326 ], [ -75.082443, 40.030773 ], [ -75.082348, 40.030716 ], [ -75.082295, 40.030772 ], [ -75.080708, 40.029877 ], [ -75.080609, 40.029823 ], [ -75.079721, 40.029335 ], [ -75.079985, 40.02906 ], [ -75.079693, 40.028894 ], [ -75.079651, 40.028995 ], [ -75.079487, 40.029167 ], [ -75.079425, 40.029214 ], [ -75.078791, 40.028858 ], [ -75.078719, 40.028818 ], [ -75.078261, 40.028556 ], [ -75.078182, 40.028516 ], [ -75.078139, 40.028494 ], [ -75.077679, 40.028236 ], [ -75.077594, 40.028153 ], [ -75.077535, 40.028095 ], [ -75.076808, 40.027689 ], [ -75.07703, 40.027445 ], [ -75.076774, 40.027381 ], [ -75.075637, 40.02708 ], [ -75.075488, 40.027071 ], [ -75.075367, 40.027038 ], [ -75.075141, 40.026848 ], [ -75.074944, 40.026691 ], [ -75.074782, 40.026556 ], [ -75.073364, 40.025369 ], [ -75.073332, 40.025289 ], [ -75.071231, 40.023571 ], [ -75.070197, 40.022724 ], [ -75.069764, 40.022387 ], [ -75.069087, 40.021904 ], [ -75.068623, 40.021514 ], [ -75.068516, 40.021385 ], [ -75.068274, 40.021109 ], [ -75.068189, 40.021012 ], [ -75.068106, 40.02107 ], [ -75.067876, 40.021184 ], [ -75.067607, 40.020847 ], [ -75.067576, 40.020808 ], [ -75.067708, 40.020736 ], [ -75.067212, 40.020327 ], [ -75.066712, 40.019916 ], [ -75.066644, 40.01986 ], [ -75.066527, 40.019765 ], [ -75.065805, 40.019178 ], [ -75.066005, 40.019076 ], [ -75.065767, 40.018821 ], [ -75.065727, 40.018778 ], [ -75.065292, 40.018265 ], [ -75.064931, 40.017852 ], [ -75.064868, 40.017777 ], [ -75.064787, 40.01768 ], [ -75.064004, 40.016749 ], [ -75.064312, 40.016585 ], [ -75.063385, 40.01552 ], [ -75.062915, 40.015002 ], [ -75.062519, 40.014542 ], [ -75.062261, 40.014673 ], [ -75.061803, 40.01416 ], [ -75.06206, 40.014021 ], [ -75.0619, 40.013838 ], [ -75.061413, 40.013284 ], [ -75.061339, 40.012764 ], [ -75.061637, 40.012688 ], [ -75.061963, 40.012609 ], [ -75.06229, 40.012532 ], [ -75.062609, 40.012458 ], [ -75.063084, 40.012348 ], [ -75.063274, 40.012304 ], [ -75.063581, 40.012231 ], [ -75.06575, 40.011711 ], [ -75.067197, 40.011365 ], [ -75.067523, 40.011286 ], [ -75.06785, 40.011208 ], [ -75.069508, 40.010798 ], [ -75.070581, 40.010533 ], [ -75.070777, 40.010485 ], [ -75.072308, 40.010105 ], [ -75.072371, 40.010089 ], [ -75.074409, 40.009585 ], [ -75.076514, 40.009065 ], [ -75.078448, 40.008586 ], [ -75.079241, 40.008389 ], [ -75.079112, 40.008317 ], [ -75.079003, 40.008261 ], [ -75.078917, 40.008184 ], [ -75.07886, 40.008092 ], [ -75.078823, 40.007943 ], [ -75.078775, 40.007949 ], [ -75.078654, 40.007348 ], [ -75.078194, 40.007411 ], [ -75.078122, 40.00708 ], [ -75.078553, 40.007034 ], [ -75.078478, 40.006678 ], [ -75.078466, 40.006621 ], [ -75.078343, 40.006003 ], [ -75.078331, 40.005945 ], [ -75.07821, 40.005403 ], [ -75.078271, 40.005395 ], [ -75.078257, 40.005317 ], [ -75.078246, 40.005259 ], [ -75.078185, 40.004985 ], [ -75.078116, 40.004994 ], [ -75.078037, 40.004642 ], [ -75.077946, 40.004239 ], [ -75.077666, 40.004275 ], [ -75.077505, 40.004277 ], [ -75.077476, 40.004139 ], [ -75.077446, 40.003928 ], [ -75.077423, 40.003761 ], [ -75.077416, 40.003739 ], [ -75.077385, 40.003636 ], [ -75.078393, 40.002406 ], [ -75.078579, 40.002125 ], [ -75.078792, 40.001837 ], [ -75.078992, 40.001548 ], [ -75.079355, 40.001052 ], [ -75.079466, 40.000896 ], [ -75.08055, 39.99949 ], [ -75.08123, 39.998536 ], [ -75.081952, 39.997523 ], [ -75.082065, 39.997367 ], [ -75.082259, 39.997097 ], [ -75.0824, 39.996904 ], [ -75.082607, 39.996623 ], [ -75.082647, 39.996569 ], [ -75.082687, 39.996513 ], [ -75.082901, 39.99622 ], [ -75.083016, 39.996063 ], [ -75.083346, 39.99641 ], [ -75.083704, 39.996753 ], [ -75.08388, 39.996899 ], [ -75.083953, 39.996961 ], [ -75.084142, 39.997118 ], [ -75.084262, 39.997208 ], [ -75.084434, 39.997337 ], [ -75.084716, 39.997509 ], [ -75.085267, 39.997911 ], [ -75.085485, 39.998094 ], [ -75.085903, 39.998444 ], [ -75.08637, 39.998895 ], [ -75.086448, 39.998971 ], [ -75.086571, 39.998907 ], [ -75.086625, 39.998974 ], [ -75.086709, 39.999051 ], [ -75.08684, 39.999187 ], [ -75.08701, 39.999383 ], [ -75.087098, 39.99948 ], [ -75.087184, 39.9996 ], [ -75.087255, 39.999679 ], [ -75.087289, 39.999734 ], [ -75.08734, 39.999822 ], [ -75.087438, 39.999961 ], [ -75.087507, 40.000073 ], [ -75.08757, 40.000198 ], [ -75.087593, 40.000304 ], [ -75.087637, 40.000549 ], [ -75.087658, 40.000676 ], [ -75.087649, 40.000916 ], [ -75.087659, 40.001037 ], [ -75.087672, 40.001142 ], [ -75.08768, 40.001258 ], [ -75.087692, 40.001487 ], [ -75.087697, 40.001546 ], [ -75.087708, 40.001599 ], [ -75.087713, 40.001667 ], [ -75.087692, 40.001709 ], [ -75.087677, 40.001775 ], [ -75.087681, 40.001875 ], [ -75.0877, 40.001998 ], [ -75.087728, 40.002092 ], [ -75.08775, 40.002189 ], [ -75.087785, 40.002262 ], [ -75.087817, 40.002347 ], [ -75.087872, 40.002422 ], [ -75.087933, 40.002547 ], [ -75.087995, 40.002654 ], [ -75.088032, 40.002722 ], [ -75.088047, 40.002793 ], [ -75.088068, 40.002885 ], [ -75.088108, 40.002977 ], [ -75.088196, 40.003089 ], [ -75.088299, 40.003173 ], [ -75.088405, 40.003267 ], [ -75.088501, 40.003373 ], [ -75.088613, 40.003474 ], [ -75.088711, 40.003541 ], [ -75.088862, 40.003615 ], [ -75.088962, 40.003668 ], [ -75.089051, 40.003676 ], [ -75.089158, 40.003709 ], [ -75.089218, 40.003693 ], [ -75.089158, 40.003649 ], [ -75.0891, 40.003593 ], [ -75.089127, 40.003574 ], [ -75.08936, 40.003674 ], [ -75.089465, 40.003717 ], [ -75.089497, 40.003679 ], [ -75.089517, 40.003663 ], [ -75.093206, 40.00056 ], [ -75.093347, 40.000589 ], [ -75.093609, 40.000644 ], [ -75.093859, 40.000376 ], [ -75.09482, 39.99935 ], [ -75.095039, 39.999165 ], [ -75.096184, 40.000241 ], [ -75.098423, 39.999068 ], [ -75.098979, 39.999688 ], [ -75.099221, 39.999949 ], [ -75.098896, 40.000162 ], [ -75.099264, 40.000586 ], [ -75.099371, 40.000632 ], [ -75.09951, 40.00079 ], [ -75.099554, 40.000907 ], [ -75.100085, 40.000977 ], [ -75.099913, 40.001739 ], [ -75.100501, 40.001816 ], [ -75.10084, 40.001859 ], [ -75.101176, 40.001903 ], [ -75.102864, 40.002121 ], [ -75.103083, 40.00215 ], [ -75.101811, 40.002863 ], [ -75.10166, 40.002995 ], [ -75.101618, 40.003142 ], [ -75.101714, 40.003157 ], [ -75.102321, 40.003236 ], [ -75.103603, 40.003403 ], [ -75.103721, 40.00348 ], [ -75.103854, 40.003566 ], [ -75.10467, 40.004481 ], [ -75.105665, 40.004031 ], [ -75.105335, 40.005518 ], [ -75.106025, 40.005498 ], [ -75.10666, 40.00548 ], [ -75.107351, 40.005471 ], [ -75.108036, 40.005431 ], [ -75.108628, 40.005404 ], [ -75.109372, 40.005392 ], [ -75.113483, 40.005927 ], [ -75.119299, 40.006679 ], [ -75.121989, 40.007037 ] ] ] } },
{ "type": "Feature", "properties": { "ZCTA5CE20": "19125", "TFID": 263821236, "STATEFP20": "42", "COUNTYFP20": "101", "TRACTCE20": "014300", "BLKGRPCE20": "1", "BLOCKCE20": "1001", "SUFFIX1CE": null, "UACE20": "69076", "PUMACE20": "03228", "STATEFP": "42", "COUNTYFP": "101", "TRACTCE": "014300", "BLKGRPCE": "1", "COUSUBFP": "60000", "SUBMCDFP": null, "ESTATEFP": null, "CONCTYFP": null, "PLACEFP": "60000", "AIANNHFP": null, "AIANNHCE": null, "COMPTYP": null, "TRSUBFP": null, "TRSUBCE": null, "ANRCFP": null, "TTRACTCE": null, "TBLKGPCE": null, "ELSDLEA": null, "SCSDLEA": null, "UNSDLEA": "18990", "SDADMLEA": null, "CD118FP": "02", "SLDUST": "001", "SLDLST": "175", "CSAFP": "428", "CBSAFP": "37980", "METDIVFP": "37964", "LWFLAG": "L", "OFFSET": "N", "ATOTAL": 4351, "INTPTLAT": "+39.9721506", "INTPTLON": "-75.1222136", "DP04_DP04_0001E_x": "13055", "DP04_DP04_0002E_x": "12039", "DP04_DP04_0003E_x": "1016", "DP04_DP04_0089E_x": "373600", "DP04_DP04_0126E_x": "4743", "DP04_DP04_0134E_x": "1743", "DP04_DP04_0001E_y": "13055", "DP04_DP04_0002E_y": "12039", "DP04_DP04_0003E_y": "1016", "DP04_DP04_0089E_y": "373600", "DP04_DP04_0126E_y": "4743", "DP04_DP04_0134E_y": "1743", "DP03_DP03_0002E": "18291", "DP03_DP03_0007E": "3492", "DP03_DP03_0062E": "110842", "DP03_DP03_0063E": "126134", "DP03_DP03_0064E": "10838", "DP03_DP03_0086E": "121694", "DP03_DP03_0087E": "145355", "DP03_DP03_0088E": "59728", "DP03_DP03_0119PE": "6.3", "DP02_DP02_0001E": "12039", "DP02_DP02_0016E": "2.09", "DP02_DP02_0017E": "2.78", "DP02_DP02_0053E": "3863", "DP02_DP02_0059E": "20453", "DP02_DP02_0067E": "19228", "DP02_DP02_0068E": "12987", "DP1_DP1_0001C": "25325", "DP1_DP1_0025C": "12772", "DP1_DP1_0049C": "12553", "DP1_DP1_0076C": "25325", "DP1_DP1_0084C": "1934" }, "geometry": { "type": "Polygon", "coordinates": [ [ [ -75.134418, 39.966911 ], [ -75.134419, 39.967019 ], [ -75.134423, 39.967594 ], [ -75.134428, 39.968791 ], [ -75.134429, 39.969086 ], [ -75.134896, 39.969077 ], [ -75.134897, 39.96909 ], [ -75.1349, 39.969139 ], [ -75.134982, 39.96914 ], [ -75.134999, 39.969052 ], [ -75.135047, 39.96906 ], [ -75.135117, 39.968829 ], [ -75.135143, 39.968687 ], [ -75.135354, 39.968726 ], [ -75.135133, 39.969442 ], [ -75.135513, 39.969507 ], [ -75.135505, 39.969537 ], [ -75.135454, 39.96974 ], [ -75.135287, 39.970248 ], [ -75.134814, 39.971765 ], [ -75.134864, 39.971862 ], [ -75.134766, 39.972227 ], [ -75.134724, 39.972391 ], [ -75.134777, 39.972402 ], [ -75.134733, 39.972547 ], [ -75.134718, 39.972544 ], [ -75.134652, 39.972682 ], [ -75.134591, 39.972663 ], [ -75.134553, 39.972724 ], [ -75.134614, 39.972746 ], [ -75.13474, 39.97277 ], [ -75.134701, 39.972891 ], [ -75.134799, 39.97291 ], [ -75.134784, 39.972965 ], [ -75.134764, 39.973031 ], [ -75.134741, 39.973108 ], [ -75.134642, 39.97309 ], [ -75.1346, 39.973227 ], [ -75.134473, 39.973204 ], [ -75.134389, 39.973487 ], [ -75.134273, 39.973466 ], [ -75.134062, 39.973934 ], [ -75.134385, 39.973975 ], [ -75.134633, 39.974004 ], [ -75.134555, 39.974256 ], [ -75.134343, 39.974917 ], [ -75.134333, 39.974993 ], [ -75.134218, 39.975364 ], [ -75.134004, 39.976331 ], [ -75.133835, 39.977148 ], [ -75.132394, 39.976924 ], [ -75.132241, 39.977203 ], [ -75.131858, 39.97785 ], [ -75.131759, 39.978025 ], [ -75.131325, 39.978458 ], [ -75.131297, 39.978479 ], [ -75.13213, 39.978963 ], [ -75.132165, 39.978982 ], [ -75.131777, 39.979364 ], [ -75.133029, 39.980092 ], [ -75.13319, 39.980134 ], [ -75.133004, 39.980146 ], [ -75.132653, 39.980337 ], [ -75.132296, 39.980522 ], [ -75.132565, 39.980826 ], [ -75.132527, 39.980872 ], [ -75.132537, 39.980959 ], [ -75.132648, 39.98134 ], [ -75.13244, 39.981452 ], [ -75.132636, 39.981672 ], [ -75.132656, 39.981754 ], [ -75.132537, 39.981814 ], [ -75.132603, 39.981888 ], [ -75.132308, 39.982227 ], [ -75.132425, 39.982618 ], [ -75.132426, 39.98267 ], [ -75.132268, 39.982758 ], [ -75.13252, 39.983044 ], [ -75.132544, 39.983166 ], [ -75.132439, 39.983184 ], [ -75.131985, 39.983417 ], [ -75.132012, 39.983503 ], [ -75.132133, 39.98364 ], [ -75.132026, 39.983695 ], [ -75.132077, 39.983755 ], [ -75.131978, 39.983806 ], [ -75.132003, 39.983834 ], [ -75.13189, 39.983892 ], [ -75.13196, 39.983971 ], [ -75.132024, 39.983938 ], [ -75.132057, 39.984097 ], [ -75.132003, 39.984122 ], [ -75.132061, 39.984188 ], [ -75.132046, 39.984266 ], [ -75.131926, 39.984333 ], [ -75.13217, 39.984609 ], [ -75.132208, 39.984741 ], [ -75.132106, 39.984771 ], [ -75.131645, 39.985004 ], [ -75.131061, 39.985317 ], [ -75.131802, 39.986151 ], [ -75.131907, 39.986306 ], [ -75.131831, 39.986519 ], [ -75.131676, 39.987229 ], [ -75.131305, 39.987179 ], [ -75.13125, 39.98718 ], [ -75.1312, 39.9872 ], [ -75.13104, 39.987287 ], [ -75.130877, 39.987382 ], [ -75.130798, 39.987705 ], [ -75.130892, 39.987717 ], [ -75.131206, 39.987755 ], [ -75.131028, 39.988618 ], [ -75.130901, 39.98925 ], [ -75.13124, 39.989296 ], [ -75.130898, 39.99089 ], [ -75.130822, 39.991237 ], [ -75.12986, 39.99111 ], [ -75.128906, 39.990979 ], [ -75.128975, 39.99064 ], [ -75.127031, 39.990386 ], [ -75.126952, 39.99076 ], [ -75.126075, 39.990642 ], [ -75.125998, 39.99064 ], [ -75.126191, 39.990813 ], [ -75.126243, 39.990867 ], [ -75.126709, 39.9913 ], [ -75.126829, 39.991403 ], [ -75.127111, 39.991716 ], [ -75.126915, 39.991834 ], [ -75.126731, 39.991945 ], [ -75.124722, 39.990257 ], [ -75.122581, 39.988337 ], [ -75.122359, 39.988138 ], [ -75.122135, 39.987939 ], [ -75.121907, 39.987742 ], [ -75.121703, 39.987571 ], [ -75.121677, 39.987548 ], [ -75.121435, 39.987362 ], [ -75.121187, 39.987181 ], [ -75.120682, 39.986824 ], [ -75.120561, 39.986737 ], [ -75.120432, 39.986644 ], [ -75.120189, 39.986459 ], [ -75.119949, 39.986271 ], [ -75.119711, 39.986082 ], [ -75.119476, 39.985891 ], [ -75.119003, 39.985511 ], [ -75.11872, 39.985282 ], [ -75.118198, 39.98486 ], [ -75.117957, 39.984657 ], [ -75.117671, 39.984405 ], [ -75.117557, 39.984301 ], [ -75.117519, 39.984268 ], [ -75.117301, 39.984066 ], [ -75.11686, 39.983662 ], [ -75.116422, 39.983259 ], [ -75.116272, 39.98312 ], [ -75.116075, 39.982938 ], [ -75.116836, 39.982072 ], [ -75.115949, 39.981375 ], [ -75.115062, 39.980678 ], [ -75.115201, 39.980604 ], [ -75.115538, 39.980428 ], [ -75.115805, 39.980288 ], [ -75.115769, 39.980241 ], [ -75.115532, 39.979974 ], [ -75.115506, 39.979993 ], [ -75.115458, 39.979938 ], [ -75.115435, 39.979912 ], [ -75.115316, 39.979779 ], [ -75.115226, 39.979825 ], [ -75.115048, 39.979624 ], [ -75.115007, 39.979578 ], [ -75.11468, 39.979213 ], [ -75.114653, 39.979183 ], [ -75.114381, 39.978876 ], [ -75.114317, 39.978803 ], [ -75.114274, 39.978754 ], [ -75.114314, 39.978729 ], [ -75.114165, 39.978547 ], [ -75.114244, 39.978507 ], [ -75.11421, 39.978468 ], [ -75.114194, 39.97845 ], [ -75.11411, 39.978358 ], [ -75.11404, 39.978395 ], [ -75.113944, 39.978291 ], [ -75.113886, 39.978223 ], [ -75.113847, 39.978176 ], [ -75.113779, 39.978097 ], [ -75.113721, 39.978127 ], [ -75.113586, 39.977973 ], [ -75.113662, 39.977932 ], [ -75.113626, 39.97789 ], [ -75.113603, 39.977862 ], [ -75.113398, 39.97763 ], [ -75.113349, 39.977656 ], [ -75.1133, 39.977599 ], [ -75.113124, 39.977391 ], [ -75.113079, 39.977329 ], [ -75.11303, 39.977261 ], [ -75.113434, 39.97705 ], [ -75.113331, 39.976928 ], [ -75.113278, 39.976864 ], [ -75.113227, 39.976803 ], [ -75.115652, 39.975525 ], [ -75.116683, 39.974984 ], [ -75.118068, 39.974275 ], [ -75.11803, 39.974157 ], [ -75.118026, 39.974138 ], [ -75.117864, 39.973969 ], [ -75.11779, 39.973919 ], [ -75.117658, 39.973832 ], [ -75.117435, 39.973682 ], [ -75.116912, 39.973331 ], [ -75.11675, 39.973282 ], [ -75.116273, 39.973152 ], [ -75.115617, 39.97296 ], [ -75.115005, 39.971851 ], [ -75.1141, 39.970406 ], [ -75.112815, 39.968358 ], [ -75.114286, 39.967744 ], [ -75.118206, 39.965941 ], [ -75.118903, 39.965552 ], [ -75.118958, 39.965535 ], [ -75.119491, 39.965372 ], [ -75.123304, 39.963059 ], [ -75.123562, 39.962902 ], [ -75.123821, 39.962744 ], [ -75.12391, 39.962701 ], [ -75.125421, 39.96196 ], [ -75.127539, 39.965433 ], [ -75.128697, 39.966977 ], [ -75.129515, 39.966638 ], [ -75.130154, 39.966429 ], [ -75.130291, 39.966345 ], [ -75.130417, 39.966287 ], [ -75.130904, 39.966094 ], [ -75.131205, 39.965968 ], [ -75.131776, 39.965751 ], [ -75.131803, 39.96574 ], [ -75.131919, 39.965693 ], [ -75.132204, 39.96558 ], [ -75.133136, 39.965241 ], [ -75.133349, 39.965133 ], [ -75.133509, 39.965042 ], [ -75.133638, 39.964962 ], [ -75.134223, 39.964477 ], [ -75.134361, 39.964596 ], [ -75.134395, 39.964683 ], [ -75.134414, 39.964768 ], [ -75.134415, 39.965336 ], [ -75.13441, 39.966094 ], [ -75.134417, 39.966723 ], [ -75.134418, 39.966911 ] ] ] } },
{ "type": "Feature", "properties": { "ZCTA5CE20": "19126", "TFID": 267660219, "STATEFP20": "42", "COUNTYFP20": "101", "TRACTCE20": "026600", "BLKGRPCE20": "3", "BLOCKCE20": "3002", "SUFFIX1CE": null, "UACE20": "69076", "PUMACE20": "03224", "STATEFP": "42", "COUNTYFP": "101", "TRACTCE": "026600", "BLKGRPCE": "3", "COUSUBFP": "60000", "SUBMCDFP": null, "ESTATEFP": null, "CONCTYFP": null, "PLACEFP": "60000", "AIANNHFP": null, "AIANNHCE": null, "COMPTYP": null, "TRSUBFP": null, "TRSUBCE": null, "ANRCFP": null, "TTRACTCE": null, "TBLKGPCE": null, "ELSDLEA": null, "SCSDLEA": null, "UNSDLEA": "18990", "SDADMLEA": null, "CD118FP": "03", "SLDUST": "004", "SLDLST": "200", "CSAFP": "428", "CBSAFP": "37980", "METDIVFP": "37964", "LWFLAG": "L", "OFFSET": "N", "ATOTAL": 3508, "INTPTLAT": "+40.0668075", "INTPTLON": "-75.1470501", "DP04_DP04_0001E_x": "7490", "DP04_DP04_0002E_x": "7146", "DP04_DP04_0003E_x": "344", "DP04_DP04_0089E_x": "214300", "DP04_DP04_0126E_x": "2781", "DP04_DP04_0134E_x": "1116", "DP04_DP04_0001E_y": "7490", "DP04_DP04_0002E_y": "7146", "DP04_DP04_0003E_y": "344", "DP04_DP04_0089E_y": "214300", "DP04_DP04_0126E_y": "2781", "DP04_DP04_0134E_y": "1116", "DP03_DP03_0002E": "8230", "DP03_DP03_0007E": "6106", "DP03_DP03_0062E": "52847", "DP03_DP03_0063E": "73661", "DP03_DP03_0064E": "5317", "DP03_DP03_0086E": "77298", "DP03_DP03_0087E": "91183", "DP03_DP03_0088E": "30532", "DP03_DP03_0119PE": "12.8", "DP02_DP02_0001E": "7146", "DP02_DP02_0016E": "2.34", "DP02_DP02_0017E": "3.10", "DP02_DP02_0053E": "4016", "DP02_DP02_0059E": "12772", "DP02_DP02_0067E": "11488", "DP02_DP02_0068E": "3356", "DP1_DP1_0001C": "16159", "DP1_DP1_0025C": "7352", "DP1_DP1_0049C": "8807", "DP1_DP1_0076C": "16159", "DP1_DP1_0084C": "662" }, "geometry": { "type": "Polygon", "coordinates": [ [ [ -75.147004, 40.051175 ], [ -75.148578, 40.051383 ], [ -75.149452, 40.051493 ], [ -75.149564, 40.051507 ], [ -75.149627, 40.051493 ], [ -75.149672, 40.051471 ], [ -75.149774, 40.05137 ], [ -75.15, 40.051498 ], [ -75.150142, 40.051578 ], [ -75.150293, 40.051647 ], [ -75.150472, 40.051729 ], [ -75.150989, 40.051967 ], [ -75.150943, 40.052266 ], [ -75.150542, 40.052246 ], [ -75.150512, 40.052461 ], [ -75.150504, 40.052516 ], [ -75.150495, 40.052583 ], [ -75.150472, 40.052751 ], [ -75.150434, 40.05303 ], [ -75.150419, 40.053106 ], [ -75.150402, 40.053195 ], [ -75.150306, 40.053843 ], [ -75.150201, 40.054561 ], [ -75.150192, 40.054682 ], [ -75.150183, 40.054797 ], [ -75.150122, 40.055208 ], [ -75.14999, 40.056163 ], [ -75.149975, 40.056243 ], [ -75.149961, 40.05632 ], [ -75.149897, 40.056897 ], [ -75.14989, 40.05695 ], [ -75.149851, 40.057256 ], [ -75.14978, 40.057253 ], [ -75.14975, 40.057537 ], [ -75.149288, 40.057519 ], [ -75.148892, 40.057499 ], [ -75.148682, 40.057487 ], [ -75.148484, 40.058395 ], [ -75.149219, 40.058432 ], [ -75.149061, 40.058571 ], [ -75.148944, 40.058829 ], [ -75.148822, 40.059121 ], [ -75.149106, 40.059542 ], [ -75.148748, 40.060392 ], [ -75.148701, 40.060493 ], [ -75.148629, 40.060646 ], [ -75.148525, 40.060698 ], [ -75.148753, 40.060968 ], [ -75.148673, 40.061028 ], [ -75.148575, 40.061143 ], [ -75.148364, 40.062037 ], [ -75.14832, 40.062235 ], [ -75.148306, 40.062295 ], [ -75.148193, 40.062764 ], [ -75.147862, 40.062747 ], [ -75.147708, 40.062736 ], [ -75.147649, 40.06301 ], [ -75.148164, 40.063036 ], [ -75.147996, 40.063798 ], [ -75.147967, 40.063892 ], [ -75.147472, 40.063829 ], [ -75.147353, 40.064371 ], [ -75.14724, 40.064857 ], [ -75.147131, 40.065376 ], [ -75.147022, 40.065892 ], [ -75.146912, 40.066383 ], [ -75.147369, 40.066441 ], [ -75.147218, 40.067152 ], [ -75.147116, 40.067179 ], [ -75.147022, 40.067198 ], [ -75.14692, 40.067218 ], [ -75.146802, 40.067231 ], [ -75.146734, 40.067238 ], [ -75.146683, 40.067547 ], [ -75.145477, 40.066856 ], [ -75.145452, 40.066842 ], [ -75.145187, 40.066692 ], [ -75.144857, 40.066503 ], [ -75.144547, 40.066322 ], [ -75.144096, 40.066067 ], [ -75.144066, 40.06605 ], [ -75.143117, 40.065493 ], [ -75.143056, 40.065458 ], [ -75.141876, 40.064793 ], [ -75.14185, 40.064778 ], [ -75.14119, 40.064405 ], [ -75.140897, 40.064239 ], [ -75.140851, 40.064213 ], [ -75.140709, 40.064133 ], [ -75.140579, 40.064056 ], [ -75.139427, 40.063358 ], [ -75.139365, 40.06332 ], [ -75.139352, 40.063313 ], [ -75.139313, 40.06329 ], [ -75.139076, 40.063154 ], [ -75.138932, 40.063071 ], [ -75.138213, 40.062659 ], [ -75.136948, 40.061935 ], [ -75.136719, 40.061821 ], [ -75.136528, 40.061729 ], [ -75.135193, 40.061031 ], [ -75.135124, 40.060989 ], [ -75.134888, 40.060852 ], [ -75.134392, 40.060532 ], [ -75.134087, 40.060337 ], [ -75.133316, 40.059818 ], [ -75.13253, 40.059299 ], [ -75.131683, 40.058777 ], [ -75.130402, 40.057964 ], [ -75.130135, 40.057796 ], [ -75.130046, 40.057739 ], [ -75.129814, 40.05759 ], [ -75.129021, 40.057091 ], [ -75.128555, 40.056812 ], [ -75.128488, 40.056772 ], [ -75.12709, 40.055931 ], [ -75.12632, 40.055481 ], [ -75.124916, 40.054684 ], [ -75.124619, 40.05452 ], [ -75.124451, 40.054428 ], [ -75.123756, 40.054058 ], [ -75.123314, 40.053822 ], [ -75.122147, 40.053177 ], [ -75.122286, 40.052616 ], [ -75.121798, 40.052535 ], [ -75.121683, 40.052443 ], [ -75.121565, 40.052378 ], [ -75.121754, 40.051905 ], [ -75.121837, 40.05191 ], [ -75.122037, 40.050865 ], [ -75.121978, 40.050857 ], [ -75.12188, 40.050093 ], [ -75.121909, 40.049974 ], [ -75.122213, 40.050009 ], [ -75.12223, 40.04993 ], [ -75.122293, 40.04955 ], [ -75.122776, 40.049613 ], [ -75.123034, 40.048186 ], [ -75.123117, 40.047813 ], [ -75.123156, 40.04758 ], [ -75.123207, 40.047239 ], [ -75.123259, 40.046968 ], [ -75.1252, 40.047226 ], [ -75.125292, 40.046818 ], [ -75.12629, 40.046946 ], [ -75.127243, 40.047063 ], [ -75.12815, 40.047189 ], [ -75.128689, 40.047254 ], [ -75.128807, 40.046733 ], [ -75.128907, 40.04628 ], [ -75.12895, 40.046092 ], [ -75.128925, 40.046089 ], [ -75.129006, 40.045697 ], [ -75.129482, 40.045763 ], [ -75.130469, 40.045894 ], [ -75.131283, 40.045984 ], [ -75.132121, 40.046018 ], [ -75.132941, 40.046059 ], [ -75.134724, 40.046134 ], [ -75.134723, 40.047364 ], [ -75.134718, 40.048417 ], [ -75.134714, 40.04868 ], [ -75.134705, 40.048931 ], [ -75.135042, 40.048954 ], [ -75.136384, 40.049326 ], [ -75.137422, 40.049592 ], [ -75.13848, 40.049878 ], [ -75.139246, 40.050076 ], [ -75.140018, 40.050277 ], [ -75.141047, 40.050416 ], [ -75.141138, 40.050422 ], [ -75.142033, 40.050539 ], [ -75.142085, 40.050546 ], [ -75.142164, 40.050556 ], [ -75.142214, 40.050563 ], [ -75.143594, 40.050739 ], [ -75.143841, 40.050771 ], [ -75.144639, 40.050871 ], [ -75.145428, 40.050973 ], [ -75.145917, 40.051038 ], [ -75.146221, 40.051075 ], [ -75.147004, 40.051175 ] ] ] } },
{ "type": "Feature", "properties": { "ZCTA5CE20": "19127", "TFID": 261255817, "STATEFP20": "42", "COUNTYFP20": "101", "TRACTCE20": "021500", "BLKGRPCE20": "2", "BLOCKCE20": "2021", "SUFFIX1CE": null, "UACE20": "69076", "PUMACE20": "03216", "STATEFP": "42", "COUNTYFP": "101", "TRACTCE": "021500", "BLKGRPCE": "2", "COUSUBFP": "60000", "SUBMCDFP": null, "ESTATEFP": null, "CONCTYFP": null, "PLACEFP": "60000", "AIANNHFP": null, "AIANNHCE": null, "COMPTYP": null, "TRSUBFP": null, "TRSUBCE": null, "ANRCFP": null, "TTRACTCE": null, "TBLKGPCE": null, "ELSDLEA": null, "SCSDLEA": null, "UNSDLEA": "18990", "SDADMLEA": null, "CD118FP": "03", "SLDUST": "007", "SLDLST": "194", "CSAFP": "428", "CBSAFP": "37980", "METDIVFP": "37964", "LWFLAG": "L", "OFFSET": "N", "ATOTAL": 11910, "INTPTLAT": "+40.0303623", "INTPTLON": "-75.2303588", "DP04_DP04_0001E_x": "3496", "DP04_DP04_0002E_x": "3314", "DP04_DP04_0003E_x": "182", "DP04_DP04_0089E_x": "298900", "DP04_DP04_0126E_x": "1819", "DP04_DP04_0134E_x": "1765", "DP04_DP04_0001E_y": "3496", "DP04_DP04_0002E_y": "3314", "DP04_DP04_0003E_y": "182", "DP04_DP04_0089E_y": "298900", "DP04_DP04_0126E_y": "1819", "DP04_DP04_0134E_y": "1765", "DP03_DP03_0002E": "4555", "DP03_DP03_0007E": "874", "DP03_DP03_0062E": "99792", "DP03_DP03_0063E": "134281", "DP03_DP03_0064E": "2897", "DP03_DP03_0086E": "197813", "DP03_DP03_0087E": "197483", "DP03_DP03_0088E": "75350", "DP03_DP03_0119PE": "0.0", "DP02_DP02_0001E": "3314", "DP02_DP02_0016E": "1.74", "DP02_DP02_0017E": "2.41", "DP02_DP02_0053E": "868", "DP02_DP02_0059E": "4638", "DP02_DP02_0067E": "4551", "DP02_DP02_0068E": "3550", "DP1_DP1_0001C": "6929", "DP1_DP1_0025C": "3699", "DP1_DP1_0049C": "3230", "DP1_DP1_0076C": "6929", "DP1_DP1_0084C": "407" }, "geometry": { "type": "Polygon", "coordinates": [ [ [ -75.232785, 40.02848 ], [ -75.23418, 40.029589 ], [ -75.234604, 40.029926 ], [ -75.23484, 40.030075 ], [ -75.237038, 40.031483 ], [ -75.237762, 40.031934 ], [ -75.238068, 40.032127 ], [ -75.238494, 40.032392 ], [ -75.239296, 40.03289 ], [ -75.239808, 40.033337 ], [ -75.24028, 40.033749 ], [ -75.240753, 40.034161 ], [ -75.240807, 40.034218 ], [ -75.240868, 40.034279 ], [ -75.240959, 40.034397 ], [ -75.241058, 40.034519 ], [ -75.241089, 40.034557 ], [ -75.24115, 40.03463 ], [ -75.241211, 40.034702 ], [ -75.241249, 40.034752 ], [ -75.241287, 40.034801 ], [ -75.241493, 40.035141 ], [ -75.242096, 40.035637 ], [ -75.243034, 40.036217 ], [ -75.24324, 40.036301 ], [ -75.243355, 40.03635 ], [ -75.244308, 40.036743 ], [ -75.24511, 40.037258 ], [ -75.245598, 40.037655 ], [ -75.245903, 40.037996 ], [ -75.24617, 40.03829 ], [ -75.246674, 40.039168 ], [ -75.247, 40.039738 ], [ -75.247322, 40.040096 ], [ -75.247919, 40.040762 ], [ -75.249039, 40.041848 ], [ -75.249181, 40.041951 ], [ -75.249349, 40.042073 ], [ -75.250334, 40.042789 ], [ -75.250986, 40.043263 ], [ -75.251222, 40.043447 ], [ -75.251298, 40.043505 ], [ -75.250701, 40.043905 ], [ -75.250672, 40.043923 ], [ -75.250646, 40.043944 ], [ -75.250617, 40.043979 ], [ -75.250605, 40.044008 ], [ -75.250595, 40.044045 ], [ -75.250576, 40.044084 ], [ -75.250559, 40.044114 ], [ -75.250521, 40.044173 ], [ -75.250504, 40.044202 ], [ -75.250488, 40.044244 ], [ -75.25045, 40.044339 ], [ -75.250415, 40.044368 ], [ -75.250373, 40.0444 ], [ -75.250295, 40.044348 ], [ -75.25027, 40.044332 ], [ -75.250012, 40.044159 ], [ -75.249295, 40.043689 ], [ -75.249231, 40.043646 ], [ -75.24897, 40.043475 ], [ -75.248878, 40.043413 ], [ -75.248714, 40.043301 ], [ -75.248459, 40.043126 ], [ -75.248093, 40.042872 ], [ -75.247835, 40.042669 ], [ -75.247105, 40.042096 ], [ -75.246505, 40.041479 ], [ -75.24613, 40.04101 ], [ -75.245845, 40.040595 ], [ -75.245653, 40.040147 ], [ -75.24542, 40.039592 ], [ -75.245091, 40.039106 ], [ -75.244692, 40.038671 ], [ -75.244197, 40.038305 ], [ -75.243676, 40.038046 ], [ -75.242991, 40.037853 ], [ -75.241889, 40.037687 ], [ -75.241454, 40.037589 ], [ -75.241043, 40.03742 ], [ -75.240615, 40.037162 ], [ -75.240096, 40.036831 ], [ -75.239668, 40.036538 ], [ -75.239351, 40.036354 ], [ -75.238783, 40.036111 ], [ -75.238056, 40.035811 ], [ -75.23767, 40.035643 ], [ -75.237089, 40.035361 ], [ -75.236814, 40.035205 ], [ -75.236556, 40.035032 ], [ -75.236312, 40.034848 ], [ -75.236267, 40.034812 ], [ -75.236149, 40.034859 ], [ -75.235858, 40.035094 ], [ -75.235404, 40.03546 ], [ -75.234937, 40.0349 ], [ -75.23405, 40.035697 ], [ -75.232746, 40.034561 ], [ -75.232616, 40.034656 ], [ -75.23246, 40.034416 ], [ -75.23201, 40.033986 ], [ -75.231028, 40.033095 ], [ -75.230399, 40.033446 ], [ -75.230183, 40.033566 ], [ -75.230062, 40.033635 ], [ -75.229762, 40.033803 ], [ -75.228752, 40.034373 ], [ -75.22815, 40.034714 ], [ -75.227909, 40.03485 ], [ -75.227872, 40.034796 ], [ -75.227725, 40.034624 ], [ -75.22761, 40.034486 ], [ -75.227406, 40.03458 ], [ -75.227224, 40.034338 ], [ -75.227382, 40.034265 ], [ -75.226933, 40.033675 ], [ -75.226687, 40.033787 ], [ -75.226542, 40.033598 ], [ -75.226515, 40.033615 ], [ -75.226467, 40.033644 ], [ -75.226082, 40.033806 ], [ -75.225849, 40.033506 ], [ -75.225635, 40.03322 ], [ -75.225956, 40.033067 ], [ -75.225704, 40.032727 ], [ -75.225445, 40.032843 ], [ -75.225366, 40.032861 ], [ -75.225099, 40.032492 ], [ -75.225125, 40.032412 ], [ -75.225386, 40.032298 ], [ -75.225182, 40.032025 ], [ -75.225349, 40.031941 ], [ -75.225164, 40.031722 ], [ -75.225127, 40.031643 ], [ -75.224592, 40.030938 ], [ -75.224504, 40.030823 ], [ -75.224144, 40.03035 ], [ -75.223825, 40.029927 ], [ -75.223474, 40.029441 ], [ -75.223208, 40.029078 ], [ -75.222882, 40.029269 ], [ -75.222764, 40.029105 ], [ -75.222606, 40.029173 ], [ -75.222358, 40.028784 ], [ -75.221912, 40.028273 ], [ -75.221837, 40.028201 ], [ -75.221789, 40.028155 ], [ -75.221606, 40.02791 ], [ -75.221776, 40.027834 ], [ -75.221617, 40.027625 ], [ -75.22182, 40.027536 ], [ -75.221679, 40.027339 ], [ -75.22124, 40.027551 ], [ -75.220653, 40.027008 ], [ -75.220642, 40.026997 ], [ -75.220213, 40.026588 ], [ -75.219699, 40.02614 ], [ -75.219124, 40.025567 ], [ -75.219073, 40.025603 ], [ -75.218992, 40.025617 ], [ -75.218929, 40.025581 ], [ -75.218863, 40.025503 ], [ -75.218322, 40.025028 ], [ -75.218196, 40.024972 ], [ -75.218037, 40.024938 ], [ -75.21755, 40.024931 ], [ -75.216706, 40.024942 ], [ -75.21598, 40.024369 ], [ -75.21579, 40.024229 ], [ -75.215348, 40.023903 ], [ -75.215106, 40.023623 ], [ -75.21544, 40.02343 ], [ -75.215006, 40.022924 ], [ -75.214913, 40.022965 ], [ -75.214697, 40.022702 ], [ -75.21442, 40.022825 ], [ -75.214061, 40.022359 ], [ -75.213895, 40.022132 ], [ -75.214008, 40.022062 ], [ -75.214203, 40.021975 ], [ -75.214049, 40.021764 ], [ -75.213995, 40.021703 ], [ -75.213951, 40.021653 ], [ -75.2139, 40.021676 ], [ -75.213823, 40.02157 ], [ -75.213875, 40.021548 ], [ -75.213643, 40.021231 ], [ -75.213598, 40.021156 ], [ -75.213571, 40.021112 ], [ -75.213449, 40.020949 ], [ -75.213509, 40.020921 ], [ -75.213162, 40.020464 ], [ -75.213066, 40.02034 ], [ -75.212948, 40.020394 ], [ -75.212895, 40.020315 ], [ -75.212857, 40.020259 ], [ -75.212897, 40.02024 ], [ -75.212665, 40.019933 ], [ -75.212924, 40.019816 ], [ -75.212725, 40.019552 ], [ -75.212464, 40.019671 ], [ -75.212397, 40.01958 ], [ -75.212465, 40.01955 ], [ -75.21233, 40.019371 ], [ -75.21193, 40.019554 ], [ -75.211696, 40.019247 ], [ -75.211471, 40.018948 ], [ -75.212029, 40.0187 ], [ -75.212787, 40.018342 ], [ -75.212661, 40.018199 ], [ -75.212536, 40.018073 ], [ -75.212229, 40.017835 ], [ -75.211997, 40.017548 ], [ -75.211744, 40.017388 ], [ -75.211416, 40.017101 ], [ -75.211419, 40.017033 ], [ -75.211375, 40.016942 ], [ -75.211366, 40.01693 ], [ -75.211278, 40.016813 ], [ -75.210497, 40.016391 ], [ -75.209291, 40.015817 ], [ -75.209031, 40.015699 ], [ -75.208872, 40.015623 ], [ -75.208699, 40.01548 ], [ -75.20717, 40.015035 ], [ -75.206903, 40.014958 ], [ -75.206973, 40.01477 ], [ -75.207524, 40.01331 ], [ -75.208008, 40.012997 ], [ -75.208649, 40.013439 ], [ -75.210007, 40.014107 ], [ -75.212219, 40.015461 ], [ -75.213462, 40.016561 ], [ -75.213489, 40.016585 ], [ -75.213637, 40.016718 ], [ -75.214272, 40.017273 ], [ -75.214752, 40.017784 ], [ -75.215752, 40.018845 ], [ -75.216347, 40.019478 ], [ -75.218056, 40.020943 ], [ -75.218544, 40.021191 ], [ -75.218969, 40.021405 ], [ -75.219583, 40.021713 ], [ -75.219917, 40.021881 ], [ -75.221893, 40.02253 ], [ -75.222153, 40.022614 ], [ -75.223017, 40.023227 ], [ -75.223694, 40.023712 ], [ -75.223945, 40.023809 ], [ -75.225191, 40.024459 ], [ -75.226308, 40.025092 ], [ -75.226513, 40.025197 ], [ -75.226652, 40.025267 ], [ -75.227952, 40.025934 ], [ -75.228004, 40.025963 ], [ -75.228149, 40.026031 ], [ -75.22818, 40.026047 ], [ -75.228218, 40.026066 ], [ -75.228249, 40.026081 ], [ -75.229678, 40.026793 ], [ -75.230745, 40.027312 ], [ -75.230924, 40.027425 ], [ -75.231026, 40.027489 ], [ -75.231336, 40.027613 ], [ -75.231702, 40.0278 ], [ -75.232094, 40.027994 ], [ -75.232323, 40.028107 ], [ -75.232544, 40.028286 ], [ -75.232628, 40.028355 ], [ -75.232785, 40.02848 ] ] ] } },
{ "type": "Feature", "properties": { "ZCTA5CE20": "19128", "TFID": 216589872, "STATEFP20": "42", "COUNTYFP20": "101", "TRACTCE20": "021900", "BLKGRPCE20": "1", "BLOCKCE20": "1023", "SUFFIX1CE": null, "UACE20": "69076", "PUMACE20": "03216", "STATEFP": "42", "COUNTYFP": "101", "TRACTCE": "021900", "BLKGRPCE": "1", "COUSUBFP": "60000", "SUBMCDFP": null, "ESTATEFP": null, "CONCTYFP": null, "PLACEFP": "60000", "AIANNHFP": null, "AIANNHCE": null, "COMPTYP": null, "TRSUBFP": null, "TRSUBCE": null, "ANRCFP": null, "TTRACTCE": null, "TBLKGPCE": null, "ELSDLEA": null, "SCSDLEA": null, "UNSDLEA": "18990", "SDADMLEA": null, "CD118FP": "03", "SLDUST": "007", "SLDLST": "194", "CSAFP": "428", "CBSAFP": "37980", "METDIVFP": "37964", "LWFLAG": "L", "OFFSET": "N", "ATOTAL": 10330, "INTPTLAT": "+40.0470238", "INTPTLON": "-75.2409276", "DP04_DP04_0001E_x": "19006", "DP04_DP04_0002E_x": "17931", "DP04_DP04_0003E_x": "1075", "DP04_DP04_0089E_x": "330800", "DP04_DP04_0126E_x": "7500", "DP04_DP04_0134E_x": "1563", "DP04_DP04_0001E_y": "19006", "DP04_DP04_0002E_y": "17931", "DP04_DP04_0003E_y": "1075", "DP04_DP04_0089E_y": "330800", "DP04_DP04_0126E_y": "7500", "DP04_DP04_0134E_y": "1563", "DP03_DP03_0002E": "23796", "DP03_DP03_0007E": "8811", "DP03_DP03_0062E": "89639", "DP03_DP03_0063E": "113378", "DP03_DP03_0064E": "14959", "DP03_DP03_0086E": "109466", "DP03_DP03_0087E": "134565", "DP03_DP03_0088E": "54892", "DP03_DP03_0119PE": "4.2", "DP02_DP02_0001E": "17931", "DP02_DP02_0016E": "2.04", "DP02_DP02_0017E": "2.75", "DP02_DP02_0053E": "6513", "DP02_DP02_0059E": "29510", "DP02_DP02_0067E": "28050", "DP02_DP02_0068E": "16193", "DP1_DP1_0001C": "36808", "DP1_DP1_0025C": "17714", "DP1_DP1_0049C": "19094", "DP1_DP1_0076C": "36808", "DP1_DP1_0084C": "2413" }, "geometry": { "type": "Polygon", "coordinates": [ [ [ -75.238056, 40.035811 ], [ -75.238783, 40.036111 ], [ -75.239351, 40.036354 ], [ -75.239668, 40.036538 ], [ -75.240096, 40.036831 ], [ -75.240615, 40.037162 ], [ -75.241043, 40.03742 ], [ -75.241454, 40.037589 ], [ -75.241889, 40.037687 ], [ -75.242991, 40.037853 ], [ -75.243676, 40.038046 ], [ -75.244197, 40.038305 ], [ -75.244692, 40.038671 ], [ -75.245091, 40.039106 ], [ -75.24542, 40.039592 ], [ -75.245653, 40.040147 ], [ -75.245845, 40.040595 ], [ -75.24613, 40.04101 ], [ -75.246505, 40.041479 ], [ -75.247105, 40.042096 ], [ -75.247835, 40.042669 ], [ -75.248093, 40.042872 ], [ -75.248459, 40.043126 ], [ -75.248714, 40.043301 ], [ -75.248878, 40.043413 ], [ -75.24897, 40.043475 ], [ -75.249231, 40.043646 ], [ -75.249295, 40.043689 ], [ -75.250012, 40.044159 ], [ -75.25027, 40.044332 ], [ -75.250295, 40.044348 ], [ -75.250373, 40.0444 ], [ -75.250415, 40.044368 ], [ -75.25045, 40.044339 ], [ -75.250488, 40.044244 ], [ -75.250504, 40.044202 ], [ -75.250521, 40.044173 ], [ -75.250559, 40.044114 ], [ -75.250576, 40.044084 ], [ -75.250595, 40.044045 ], [ -75.250605, 40.044008 ], [ -75.250617, 40.043979 ], [ -75.250646, 40.043944 ], [ -75.250672, 40.043923 ], [ -75.250701, 40.043905 ], [ -75.251298, 40.043505 ], [ -75.251361, 40.043554 ], [ -75.252882, 40.044733 ], [ -75.254226, 40.045689 ], [ -75.254318, 40.045755 ], [ -75.254678, 40.045924 ], [ -75.255098, 40.046122 ], [ -75.255893, 40.046497 ], [ -75.257655, 40.047611 ], [ -75.259621, 40.049238 ], [ -75.261097, 40.050671 ], [ -75.262677, 40.052304 ], [ -75.264431, 40.054094 ], [ -75.26386, 40.054557 ], [ -75.263811, 40.054602 ], [ -75.263596, 40.05481 ], [ -75.263519, 40.054871 ], [ -75.2635, 40.054888 ], [ -75.263229, 40.055121 ], [ -75.256286, 40.061081 ], [ -75.254682, 40.062545 ], [ -75.252024, 40.06519 ], [ -75.252209, 40.065278 ], [ -75.245857, 40.071127 ], [ -75.243458, 40.073334 ], [ -75.243288, 40.073494 ], [ -75.243214, 40.073558 ], [ -75.243133, 40.073628 ], [ -75.241277, 40.075446 ], [ -75.240942, 40.075758 ], [ -75.240869, 40.07583 ], [ -75.240658, 40.07604 ], [ -75.240382, 40.076336 ], [ -75.240121, 40.076592 ], [ -75.239984, 40.076716 ], [ -75.239632, 40.077035 ], [ -75.239349, 40.077309 ], [ -75.238197, 40.078464 ], [ -75.238088, 40.078572 ], [ -75.235767, 40.080852 ], [ -75.234456, 40.082139 ], [ -75.232952, 40.083618 ], [ -75.232942, 40.083588 ], [ -75.232902, 40.083457 ], [ -75.232828, 40.08334 ], [ -75.232703, 40.083258 ], [ -75.232486, 40.083156 ], [ -75.232002, 40.082969 ], [ -75.231847, 40.082893 ], [ -75.231598, 40.082742 ], [ -75.231412, 40.082658 ], [ -75.230869, 40.082549 ], [ -75.230311, 40.082452 ], [ -75.229996, 40.082384 ], [ -75.229707, 40.082268 ], [ -75.229409, 40.082195 ], [ -75.229004, 40.082046 ], [ -75.228418, 40.08182 ], [ -75.22779, 40.08149 ], [ -75.227611, 40.081377 ], [ -75.227444, 40.081209 ], [ -75.227326, 40.080945 ], [ -75.227252, 40.080816 ], [ -75.227215, 40.080754 ], [ -75.227063, 40.080614 ], [ -75.226735, 40.080284 ], [ -75.226614, 40.08013 ], [ -75.226326, 40.079759 ], [ -75.226222, 40.079556 ], [ -75.226068, 40.079236 ], [ -75.225988, 40.079068 ], [ -75.225589, 40.079207 ], [ -75.22549, 40.079242 ], [ -75.225475, 40.079247 ], [ -75.22527, 40.078876 ], [ -75.225083, 40.078615 ], [ -75.224904, 40.078369 ], [ -75.224732, 40.077876 ], [ -75.224501, 40.077317 ], [ -75.224359, 40.076996 ], [ -75.224151, 40.07672 ], [ -75.223919, 40.076354 ], [ -75.223725, 40.075996 ], [ -75.223494, 40.075571 ], [ -75.223397, 40.075198 ], [ -75.223263, 40.074959 ], [ -75.223099, 40.074653 ], [ -75.222987, 40.074399 ], [ -75.223009, 40.074093 ], [ -75.223158, 40.07378 ], [ -75.223322, 40.073564 ], [ -75.223613, 40.073355 ], [ -75.223912, 40.073153 ], [ -75.224233, 40.073004 ], [ -75.224576, 40.072833 ], [ -75.224949, 40.072616 ], [ -75.225262, 40.072422 ], [ -75.225441, 40.072206 ], [ -75.225546, 40.072064 ], [ -75.225607, 40.071864 ], [ -75.225694, 40.07188 ], [ -75.225846, 40.071905 ], [ -75.225812, 40.07162 ], [ -75.22579, 40.071548 ], [ -75.225731, 40.071478 ], [ -75.225651, 40.071397 ], [ -75.225459, 40.071238 ], [ -75.225126, 40.070989 ], [ -75.224592, 40.07061 ], [ -75.224068, 40.070232 ], [ -75.223776, 40.070013 ], [ -75.223434, 40.069735 ], [ -75.222896, 40.069244 ], [ -75.222445, 40.068853 ], [ -75.221942, 40.068413 ], [ -75.221593, 40.068099 ], [ -75.221515, 40.068026 ], [ -75.221425, 40.067934 ], [ -75.221342, 40.067799 ], [ -75.221224, 40.067573 ], [ -75.221149, 40.067416 ], [ -75.221122, 40.06729 ], [ -75.221069, 40.067209 ], [ -75.220941, 40.067 ], [ -75.220828, 40.066859 ], [ -75.220824, 40.066806 ], [ -75.220826, 40.066651 ], [ -75.220838, 40.066529 ], [ -75.220859, 40.066392 ], [ -75.220927, 40.066218 ], [ -75.221017, 40.066072 ], [ -75.221124, 40.065963 ], [ -75.221273, 40.065843 ], [ -75.221379, 40.065767 ], [ -75.221537, 40.065694 ], [ -75.221866, 40.065574 ], [ -75.222009, 40.065522 ], [ -75.222177, 40.065458 ], [ -75.222387, 40.065384 ], [ -75.222756, 40.065246 ], [ -75.222915, 40.065189 ], [ -75.223003, 40.06516 ], [ -75.223051, 40.065143 ], [ -75.223172, 40.065091 ], [ -75.223302, 40.065027 ], [ -75.223423, 40.064939 ], [ -75.223532, 40.064856 ], [ -75.223646, 40.064753 ], [ -75.223722, 40.064662 ], [ -75.223803, 40.064533 ], [ -75.223823, 40.064418 ], [ -75.223819, 40.064296 ], [ -75.22381, 40.064153 ], [ -75.223801, 40.064055 ], [ -75.223763, 40.063894 ], [ -75.223704, 40.063769 ], [ -75.223621, 40.063654 ], [ -75.22341, 40.063355 ], [ -75.223083, 40.063027 ], [ -75.223002, 40.062898 ], [ -75.222899, 40.062665 ], [ -75.222797, 40.062425 ], [ -75.222703, 40.06218 ], [ -75.222633, 40.061941 ], [ -75.222478, 40.061439 ], [ -75.222355, 40.061114 ], [ -75.222238, 40.060886 ], [ -75.222067, 40.060655 ], [ -75.22195, 40.060503 ], [ -75.221806, 40.060329 ], [ -75.221647, 40.060174 ], [ -75.221457, 40.059957 ], [ -75.221223, 40.05966 ], [ -75.22107, 40.059486 ], [ -75.220738, 40.05907 ], [ -75.220608, 40.058945 ], [ -75.220489, 40.058784 ], [ -75.220241, 40.058527 ], [ -75.220132, 40.058387 ], [ -75.219991, 40.058146 ], [ -75.219876, 40.057988 ], [ -75.219696, 40.057787 ], [ -75.219641, 40.057726 ], [ -75.219623, 40.057706 ], [ -75.219532, 40.057634 ], [ -75.219369, 40.05751 ], [ -75.219226, 40.057371 ], [ -75.219123, 40.057282 ], [ -75.219038, 40.057204 ], [ -75.218852, 40.057005 ], [ -75.218582, 40.056538 ], [ -75.218505, 40.056376 ], [ -75.218468, 40.056261 ], [ -75.218447, 40.056148 ], [ -75.21842, 40.056009 ], [ -75.21839, 40.055861 ], [ -75.21835, 40.055639 ], [ -75.218312, 40.055455 ], [ -75.218177, 40.054665 ], [ -75.218089, 40.054748 ], [ -75.218137, 40.055193 ], [ -75.218111, 40.055325 ], [ -75.218027, 40.055424 ], [ -75.217903, 40.055401 ], [ -75.217905, 40.055369 ], [ -75.21791, 40.055339 ], [ -75.217917, 40.055312 ], [ -75.217922, 40.055271 ], [ -75.217917, 40.05522 ], [ -75.217912, 40.055156 ], [ -75.21792, 40.055104 ], [ -75.217925, 40.055083 ], [ -75.217933, 40.055026 ], [ -75.217824, 40.054306 ], [ -75.217764, 40.05407 ], [ -75.217731, 40.053851 ], [ -75.217608, 40.053533 ], [ -75.217417, 40.053124 ], [ -75.217333, 40.052902 ], [ -75.217188, 40.052759 ], [ -75.217137, 40.052668 ], [ -75.21703, 40.05257 ], [ -75.216824, 40.052399 ], [ -75.216531, 40.052221 ], [ -75.216476, 40.052207 ], [ -75.216365, 40.052139 ], [ -75.216175, 40.051993 ], [ -75.216029, 40.051905 ], [ -75.215794, 40.051707 ], [ -75.215652, 40.051653 ], [ -75.215534, 40.051568 ], [ -75.215427, 40.05146 ], [ -75.215324, 40.051376 ], [ -75.215208, 40.051243 ], [ -75.215067, 40.051118 ], [ -75.21487, 40.050971 ], [ -75.214808, 40.050907 ], [ -75.214706, 40.050762 ], [ -75.21466, 40.050637 ], [ -75.214554, 40.05046 ], [ -75.214436, 40.05026 ], [ -75.214389, 40.050147 ], [ -75.214247, 40.049917 ], [ -75.214124, 40.049661 ], [ -75.213885, 40.049517 ], [ -75.213641, 40.049372 ], [ -75.213377, 40.049215 ], [ -75.213472, 40.049195 ], [ -75.213435, 40.04906 ], [ -75.21344, 40.04891 ], [ -75.213461, 40.04872 ], [ -75.213403, 40.048599 ], [ -75.21325, 40.048453 ], [ -75.213065, 40.048377 ], [ -75.212906, 40.048292 ], [ -75.212864, 40.048191 ], [ -75.212795, 40.04817 ], [ -75.212663, 40.048041 ], [ -75.212177, 40.047802 ], [ -75.211664, 40.047402 ], [ -75.21155, 40.047277 ], [ -75.211461, 40.047103 ], [ -75.211473, 40.047008 ], [ -75.211493, 40.046898 ], [ -75.211521, 40.046856 ], [ -75.21162, 40.046725 ], [ -75.211663, 40.046637 ], [ -75.211701, 40.04657 ], [ -75.211734, 40.046492 ], [ -75.211774, 40.046361 ], [ -75.211818, 40.046225 ], [ -75.211837, 40.04613 ], [ -75.211858, 40.046017 ], [ -75.211917, 40.045792 ], [ -75.211942, 40.0457 ], [ -75.211943, 40.045631 ], [ -75.211959, 40.045528 ], [ -75.211983, 40.045453 ], [ -75.211991, 40.045325 ], [ -75.212001, 40.045185 ], [ -75.212006, 40.045063 ], [ -75.212008, 40.04495 ], [ -75.212018, 40.04482 ], [ -75.212044, 40.044577 ], [ -75.212047, 40.044459 ], [ -75.212046, 40.044335 ], [ -75.212039, 40.044201 ], [ -75.212013, 40.044057 ], [ -75.211989, 40.043943 ], [ -75.211956, 40.043877 ], [ -75.211936, 40.043778 ], [ -75.211907, 40.04371 ], [ -75.211847, 40.043604 ], [ -75.211801, 40.043506 ], [ -75.211755, 40.04342 ], [ -75.211701, 40.043348 ], [ -75.211693, 40.043303 ], [ -75.211675, 40.043247 ], [ -75.211608, 40.043237 ], [ -75.211557, 40.043213 ], [ -75.211503, 40.04318 ], [ -75.211456, 40.043127 ], [ -75.211429, 40.043088 ], [ -75.211398, 40.043034 ], [ -75.211339, 40.042968 ], [ -75.211306, 40.042924 ], [ -75.211266, 40.042892 ], [ -75.211245, 40.042832 ], [ -75.211241, 40.042773 ], [ -75.211228, 40.042732 ], [ -75.211204, 40.042694 ], [ -75.211173, 40.042668 ], [ -75.211126, 40.042634 ], [ -75.211046, 40.042543 ], [ -75.210993, 40.042487 ], [ -75.210948, 40.042418 ], [ -75.21091, 40.042341 ], [ -75.210868, 40.042245 ], [ -75.210831, 40.042172 ], [ -75.210799, 40.042087 ], [ -75.210782, 40.042023 ], [ -75.210788, 40.041969 ], [ -75.210764, 40.041935 ], [ -75.210711, 40.04184 ], [ -75.210672, 40.041768 ], [ -75.210644, 40.041714 ], [ -75.210628, 40.041629 ], [ -75.210611, 40.041548 ], [ -75.210584, 40.041467 ], [ -75.210554, 40.041407 ], [ -75.210532, 40.041347 ], [ -75.210468, 40.041225 ], [ -75.210429, 40.041132 ], [ -75.210417, 40.041068 ], [ -75.210414, 40.040995 ], [ -75.210418, 40.040929 ], [ -75.210412, 40.040886 ], [ -75.210396, 40.040827 ], [ -75.210431, 40.040789 ], [ -75.210413, 40.040734 ], [ -75.210397, 40.040678 ], [ -75.210374, 40.04064 ], [ -75.210313, 40.040611 ], [ -75.210285, 40.040579 ], [ -75.210245, 40.04052 ], [ -75.210206, 40.040452 ], [ -75.210168, 40.040395 ], [ -75.210114, 40.040326 ], [ -75.210073, 40.040271 ], [ -75.210025, 40.040203 ], [ -75.209973, 40.040115 ], [ -75.209901, 40.039982 ], [ -75.209843, 40.039897 ], [ -75.209786, 40.039821 ], [ -75.209735, 40.039748 ], [ -75.209668, 40.039664 ], [ -75.209557, 40.039503 ], [ -75.209508, 40.039429 ], [ -75.209437, 40.039326 ], [ -75.209376, 40.039232 ], [ -75.209287, 40.039128 ], [ -75.209182, 40.038995 ], [ -75.209083, 40.038897 ], [ -75.208978, 40.038772 ], [ -75.208851, 40.038627 ], [ -75.208743, 40.038523 ], [ -75.208612, 40.038415 ], [ -75.208557, 40.038358 ], [ -75.20853, 40.038322 ], [ -75.20847, 40.038266 ], [ -75.208412, 40.03823 ], [ -75.208336, 40.038191 ], [ -75.208267, 40.03816 ], [ -75.208091, 40.038087 ], [ -75.208024, 40.03805 ], [ -75.207933, 40.038002 ], [ -75.207865, 40.037961 ], [ -75.207776, 40.037897 ], [ -75.207714, 40.037851 ], [ -75.207581, 40.037784 ], [ -75.20751, 40.037739 ], [ -75.20743, 40.037686 ], [ -75.207268, 40.037588 ], [ -75.20719, 40.037535 ], [ -75.20713, 40.037473 ], [ -75.207049, 40.0374 ], [ -75.206979, 40.037339 ], [ -75.206924, 40.037282 ], [ -75.206885, 40.037236 ], [ -75.206845, 40.037179 ], [ -75.206794, 40.037119 ], [ -75.206759, 40.037065 ], [ -75.206707, 40.036992 ], [ -75.206662, 40.036913 ], [ -75.206585, 40.036834 ], [ -75.20653, 40.036762 ], [ -75.206479, 40.036675 ], [ -75.206409, 40.036504 ], [ -75.206352, 40.036377 ], [ -75.206327, 40.036297 ], [ -75.2063, 40.036231 ], [ -75.206238, 40.036093 ], [ -75.206199, 40.036036 ], [ -75.206156, 40.035986 ], [ -75.206111, 40.035923 ], [ -75.206053, 40.035872 ], [ -75.206023, 40.035814 ], [ -75.205988, 40.035756 ], [ -75.205982, 40.035702 ], [ -75.205985, 40.035657 ], [ -75.205984, 40.035616 ], [ -75.205987, 40.035568 ], [ -75.205978, 40.035529 ], [ -75.205952, 40.035483 ], [ -75.205923, 40.035426 ], [ -75.205884, 40.035372 ], [ -75.205843, 40.0353 ], [ -75.2058, 40.035244 ], [ -75.205758, 40.035193 ], [ -75.205704, 40.035146 ], [ -75.20561, 40.035058 ], [ -75.20557, 40.035031 ], [ -75.205515, 40.035011 ], [ -75.205351, 40.034973 ], [ -75.205261, 40.034948 ], [ -75.205177, 40.034936 ], [ -75.204978, 40.034903 ], [ -75.204866, 40.034879 ], [ -75.204677, 40.034855 ], [ -75.204549, 40.034832 ], [ -75.204458, 40.034811 ], [ -75.204334, 40.034779 ], [ -75.204229, 40.034754 ], [ -75.204078, 40.034728 ], [ -75.203972, 40.034715 ], [ -75.20387, 40.034707 ], [ -75.203798, 40.034712 ], [ -75.203704, 40.03472 ], [ -75.203611, 40.034736 ], [ -75.203516, 40.034765 ], [ -75.203427, 40.0348 ], [ -75.203361, 40.03483 ], [ -75.203232, 40.034871 ], [ -75.203176, 40.034891 ], [ -75.203136, 40.034945 ], [ -75.203088, 40.034991 ], [ -75.203036, 40.035061 ], [ -75.202983, 40.035126 ], [ -75.202924, 40.035177 ], [ -75.202892, 40.035214 ], [ -75.20282, 40.035316 ], [ -75.202794, 40.035349 ], [ -75.202767, 40.035388 ], [ -75.202741, 40.035422 ], [ -75.202696, 40.035465 ], [ -75.202649, 40.035503 ], [ -75.2026, 40.03556 ], [ -75.202566, 40.035608 ], [ -75.20251, 40.035666 ], [ -75.202477, 40.035695 ], [ -75.202448, 40.035736 ], [ -75.202423, 40.035786 ], [ -75.202406, 40.035829 ], [ -75.202384, 40.035878 ], [ -75.202355, 40.035932 ], [ -75.202322, 40.035991 ], [ -75.202276, 40.036041 ], [ -75.202252, 40.036076 ], [ -75.202217, 40.036133 ], [ -75.202196, 40.03616 ], [ -75.202172, 40.036191 ], [ -75.202115, 40.036244 ], [ -75.20206, 40.036292 ], [ -75.202019, 40.036331 ], [ -75.201952, 40.036391 ], [ -75.201896, 40.036433 ], [ -75.201848, 40.036466 ], [ -75.201818, 40.036483 ], [ -75.201729, 40.036518 ], [ -75.201664, 40.036541 ], [ -75.201572, 40.036563 ], [ -75.201535, 40.036567 ], [ -75.201476, 40.03656 ], [ -75.201421, 40.036556 ], [ -75.201269, 40.03651 ], [ -75.201232, 40.03648 ], [ -75.201217, 40.036451 ], [ -75.201194, 40.036414 ], [ -75.201158, 40.036384 ], [ -75.201114, 40.036369 ], [ -75.201058, 40.036356 ], [ -75.201017, 40.036342 ], [ -75.200987, 40.036307 ], [ -75.200969, 40.036274 ], [ -75.200934, 40.036238 ], [ -75.200904, 40.03621 ], [ -75.200857, 40.03616 ], [ -75.200817, 40.036109 ], [ -75.200803, 40.036067 ], [ -75.200773, 40.03603 ], [ -75.200764, 40.036002 ], [ -75.200765, 40.035971 ], [ -75.200783, 40.035925 ], [ -75.200788, 40.035876 ], [ -75.20079, 40.035846 ], [ -75.200818, 40.035829 ], [ -75.20081, 40.035786 ], [ -75.200832, 40.035757 ], [ -75.200839, 40.035704 ], [ -75.200813, 40.035654 ], [ -75.200769, 40.035596 ], [ -75.200743, 40.035556 ], [ -75.20073, 40.035529 ], [ -75.200715, 40.035504 ], [ -75.200689, 40.035477 ], [ -75.200641, 40.035434 ], [ -75.200585, 40.035371 ], [ -75.200544, 40.035309 ], [ -75.200513, 40.035264 ], [ -75.200467, 40.035227 ], [ -75.200406, 40.035161 ], [ -75.200356, 40.035083 ], [ -75.200323, 40.035005 ], [ -75.20029, 40.034935 ], [ -75.200249, 40.034869 ], [ -75.200214, 40.034797 ], [ -75.20021, 40.034768 ], [ -75.200187, 40.034737 ], [ -75.200151, 40.03467 ], [ -75.200108, 40.034614 ], [ -75.200065, 40.034466 ], [ -75.200023, 40.034356 ], [ -75.200016, 40.034287 ], [ -75.20003, 40.034242 ], [ -75.20002, 40.034202 ], [ -75.199952, 40.034003 ], [ -75.199937, 40.033947 ], [ -75.199914, 40.033841 ], [ -75.199913, 40.033771 ], [ -75.199923, 40.03369 ], [ -75.199944, 40.033599 ], [ -75.199962, 40.033501 ], [ -75.19999, 40.033406 ], [ -75.200032, 40.033304 ], [ -75.200066, 40.033182 ], [ -75.200119, 40.033011 ], [ -75.200144, 40.032876 ], [ -75.200144, 40.032828 ], [ -75.200146, 40.032777 ], [ -75.200118, 40.032723 ], [ -75.200054, 40.032667 ], [ -75.199912, 40.032571 ], [ -75.199796, 40.032513 ], [ -75.199596, 40.032388 ], [ -75.199658, 40.032324 ], [ -75.199569, 40.032266 ], [ -75.19937, 40.032147 ], [ -75.199178, 40.032004 ], [ -75.199, 40.031892 ], [ -75.198745, 40.031752 ], [ -75.19857, 40.031605 ], [ -75.198367, 40.031385 ], [ -75.198189, 40.031169 ], [ -75.198081, 40.030983 ], [ -75.198053, 40.03084 ], [ -75.198091, 40.030606 ], [ -75.198137, 40.030358 ], [ -75.1982, 40.030057 ], [ -75.198248, 40.029753 ], [ -75.19829, 40.029526 ], [ -75.19829, 40.029338 ], [ -75.198241, 40.029135 ], [ -75.198158, 40.028911 ], [ -75.198077, 40.028702 ], [ -75.197927, 40.028478 ], [ -75.19789, 40.028395 ], [ -75.197854, 40.028314 ], [ -75.197741, 40.028086 ], [ -75.197633, 40.027797 ], [ -75.197583, 40.027724 ], [ -75.19772, 40.027693 ], [ -75.197641, 40.027636 ], [ -75.197559, 40.027604 ], [ -75.19747, 40.027558 ], [ -75.19738, 40.027513 ], [ -75.197287, 40.027468 ], [ -75.197193, 40.027431 ], [ -75.197081, 40.027399 ], [ -75.196963, 40.027382 ], [ -75.196848, 40.027368 ], [ -75.196717, 40.027349 ], [ -75.196615, 40.027349 ], [ -75.196509, 40.027369 ], [ -75.196422, 40.027397 ], [ -75.196356, 40.027407 ], [ -75.196309, 40.027398 ], [ -75.196207, 40.0274 ], [ -75.196078, 40.027437 ], [ -75.196053, 40.027438 ], [ -75.195988, 40.027436 ], [ -75.195902, 40.027437 ], [ -75.195811, 40.027442 ], [ -75.195693, 40.027436 ], [ -75.195534, 40.02742 ], [ -75.19519, 40.027402 ], [ -75.195048, 40.027402 ], [ -75.19491, 40.027404 ], [ -75.19477, 40.027418 ], [ -75.19465, 40.027449 ], [ -75.194526, 40.027473 ], [ -75.194414, 40.027502 ], [ -75.194337, 40.027536 ], [ -75.194239, 40.02757 ], [ -75.194127, 40.027594 ], [ -75.194003, 40.027615 ], [ -75.193892, 40.027631 ], [ -75.193699, 40.027667 ], [ -75.193624, 40.02767 ], [ -75.19353, 40.027654 ], [ -75.19345, 40.027627 ], [ -75.193385, 40.0276 ], [ -75.193356, 40.027579 ], [ -75.19333, 40.027548 ], [ -75.19332, 40.027515 ], [ -75.193322, 40.027496 ], [ -75.193322, 40.027471 ], [ -75.193327, 40.027424 ], [ -75.193339, 40.027379 ], [ -75.193354, 40.027336 ], [ -75.193382, 40.027289 ], [ -75.193424, 40.027229 ], [ -75.193475, 40.027175 ], [ -75.193528, 40.027124 ], [ -75.193551, 40.027106 ], [ -75.193599, 40.027066 ], [ -75.193656, 40.027015 ], [ -75.19371, 40.026963 ], [ -75.193752, 40.026905 ], [ -75.19377, 40.026849 ], [ -75.193781, 40.02681 ], [ -75.193801, 40.026777 ], [ -75.193847, 40.02674 ], [ -75.193989, 40.026659 ], [ -75.194075, 40.026604 ], [ -75.194135, 40.02656 ], [ -75.194181, 40.026514 ], [ -75.194231, 40.026472 ], [ -75.194296, 40.026425 ], [ -75.194369, 40.026384 ], [ -75.194439, 40.026339 ], [ -75.194507, 40.026288 ], [ -75.194576, 40.026245 ], [ -75.194657, 40.026193 ], [ -75.194776, 40.026087 ], [ -75.194845, 40.026036 ], [ -75.194921, 40.025977 ], [ -75.194979, 40.025941 ], [ -75.195039, 40.025905 ], [ -75.19507, 40.025862 ], [ -75.195131, 40.025714 ], [ -75.19516, 40.025631 ], [ -75.195193, 40.025559 ], [ -75.195263, 40.025442 ], [ -75.195294, 40.025372 ], [ -75.195312, 40.025313 ], [ -75.195314, 40.025244 ], [ -75.19532, 40.025167 ], [ -75.195332, 40.025081 ], [ -75.195332, 40.02501 ], [ -75.195329, 40.024963 ], [ -75.195334, 40.024899 ], [ -75.19534, 40.024846 ], [ -75.195339, 40.024814 ], [ -75.195357, 40.024794 ], [ -75.195383, 40.02477 ], [ -75.195407, 40.024728 ], [ -75.195428, 40.024683 ], [ -75.195454, 40.024636 ], [ -75.195475, 40.024587 ], [ -75.195501, 40.024517 ], [ -75.195527, 40.024433 ], [ -75.195545, 40.024389 ], [ -75.195567, 40.024351 ], [ -75.1956, 40.024321 ], [ -75.195646, 40.024298 ], [ -75.195761, 40.024252 ], [ -75.19579, 40.024237 ], [ -75.195814, 40.024222 ], [ -75.195843, 40.024201 ], [ -75.195947, 40.024136 ], [ -75.195991, 40.024109 ], [ -75.196079, 40.024053 ], [ -75.196221, 40.023985 ], [ -75.196321, 40.023928 ], [ -75.196457, 40.023847 ], [ -75.196582, 40.023769 ], [ -75.196709, 40.023693 ], [ -75.196834, 40.023624 ], [ -75.196919, 40.023574 ], [ -75.197023, 40.02352 ], [ -75.197124, 40.02347 ], [ -75.197221, 40.023431 ], [ -75.197341, 40.023375 ], [ -75.197443, 40.023319 ], [ -75.197537, 40.023257 ], [ -75.197612, 40.023218 ], [ -75.197691, 40.023162 ], [ -75.197887, 40.023069 ], [ -75.197987, 40.023029 ], [ -75.198056, 40.022997 ], [ -75.198135, 40.022958 ], [ -75.19824, 40.022914 ], [ -75.198336, 40.022883 ], [ -75.198457, 40.02285 ], [ -75.198777, 40.022757 ], [ -75.198883, 40.022723 ], [ -75.198988, 40.022684 ], [ -75.199081, 40.022658 ], [ -75.199164, 40.022621 ], [ -75.19924, 40.022593 ], [ -75.19932, 40.022573 ], [ -75.199424, 40.022532 ], [ -75.1996, 40.022458 ], [ -75.199652, 40.022431 ], [ -75.199785, 40.02234 ], [ -75.2, 40.022178 ], [ -75.20019, 40.022028 ], [ -75.200289, 40.02194 ], [ -75.200367, 40.021862 ], [ -75.200419, 40.021824 ], [ -75.200453, 40.021786 ], [ -75.200495, 40.021737 ], [ -75.200581, 40.021657 ], [ -75.200632, 40.021605 ], [ -75.200678, 40.021546 ], [ -75.200701, 40.021509 ], [ -75.200734, 40.021444 ], [ -75.20078, 40.021376 ], [ -75.200805, 40.021241 ], [ -75.200816, 40.021149 ], [ -75.200826, 40.021098 ], [ -75.200839, 40.021061 ], [ -75.200856, 40.021031 ], [ -75.200898, 40.020963 ], [ -75.200929, 40.02091 ], [ -75.200961, 40.02082 ], [ -75.200986, 40.02076 ], [ -75.201003, 40.020728 ], [ -75.20106, 40.020637 ], [ -75.201068, 40.020598 ], [ -75.201106, 40.020525 ], [ -75.201163, 40.020409 ], [ -75.201223, 40.020323 ], [ -75.20125, 40.02028 ], [ -75.20129, 40.020223 ], [ -75.201321, 40.020186 ], [ -75.201354, 40.020152 ], [ -75.201399, 40.020079 ], [ -75.201434, 40.020007 ], [ -75.201479, 40.019927 ], [ -75.201519, 40.019847 ], [ -75.201542, 40.019806 ], [ -75.201571, 40.019758 ], [ -75.20161, 40.019705 ], [ -75.20168, 40.019603 ], [ -75.201735, 40.019527 ], [ -75.20177, 40.019473 ], [ -75.201821, 40.019389 ], [ -75.201868, 40.019303 ], [ -75.201918, 40.019219 ], [ -75.201961, 40.019149 ], [ -75.201984, 40.019109 ], [ -75.201999, 40.019058 ], [ -75.202023, 40.019026 ], [ -75.202039, 40.019001 ], [ -75.202085, 40.018933 ], [ -75.202121, 40.018877 ], [ -75.202234, 40.018688 ], [ -75.2023, 40.018562 ], [ -75.202439, 40.018319 ], [ -75.202473, 40.018261 ], [ -75.202491, 40.018209 ], [ -75.202504, 40.018159 ], [ -75.202522, 40.01812 ], [ -75.202528, 40.018094 ], [ -75.20253, 40.018049 ], [ -75.202528, 40.018014 ], [ -75.202537, 40.01797 ], [ -75.202553, 40.017941 ], [ -75.20257, 40.017908 ], [ -75.202606, 40.017852 ], [ -75.202668, 40.01775 ], [ -75.202732, 40.01763 ], [ -75.202788, 40.017521 ], [ -75.202827, 40.017443 ], [ -75.202876, 40.017335 ], [ -75.202899, 40.017263 ], [ -75.202964, 40.017133 ], [ -75.20305, 40.016972 ], [ -75.203092, 40.016901 ], [ -75.203114, 40.016869 ], [ -75.203228, 40.016723 ], [ -75.203344, 40.016613 ], [ -75.203408, 40.016562 ], [ -75.203528, 40.016487 ], [ -75.203572, 40.016464 ], [ -75.203616, 40.016445 ], [ -75.203687, 40.016435 ], [ -75.203788, 40.01643 ], [ -75.20386, 40.016432 ], [ -75.203905, 40.016437 ], [ -75.203977, 40.016441 ], [ -75.204149, 40.016459 ], [ -75.204302, 40.016483 ], [ -75.204547, 40.016534 ], [ -75.204628, 40.016561 ], [ -75.204704, 40.016588 ], [ -75.204754, 40.016604 ], [ -75.204815, 40.016615 ], [ -75.20488, 40.016629 ], [ -75.204967, 40.016653 ], [ -75.205092, 40.016695 ], [ -75.205134, 40.016708 ], [ -75.205222, 40.016723 ], [ -75.205333, 40.016713 ], [ -75.205349, 40.016708 ], [ -75.205252, 40.016564 ], [ -75.205504, 40.016488 ], [ -75.205874, 40.016265 ], [ -75.206106, 40.01611 ], [ -75.206293, 40.015863 ], [ -75.206435, 40.015519 ], [ -75.206467, 40.015455 ], [ -75.206488, 40.015416 ], [ -75.206702, 40.01497 ], [ -75.206731, 40.014908 ], [ -75.206903, 40.014958 ], [ -75.20717, 40.015035 ], [ -75.208699, 40.01548 ], [ -75.208872, 40.015623 ], [ -75.209031, 40.015699 ], [ -75.209291, 40.015817 ], [ -75.210497, 40.016391 ], [ -75.211278, 40.016813 ], [ -75.211366, 40.01693 ], [ -75.211375, 40.016942 ], [ -75.211419, 40.017033 ], [ -75.211416, 40.017101 ], [ -75.211744, 40.017388 ], [ -75.211997, 40.017548 ], [ -75.212229, 40.017835 ], [ -75.212536, 40.018073 ], [ -75.212661, 40.018199 ], [ -75.212787, 40.018342 ], [ -75.212029, 40.0187 ], [ -75.211471, 40.018948 ], [ -75.211696, 40.019247 ], [ -75.21193, 40.019554 ], [ -75.21233, 40.019371 ], [ -75.212465, 40.01955 ], [ -75.212397, 40.01958 ], [ -75.212464, 40.019671 ], [ -75.212725, 40.019552 ], [ -75.212924, 40.019816 ], [ -75.212665, 40.019933 ], [ -75.212897, 40.02024 ], [ -75.212857, 40.020259 ], [ -75.212895, 40.020315 ], [ -75.212948, 40.020394 ], [ -75.213066, 40.02034 ], [ -75.213162, 40.020464 ], [ -75.213509, 40.020921 ], [ -75.213449, 40.020949 ], [ -75.213571, 40.021112 ], [ -75.213598, 40.021156 ], [ -75.213643, 40.021231 ], [ -75.213875, 40.021548 ], [ -75.213823, 40.02157 ], [ -75.2139, 40.021676 ], [ -75.213951, 40.021653 ], [ -75.213995, 40.021703 ], [ -75.214049, 40.021764 ], [ -75.214203, 40.021975 ], [ -75.214008, 40.022062 ], [ -75.213895, 40.022132 ], [ -75.214061, 40.022359 ], [ -75.21442, 40.022825 ], [ -75.214697, 40.022702 ], [ -75.214913, 40.022965 ], [ -75.215006, 40.022924 ], [ -75.21544, 40.02343 ], [ -75.215106, 40.023623 ], [ -75.215348, 40.023903 ], [ -75.21579, 40.024229 ], [ -75.21598, 40.024369 ], [ -75.216706, 40.024942 ], [ -75.21755, 40.024931 ], [ -75.218037, 40.024938 ], [ -75.218196, 40.024972 ], [ -75.218322, 40.025028 ], [ -75.218863, 40.025503 ], [ -75.218929, 40.025581 ], [ -75.218992, 40.025617 ], [ -75.219073, 40.025603 ], [ -75.219124, 40.025567 ], [ -75.219699, 40.02614 ], [ -75.220213, 40.026588 ], [ -75.220642, 40.026997 ], [ -75.220653, 40.027008 ], [ -75.22124, 40.027551 ], [ -75.221679, 40.027339 ], [ -75.22182, 40.027536 ], [ -75.221617, 40.027625 ], [ -75.221776, 40.027834 ], [ -75.221606, 40.02791 ], [ -75.221789, 40.028155 ], [ -75.221837, 40.028201 ], [ -75.221912, 40.028273 ], [ -75.222358, 40.028784 ], [ -75.222606, 40.029173 ], [ -75.222764, 40.029105 ], [ -75.222882, 40.029269 ], [ -75.223208, 40.029078 ], [ -75.223474, 40.029441 ], [ -75.223825, 40.029927 ], [ -75.224144, 40.03035 ], [ -75.224504, 40.030823 ], [ -75.224592, 40.030938 ], [ -75.225127, 40.031643 ], [ -75.225164, 40.031722 ], [ -75.225349, 40.031941 ], [ -75.225182, 40.032025 ], [ -75.225386, 40.032298 ], [ -75.225125, 40.032412 ], [ -75.225099, 40.032492 ], [ -75.225366, 40.032861 ], [ -75.225445, 40.032843 ], [ -75.225704, 40.032727 ], [ -75.225956, 40.033067 ], [ -75.225635, 40.03322 ], [ -75.225849, 40.033506 ], [ -75.226082, 40.033806 ], [ -75.226467, 40.033644 ], [ -75.226515, 40.033615 ], [ -75.226542, 40.033598 ], [ -75.226687, 40.033787 ], [ -75.226933, 40.033675 ], [ -75.227382, 40.034265 ], [ -75.227224, 40.034338 ], [ -75.227406, 40.03458 ], [ -75.22761, 40.034486 ], [ -75.227725, 40.034624 ], [ -75.227872, 40.034796 ], [ -75.227909, 40.03485 ], [ -75.22815, 40.034714 ], [ -75.228752, 40.034373 ], [ -75.229762, 40.033803 ], [ -75.230062, 40.033635 ], [ -75.230183, 40.033566 ], [ -75.230399, 40.033446 ], [ -75.231028, 40.033095 ], [ -75.23201, 40.033986 ], [ -75.23246, 40.034416 ], [ -75.232616, 40.034656 ], [ -75.232746, 40.034561 ], [ -75.23405, 40.035697 ], [ -75.234937, 40.0349 ], [ -75.235404, 40.03546 ], [ -75.235858, 40.035094 ], [ -75.236149, 40.034859 ], [ -75.236267, 40.034812 ], [ -75.236312, 40.034848 ], [ -75.236556, 40.035032 ], [ -75.236814, 40.035205 ], [ -75.237089, 40.035361 ], [ -75.23767, 40.035643 ], [ -75.238056, 40.035811 ] ] ] } },
{ "type": "Feature", "properties": { "ZCTA5CE20": "19129", "TFID": 216589956, "STATEFP20": "42", "COUNTYFP20": "101", "TRACTCE20": "020702", "BLKGRPCE20": "1", "BLOCKCE20": "1008", "SUFFIX1CE": null, "UACE20": "69076", "PUMACE20": "03216", "STATEFP": "42", "COUNTYFP": "101", "TRACTCE": "020702", "BLKGRPCE": "1", "COUSUBFP": "60000", "SUBMCDFP": null, "ESTATEFP": null, "CONCTYFP": null, "PLACEFP": "60000", "AIANNHFP": null, "AIANNHCE": null, "COMPTYP": null, "TRSUBFP": null, "TRSUBCE": null, "ANRCFP": null, "TTRACTCE": null, "TBLKGPCE": null, "ELSDLEA": null, "SCSDLEA": null, "UNSDLEA": "18990", "SDADMLEA": null, "CD118FP": "03", "SLDUST": "007", "SLDLST": "194", "CSAFP": "428", "CBSAFP": "37980", "METDIVFP": "37964", "LWFLAG": "L", "OFFSET": "N", "ATOTAL": 1066, "INTPTLAT": "+40.0130227", "INTPTLON": "-75.2047144", "DP04_DP04_0001E_x": "6228", "DP04_DP04_0002E_x": "5862", "DP04_DP04_0003E_x": "366", "DP04_DP04_0089E_x": "297400", "DP04_DP04_0126E_x": "2862", "DP04_DP04_0134E_x": "1471", "DP04_DP04_0001E_y": "6228", "DP04_DP04_0002E_y": "5862", "DP04_DP04_0003E_y": "366", "DP04_DP04_0089E_y": "297400", "DP04_DP04_0126E_y": "2862", "DP04_DP04_0134E_y": "1471", "DP03_DP03_0002E": "6891", "DP03_DP03_0007E": "3615", "DP03_DP03_0062E": "77225", "DP03_DP03_0063E": "112131", "DP03_DP03_0064E": "4275", "DP03_DP03_0086E": "126207", "DP03_DP03_0087E": "166121", "DP03_DP03_0088E": "56068", "DP03_DP03_0119PE": "5.1", "DP02_DP02_0001E": "5862", "DP02_DP02_0016E": "1.86", "DP02_DP02_0017E": "2.57", "DP02_DP02_0053E": "2577", "DP02_DP02_0059E": "9224", "DP02_DP02_0067E": "8897", "DP02_DP02_0068E": "5532", "DP1_DP1_0001C": "11437", "DP1_DP1_0025C": "5222", "DP1_DP1_0049C": "6215", "DP1_DP1_0076C": "11437", "DP1_DP1_0084C": "774" }, "geometry": { "type": "Polygon", "coordinates": [ [ [ -75.205978, 40.011723 ], [ -75.206071, 40.011783 ], [ -75.206138, 40.011825 ], [ -75.206286, 40.011923 ], [ -75.206405, 40.012002 ], [ -75.207599, 40.012719 ], [ -75.207628, 40.012736 ], [ -75.207728, 40.012805 ], [ -75.208008, 40.012997 ], [ -75.207524, 40.01331 ], [ -75.206973, 40.01477 ], [ -75.206903, 40.014958 ], [ -75.206731, 40.014908 ], [ -75.206702, 40.01497 ], [ -75.206488, 40.015416 ], [ -75.206467, 40.015455 ], [ -75.206435, 40.015519 ], [ -75.206293, 40.015863 ], [ -75.206106, 40.01611 ], [ -75.205874, 40.016265 ], [ -75.205504, 40.016488 ], [ -75.205252, 40.016564 ], [ -75.205349, 40.016708 ], [ -75.205333, 40.016713 ], [ -75.205222, 40.016723 ], [ -75.205134, 40.016708 ], [ -75.205092, 40.016695 ], [ -75.204967, 40.016653 ], [ -75.20488, 40.016629 ], [ -75.204815, 40.016615 ], [ -75.204754, 40.016604 ], [ -75.204704, 40.016588 ], [ -75.204628, 40.016561 ], [ -75.204547, 40.016534 ], [ -75.204302, 40.016483 ], [ -75.204149, 40.016459 ], [ -75.203977, 40.016441 ], [ -75.203905, 40.016437 ], [ -75.20386, 40.016432 ], [ -75.203788, 40.01643 ], [ -75.203687, 40.016435 ], [ -75.203616, 40.016445 ], [ -75.203572, 40.016464 ], [ -75.203528, 40.016487 ], [ -75.203408, 40.016562 ], [ -75.203344, 40.016613 ], [ -75.203228, 40.016723 ], [ -75.203114, 40.016869 ], [ -75.203092, 40.016901 ], [ -75.20305, 40.016972 ], [ -75.202964, 40.017133 ], [ -75.202899, 40.017263 ], [ -75.202876, 40.017335 ], [ -75.202827, 40.017443 ], [ -75.202788, 40.017521 ], [ -75.202732, 40.01763 ], [ -75.202668, 40.01775 ], [ -75.202606, 40.017852 ], [ -75.20257, 40.017908 ], [ -75.202553, 40.017941 ], [ -75.20237, 40.017851 ], [ -75.202251, 40.017794 ], [ -75.202061, 40.017702 ], [ -75.20129, 40.017202 ], [ -75.201269, 40.017189 ], [ -75.199854, 40.01937 ], [ -75.197636, 40.021461 ], [ -75.196061, 40.022503 ], [ -75.195011, 40.023198 ], [ -75.194955, 40.023142 ], [ -75.194495, 40.022663 ], [ -75.193976, 40.022004 ], [ -75.19369, 40.02164 ], [ -75.193481, 40.021354 ], [ -75.19309, 40.020954 ], [ -75.192405, 40.020495 ], [ -75.192152, 40.020317 ], [ -75.191707, 40.019869 ], [ -75.190302, 40.020966 ], [ -75.190382, 40.021176 ], [ -75.190539, 40.021408 ], [ -75.190965, 40.021781 ], [ -75.190528, 40.022182 ], [ -75.190401, 40.022294 ], [ -75.190296, 40.022355 ], [ -75.187681, 40.020158 ], [ -75.186991, 40.02066 ], [ -75.189429, 40.022746 ], [ -75.188612, 40.023057 ], [ -75.188079, 40.023242 ], [ -75.187818, 40.023338 ], [ -75.184932, 40.024399 ], [ -75.183996, 40.024772 ], [ -75.182456, 40.025343 ], [ -75.179954, 40.023065 ], [ -75.17945, 40.023046 ], [ -75.179034, 40.023329 ], [ -75.178141, 40.022595 ], [ -75.178162, 40.02232 ], [ -75.178229, 40.021796 ], [ -75.178292, 40.021272 ], [ -75.178322, 40.02101 ], [ -75.17835, 40.020748 ], [ -75.178363, 40.020484 ], [ -75.178352, 40.020258 ], [ -75.178351, 40.020221 ], [ -75.178298, 40.019962 ], [ -75.178218, 40.019688 ], [ -75.178121, 40.019435 ], [ -75.178029, 40.019181 ], [ -75.177932, 40.018928 ], [ -75.177829, 40.018677 ], [ -75.177711, 40.01843 ], [ -75.177566, 40.018191 ], [ -75.177385, 40.017967 ], [ -75.177192, 40.01775 ], [ -75.176997, 40.017534 ], [ -75.17661, 40.0171 ], [ -75.17585, 40.016254 ], [ -75.176832, 40.01567 ], [ -75.177026, 40.015557 ], [ -75.177616, 40.015213 ], [ -75.178464, 40.014619 ], [ -75.17834, 40.014522 ], [ -75.178229, 40.014435 ], [ -75.177869, 40.014687 ], [ -75.177316, 40.015073 ], [ -75.176825, 40.015365 ], [ -75.176493, 40.015561 ], [ -75.175669, 40.016051 ], [ -75.175218, 40.016318 ], [ -75.17486, 40.01653 ], [ -75.174037, 40.016962 ], [ -75.173405, 40.017226 ], [ -75.172937, 40.017403 ], [ -75.172342, 40.017604 ], [ -75.172122, 40.01767 ], [ -75.171944, 40.017724 ], [ -75.170778, 40.01796 ], [ -75.169644, 40.018119 ], [ -75.167889, 40.018367 ], [ -75.167, 40.018467 ], [ -75.166724, 40.018498 ], [ -75.166005, 40.01862 ], [ -75.165382, 40.018764 ], [ -75.164337, 40.01906 ], [ -75.163758, 40.019234 ], [ -75.162647, 40.019571 ], [ -75.162601, 40.019586 ], [ -75.161656, 40.019865 ], [ -75.161678, 40.019774 ], [ -75.161737, 40.019514 ], [ -75.161787, 40.019253 ], [ -75.161829, 40.018992 ], [ -75.16186, 40.01873 ], [ -75.161882, 40.018467 ], [ -75.161898, 40.018204 ], [ -75.161906, 40.017941 ], [ -75.16191, 40.017678 ], [ -75.161913, 40.017151 ], [ -75.161912, 40.016098 ], [ -75.161908, 40.015572 ], [ -75.161901, 40.015045 ], [ -75.161897, 40.014519 ], [ -75.161891, 40.014042 ], [ -75.161919, 40.014029 ], [ -75.163972, 40.012997 ], [ -75.16526, 40.01235 ], [ -75.167651, 40.01115 ], [ -75.167776, 40.011086 ], [ -75.167639, 40.010905 ], [ -75.167442, 40.010617 ], [ -75.166871, 40.009901 ], [ -75.167292, 40.009695 ], [ -75.167945, 40.009378 ], [ -75.16834, 40.009202 ], [ -75.168496, 40.008428 ], [ -75.16845, 40.008375 ], [ -75.168488, 40.008299 ], [ -75.16902, 40.008901 ], [ -75.16914, 40.008832 ], [ -75.16925, 40.00877 ], [ -75.169741, 40.008585 ], [ -75.170357, 40.008406 ], [ -75.169788, 40.007727 ], [ -75.167536, 40.005265 ], [ -75.167322, 40.005144 ], [ -75.167108, 40.00508 ], [ -75.166653, 40.005001 ], [ -75.166422, 40.004978 ], [ -75.166029, 40.004926 ], [ -75.165554, 40.004859 ], [ -75.165758, 40.003952 ], [ -75.166045, 40.00404 ], [ -75.166687, 40.004223 ], [ -75.167009, 40.004314 ], [ -75.167285, 40.004393 ], [ -75.170087, 40.005186 ], [ -75.169504, 40.004398 ], [ -75.169419, 40.004303 ], [ -75.169269, 40.0041 ], [ -75.170113, 40.004219 ], [ -75.170595, 40.004298 ], [ -75.170702, 40.004316 ], [ -75.171154, 40.004375 ], [ -75.171583, 40.00443 ], [ -75.171644, 40.004444 ], [ -75.171719, 40.004461 ], [ -75.171657, 40.004758 ], [ -75.172039, 40.004808 ], [ -75.172116, 40.00448 ], [ -75.172196, 40.004486 ], [ -75.172291, 40.004493 ], [ -75.172746, 40.004553 ], [ -75.172817, 40.004563 ], [ -75.173, 40.004587 ], [ -75.17334, 40.004632 ], [ -75.173479, 40.004645 ], [ -75.173628, 40.00466 ], [ -75.174075, 40.004719 ], [ -75.174154, 40.004728 ], [ -75.174672, 40.004785 ], [ -75.174736, 40.004796 ], [ -75.17509, 40.004858 ], [ -75.174966, 40.005368 ], [ -75.174829, 40.006086 ], [ -75.175038, 40.00612 ], [ -75.175317, 40.004884 ], [ -75.1756, 40.004918 ], [ -75.176092, 40.004977 ], [ -75.176165, 40.004986 ], [ -75.176704, 40.005056 ], [ -75.176832, 40.005072 ], [ -75.176913, 40.004697 ], [ -75.17848, 40.004891 ], [ -75.178809, 40.004937 ], [ -75.178633, 40.005052 ], [ -75.178936, 40.005783 ], [ -75.179247, 40.006685 ], [ -75.179264, 40.006733 ], [ -75.179483, 40.00733 ], [ -75.179518, 40.007326 ], [ -75.179859, 40.007298 ], [ -75.180201, 40.007278 ], [ -75.180883, 40.007244 ], [ -75.181333, 40.007223 ], [ -75.181392, 40.006765 ], [ -75.181407, 40.006652 ], [ -75.1815, 40.006369 ], [ -75.181482, 40.006367 ], [ -75.181501, 40.006297 ], [ -75.181579, 40.005928 ], [ -75.181626, 40.005706 ], [ -75.181705, 40.005722 ], [ -75.182711, 40.005849 ], [ -75.183112, 40.0059 ], [ -75.18327, 40.005945 ], [ -75.183391, 40.005979 ], [ -75.184054, 40.006065 ], [ -75.184696, 40.006149 ], [ -75.184793, 40.006161 ], [ -75.185231, 40.006215 ], [ -75.185236, 40.006195 ], [ -75.185405, 40.006218 ], [ -75.185549, 40.006249 ], [ -75.185828, 40.006285 ], [ -75.185785, 40.006492 ], [ -75.186349, 40.006533 ], [ -75.186392, 40.006279 ], [ -75.186485, 40.006309 ], [ -75.1867, 40.006339 ], [ -75.186684, 40.006409 ], [ -75.186968, 40.006446 ], [ -75.186956, 40.006505 ], [ -75.187044, 40.006491 ], [ -75.187049, 40.006576 ], [ -75.187469, 40.006512 ], [ -75.187482, 40.006462 ], [ -75.187528, 40.006495 ], [ -75.187616, 40.006074 ], [ -75.187821, 40.006102 ], [ -75.187454, 40.004966 ], [ -75.187431, 40.004641 ], [ -75.187347, 40.003326 ], [ -75.187334, 40.003214 ], [ -75.187302, 40.003034 ], [ -75.18728, 40.002961 ], [ -75.187249, 40.002903 ], [ -75.187194, 40.002855 ], [ -75.187178, 40.002843 ], [ -75.187184, 40.002779 ], [ -75.187172, 40.002674 ], [ -75.187163, 40.002633 ], [ -75.186688, 40.00117 ], [ -75.18667, 40.001107 ], [ -75.186661, 40.001009 ], [ -75.186666, 40.000946 ], [ -75.186681, 40.000876 ], [ -75.186712, 40.000782 ], [ -75.186787, 40.000589 ], [ -75.186861, 40.000409 ], [ -75.186949, 40.000364 ], [ -75.187195, 40.000286 ], [ -75.18734, 40.00026 ], [ -75.187511, 40.000249 ], [ -75.187743, 40.000253 ], [ -75.188112, 40.00027 ], [ -75.188288, 40.000273 ], [ -75.188447, 40.000272 ], [ -75.18856, 40.000255 ], [ -75.188815, 40.000204 ], [ -75.189577, 39.999895 ], [ -75.190518, 39.999641 ], [ -75.19081, 39.999899 ], [ -75.191754, 39.999748 ], [ -75.191492, 40.00214 ], [ -75.19132, 40.003715 ], [ -75.192069, 40.005906 ], [ -75.192101, 40.005995 ], [ -75.192418, 40.006418 ], [ -75.192467, 40.006482 ], [ -75.192774, 40.006706 ], [ -75.19281, 40.006733 ], [ -75.193212, 40.006927 ], [ -75.197451, 40.008315 ], [ -75.203107, 40.010138 ], [ -75.205485, 40.011501 ], [ -75.205592, 40.011547 ], [ -75.205771, 40.011629 ], [ -75.205978, 40.011723 ] ] ] } },
{ "type": "Feature", "properties": { "ZCTA5CE20": "19130", "TFID": 259357780, "STATEFP20": "42", "COUNTYFP20": "101", "TRACTCE20": "012502", "BLKGRPCE20": "5", "BLOCKCE20": "5002", "SUFFIX1CE": null, "UACE20": "69076", "PUMACE20": "03230", "STATEFP": "42", "COUNTYFP": "101", "TRACTCE": "012502", "BLKGRPCE": "5", "COUSUBFP": "60000", "SUBMCDFP": null, "ESTATEFP": null, "CONCTYFP": null, "PLACEFP": "60000", "AIANNHFP": null, "AIANNHCE": null, "COMPTYP": null, "TRSUBFP": null, "TRSUBCE": null, "ANRCFP": null, "TTRACTCE": null, "TBLKGPCE": null, "ELSDLEA": null, "SCSDLEA": null, "UNSDLEA": "18990", "SDADMLEA": null, "CD118FP": "03", "SLDUST": "001", "SLDLST": "195", "CSAFP": "428", "CBSAFP": "37980", "METDIVFP": "37964", "LWFLAG": "L", "OFFSET": "N", "ATOTAL": 7355, "INTPTLAT": "+39.9609317", "INTPTLON": "-75.1706866", "DP04_DP04_0001E_x": "18178", "DP04_DP04_0002E_x": "16578", "DP04_DP04_0003E_x": "1600", "DP04_DP04_0089E_x": "483500", "DP04_DP04_0126E_x": "10024", "DP04_DP04_0134E_x": "1836", "DP04_DP04_0001E_y": "18178", "DP04_DP04_0002E_y": "16578", "DP04_DP04_0003E_y": "1600", "DP04_DP04_0089E_y": "483500", "DP04_DP04_0126E_y": "10024", "DP04_DP04_0134E_y": "1836", "DP03_DP03_0002E": "21730", "DP03_DP03_0007E": "5825", "DP03_DP03_0062E": "110436", "DP03_DP03_0063E": "148330", "DP03_DP03_0064E": "14264", "DP03_DP03_0086E": "179042", "DP03_DP03_0087E": "208294", "DP03_DP03_0088E": "80893", "DP03_DP03_0119PE": "2.9", "DP02_DP02_0001E": "16578", "DP02_DP02_0016E": "1.81", "DP02_DP02_0017E": "2.58", "DP02_DP02_0053E": "5446", "DP02_DP02_0059E": "25032", "DP02_DP02_0067E": "24532", "DP02_DP02_0068E": "19645", "DP1_DP1_0001C": "31477", "DP1_DP1_0025C": "15014", "DP1_DP1_0049C": "16463", "DP1_DP1_0076C": "31477", "DP1_DP1_0084C": "2309" }, "geometry": { "type": "Polygon", "coordinates": [ [ [ -75.183323, 39.964374 ], [ -75.183368, 39.96442 ], [ -75.183853, 39.964935 ], [ -75.184976, 39.966129 ], [ -75.188514, 39.968408 ], [ -75.191012, 39.970034 ], [ -75.193055, 39.973852 ], [ -75.193731, 39.975114 ], [ -75.193724, 39.975285 ], [ -75.19306, 39.975354 ], [ -75.192272, 39.975442 ], [ -75.191817, 39.975493 ], [ -75.191333, 39.975544 ], [ -75.190995, 39.975531 ], [ -75.190623, 39.975486 ], [ -75.189961, 39.975403 ], [ -75.188213, 39.975175 ], [ -75.187121, 39.975035 ], [ -75.187059, 39.975028 ], [ -75.186938, 39.975012 ], [ -75.186684, 39.97498 ], [ -75.186592, 39.975372 ], [ -75.186022, 39.975295 ], [ -75.185598, 39.97524 ], [ -75.185332, 39.975193 ], [ -75.185108, 39.97516 ], [ -75.185125, 39.975073 ], [ -75.185034, 39.975062 ], [ -75.184709, 39.975021 ], [ -75.183544, 39.974876 ], [ -75.183408, 39.974851 ], [ -75.183301, 39.974831 ], [ -75.183276, 39.974954 ], [ -75.182918, 39.974908 ], [ -75.181868, 39.974772 ], [ -75.181879, 39.974717 ], [ -75.18178, 39.974704 ], [ -75.181289, 39.97464 ], [ -75.180826, 39.974588 ], [ -75.18036, 39.974531 ], [ -75.180272, 39.974523 ], [ -75.18028, 39.974485 ], [ -75.179647, 39.974402 ], [ -75.179572, 39.974389 ], [ -75.17951, 39.974379 ], [ -75.179491, 39.974459 ], [ -75.178766, 39.974365 ], [ -75.178424, 39.97432 ], [ -75.178233, 39.974305 ], [ -75.178251, 39.974217 ], [ -75.177953, 39.974209 ], [ -75.177852, 39.974247 ], [ -75.177863, 39.973832 ], [ -75.177862, 39.97248 ], [ -75.177538, 39.972437 ], [ -75.177028, 39.972374 ], [ -75.176541, 39.97231 ], [ -75.171004, 39.972949 ], [ -75.170335, 39.972876 ], [ -75.1703, 39.972872 ], [ -75.170259, 39.973036 ], [ -75.168874, 39.973197 ], [ -75.16722, 39.973397 ], [ -75.167421, 39.972493 ], [ -75.166539, 39.97238 ], [ -75.166336, 39.972355 ], [ -75.16585, 39.972294 ], [ -75.164278, 39.972081 ], [ -75.164179, 39.972487 ], [ -75.163681, 39.972412 ], [ -75.163651, 39.972516 ], [ -75.163261, 39.972448 ], [ -75.163275, 39.972357 ], [ -75.16292, 39.972312 ], [ -75.162792, 39.972266 ], [ -75.162629, 39.972237 ], [ -75.162588, 39.972441 ], [ -75.16102, 39.972237 ], [ -75.161037, 39.97213 ], [ -75.16042, 39.972059 ], [ -75.160458, 39.971885 ], [ -75.160223, 39.971852 ], [ -75.160286, 39.971576 ], [ -75.159442, 39.971467 ], [ -75.159702, 39.970202 ], [ -75.159977, 39.968995 ], [ -75.160072, 39.968599 ], [ -75.160159, 39.968177 ], [ -75.160213, 39.967888 ], [ -75.160395, 39.967064 ], [ -75.160482, 39.96667 ], [ -75.160561, 39.966294 ], [ -75.160678, 39.96577 ], [ -75.160804, 39.965159 ], [ -75.160957, 39.964469 ], [ -75.161053, 39.96404 ], [ -75.16111, 39.963788 ], [ -75.161188, 39.963422 ], [ -75.16126, 39.963126 ], [ -75.161302, 39.962894 ], [ -75.161384, 39.962474 ], [ -75.161409, 39.962345 ], [ -75.161376, 39.962225 ], [ -75.161389, 39.962168 ], [ -75.161476, 39.961789 ], [ -75.161506, 39.96166 ], [ -75.161554, 39.961442 ], [ -75.161645, 39.961021 ], [ -75.161772, 39.960421 ], [ -75.161959, 39.959571 ], [ -75.162025, 39.959589 ], [ -75.16209, 39.959607 ], [ -75.163711, 39.959815 ], [ -75.165295, 39.960012 ], [ -75.165374, 39.9596 ], [ -75.166948, 39.959804 ], [ -75.166868, 39.960206 ], [ -75.167992, 39.960348 ], [ -75.168429, 39.9604 ], [ -75.168502, 39.960096 ], [ -75.169741, 39.960253 ], [ -75.169995, 39.960286 ], [ -75.170066, 39.960297 ], [ -75.170002, 39.960598 ], [ -75.170772, 39.960694 ], [ -75.171583, 39.960795 ], [ -75.17168, 39.960343 ], [ -75.171747, 39.960029 ], [ -75.17191, 39.959288 ], [ -75.171964, 39.959141 ], [ -75.17198, 39.959095 ], [ -75.171988, 39.959046 ], [ -75.172002, 39.959007 ], [ -75.172191, 39.959029 ], [ -75.172678, 39.959103 ], [ -75.173253, 39.95917 ], [ -75.173888, 39.959244 ], [ -75.174296, 39.959297 ], [ -75.175482, 39.959448 ], [ -75.177134, 39.959664 ], [ -75.177427, 39.959702 ], [ -75.178202, 39.959804 ], [ -75.179079, 39.959911 ], [ -75.179242, 39.959931 ], [ -75.179415, 39.959953 ], [ -75.179937, 39.960028 ], [ -75.18001, 39.960117 ], [ -75.180035, 39.960145 ], [ -75.180895, 39.961167 ], [ -75.181601, 39.962006 ], [ -75.181679, 39.962099 ], [ -75.183243, 39.964262 ], [ -75.183323, 39.964374 ] ] ] } },
{ "type": "Feature", "properties": { "ZCTA5CE20": "19131", "TFID": 216590021, "STATEFP20": "42", "COUNTYFP20": "101", "TRACTCE20": "011800", "BLKGRPCE20": "3", "BLOCKCE20": "3003", "SUFFIX1CE": null, "UACE20": "69076", "PUMACE20": "03227", "STATEFP": "42", "COUNTYFP": "101", "TRACTCE": "011800", "BLKGRPCE": "3", "COUSUBFP": "60000", "SUBMCDFP": null, "ESTATEFP": null, "CONCTYFP": null, "PLACEFP": "60000", "AIANNHFP": null, "AIANNHCE": null, "COMPTYP": null, "TRSUBFP": null, "TRSUBCE": null, "ANRCFP": null, "TTRACTCE": null, "TBLKGPCE": null, "ELSDLEA": null, "SCSDLEA": null, "UNSDLEA": "18990", "SDADMLEA": null, "CD118FP": "03", "SLDUST": "007", "SLDLST": "190", "CSAFP": "428", "CBSAFP": "37980", "METDIVFP": "37964", "LWFLAG": "L", "OFFSET": "N", "ATOTAL": 16102, "INTPTLAT": "+39.9841041", "INTPTLON": "-75.2327621", "DP04_DP04_0001E_x": "22826", "DP04_DP04_0002E_x": "19689", "DP04_DP04_0003E_x": "3137", "DP04_DP04_0089E_x": "163900", "DP04_DP04_0126E_x": "10623", "DP04_DP04_0134E_x": "1312", "DP04_DP04_0001E_y": "22826", "DP04_DP04_0002E_y": "19689", "DP04_DP04_0003E_y": "3137", "DP04_DP04_0089E_y": "163900", "DP04_DP04_0126E_y": "10623", "DP04_DP04_0134E_y": "1312", "DP03_DP03_0002E": "19530", "DP03_DP03_0007E": "17096", "DP03_DP03_0062E": "46057", "DP03_DP03_0063E": "62502", "DP03_DP03_0064E": "12995", "DP03_DP03_0086E": "57603", "DP03_DP03_0087E": "75966", "DP03_DP03_0088E": "28621", "DP03_DP03_0119PE": "23.1", "DP02_DP02_0001E": "19689", "DP02_DP02_0016E": "2.14", "DP02_DP02_0017E": "3.10", "DP02_DP02_0053E": "12937", "DP02_DP02_0059E": "29950", "DP02_DP02_0067E": "27545", "DP02_DP02_0068E": "9005", "DP1_DP1_0001C": "42705", "DP1_DP1_0025C": "19148", "DP1_DP1_0049C": "23557", "DP1_DP1_0076C": "42705", "DP1_DP1_0084C": "1794" }, "geometry": { "type": "Polygon", "coordinates": [ [ [ -75.237341, 39.96862 ], [ -75.237283, 39.968899 ], [ -75.23724, 39.968977 ], [ -75.237145, 39.969071 ], [ -75.237004, 39.969105 ], [ -75.23704, 39.969283 ], [ -75.237046, 39.96931 ], [ -75.237116, 39.969616 ], [ -75.23689, 39.96964 ], [ -75.236932, 39.969855 ], [ -75.237391, 39.969798 ], [ -75.237406, 39.969877 ], [ -75.237455, 39.970141 ], [ -75.237741, 39.971678 ], [ -75.237395, 39.971716 ], [ -75.23741, 39.971812 ], [ -75.237578, 39.972723 ], [ -75.237931, 39.972684 ], [ -75.237983, 39.972957 ], [ -75.238036, 39.973247 ], [ -75.237927, 39.973257 ], [ -75.237675, 39.973286 ], [ -75.237859, 39.974271 ], [ -75.237923, 39.974591 ], [ -75.23794, 39.974677 ], [ -75.237825, 39.974691 ], [ -75.237871, 39.974903 ], [ -75.238005, 39.974889 ], [ -75.238017, 39.974954 ], [ -75.238029, 39.97502 ], [ -75.238247, 39.974995 ], [ -75.238359, 39.975585 ], [ -75.237946, 39.975631 ], [ -75.237977, 39.975837 ], [ -75.238508, 39.975776 ], [ -75.23857, 39.976101 ], [ -75.238689, 39.976727 ], [ -75.238792, 39.97728 ], [ -75.238844, 39.977557 ], [ -75.238891, 39.977818 ], [ -75.239006, 39.978423 ], [ -75.23905, 39.978653 ], [ -75.239124, 39.979069 ], [ -75.239189, 39.979415 ], [ -75.239258, 39.979754 ], [ -75.239302, 39.980015 ], [ -75.239379, 39.980424 ], [ -75.239467, 39.980914 ], [ -75.239473, 39.981114 ], [ -75.239417, 39.981283 ], [ -75.239335, 39.981447 ], [ -75.239042, 39.98195 ], [ -75.238744, 39.982382 ], [ -75.238612, 39.982602 ], [ -75.239038, 39.982759 ], [ -75.239347, 39.982871 ], [ -75.24059, 39.983313 ], [ -75.241209, 39.983538 ], [ -75.241824, 39.983769 ], [ -75.24213, 39.983885 ], [ -75.242436, 39.984003 ], [ -75.242741, 39.984124 ], [ -75.243043, 39.984249 ], [ -75.24334, 39.984377 ], [ -75.243635, 39.984511 ], [ -75.243927, 39.98465 ], [ -75.244214, 39.984793 ], [ -75.244497, 39.984942 ], [ -75.244774, 39.985095 ], [ -75.245047, 39.985254 ], [ -75.245313, 39.98542 ], [ -75.245574, 39.98559 ], [ -75.245833, 39.985763 ], [ -75.246349, 39.98611 ], [ -75.24644, 39.986174 ], [ -75.247587, 39.987145 ], [ -75.247895, 39.987422 ], [ -75.248346, 39.987874 ], [ -75.248618, 39.988188 ], [ -75.249045, 39.98873 ], [ -75.249437, 39.989266 ], [ -75.249558, 39.989441 ], [ -75.25, 39.99018 ], [ -75.249768, 39.99029 ], [ -75.249214, 39.990547 ], [ -75.247948, 39.991138 ], [ -75.245689, 39.992191 ], [ -75.243908, 39.993043 ], [ -75.243816, 39.993086 ], [ -75.24165, 39.994105 ], [ -75.240785, 39.99451 ], [ -75.239005, 39.995344 ], [ -75.238977, 39.995358 ], [ -75.237997, 39.995817 ], [ -75.237343, 39.996123 ], [ -75.237331, 39.996128 ], [ -75.23612, 39.996689 ], [ -75.235298, 39.99707 ], [ -75.234413, 39.997488 ], [ -75.234302, 39.997541 ], [ -75.234184, 39.997597 ], [ -75.234152, 39.997612 ], [ -75.233215, 39.998058 ], [ -75.232148, 39.998551 ], [ -75.232124, 39.998562 ], [ -75.232056, 39.998589 ], [ -75.230896, 39.99913 ], [ -75.230441, 39.999344 ], [ -75.229453, 39.999811 ], [ -75.228881, 40.000079 ], [ -75.228738, 40.000144 ], [ -75.228375, 40.000317 ], [ -75.22776, 40.000599 ], [ -75.227462, 40.000746 ], [ -75.227051, 40.000938 ], [ -75.226402, 40.001255 ], [ -75.223618, 40.002583 ], [ -75.220665, 40.003944 ], [ -75.219231, 40.004642 ], [ -75.218732, 40.004888 ], [ -75.218361, 40.00507 ], [ -75.216017, 40.006134 ], [ -75.215805, 40.006229 ], [ -75.213745, 40.00716 ], [ -75.211666, 40.008155 ], [ -75.211548, 40.008213 ], [ -75.21077, 40.008583 ], [ -75.210619, 40.008652 ], [ -75.20924, 40.009371 ], [ -75.2084, 40.009836 ], [ -75.208221, 40.009947 ], [ -75.20801, 40.010077 ], [ -75.207674, 40.010286 ], [ -75.207525, 40.010378 ], [ -75.207376, 40.01048 ], [ -75.207281, 40.010545 ], [ -75.206756, 40.010904 ], [ -75.206357, 40.011178 ], [ -75.206136, 40.011329 ], [ -75.205771, 40.011629 ], [ -75.205592, 40.011547 ], [ -75.205485, 40.011501 ], [ -75.203107, 40.010138 ], [ -75.197451, 40.008315 ], [ -75.193212, 40.006927 ], [ -75.19281, 40.006733 ], [ -75.192774, 40.006706 ], [ -75.192467, 40.006482 ], [ -75.192418, 40.006418 ], [ -75.192101, 40.005995 ], [ -75.192069, 40.005906 ], [ -75.19132, 40.003715 ], [ -75.191492, 40.00214 ], [ -75.191754, 39.999748 ], [ -75.193324, 39.996663 ], [ -75.19354, 39.996241 ], [ -75.193986, 39.995365 ], [ -75.197789, 39.991306 ], [ -75.201107, 39.987635 ], [ -75.204003, 39.985904 ], [ -75.204084, 39.985856 ], [ -75.204218, 39.98485 ], [ -75.204417, 39.983169 ], [ -75.201831, 39.980357 ], [ -75.198654, 39.978457 ], [ -75.194086, 39.976186 ], [ -75.193985, 39.976132 ], [ -75.193745, 39.97538 ], [ -75.193724, 39.975285 ], [ -75.193975, 39.975259 ], [ -75.194231, 39.975231 ], [ -75.194404, 39.975213 ], [ -75.194609, 39.975192 ], [ -75.19464, 39.975189 ], [ -75.194661, 39.975186 ], [ -75.194897, 39.975162 ], [ -75.194993, 39.975151 ], [ -75.195411, 39.975102 ], [ -75.195561, 39.975085 ], [ -75.195755, 39.975063 ], [ -75.198268, 39.974782 ], [ -75.198397, 39.974768 ], [ -75.198809, 39.974722 ], [ -75.198993, 39.974701 ], [ -75.199505, 39.974646 ], [ -75.201737, 39.974394 ], [ -75.203153, 39.974245 ], [ -75.20372, 39.974182 ], [ -75.204362, 39.974417 ], [ -75.206625, 39.975247 ], [ -75.206907, 39.975353 ], [ -75.207891, 39.975717 ], [ -75.208598, 39.975981 ], [ -75.209321, 39.97625 ], [ -75.210357, 39.976636 ], [ -75.211289, 39.976983 ], [ -75.213469, 39.977791 ], [ -75.213305, 39.977217 ], [ -75.213121, 39.976545 ], [ -75.213009, 39.976138 ], [ -75.212614, 39.974721 ], [ -75.212421, 39.973983 ], [ -75.212211, 39.973242 ], [ -75.212821, 39.973174 ], [ -75.213886, 39.973054 ], [ -75.21369, 39.97202 ], [ -75.213281, 39.972065 ], [ -75.213145, 39.971358 ], [ -75.213131, 39.971287 ], [ -75.212843, 39.971321 ], [ -75.212767, 39.970934 ], [ -75.21252, 39.970775 ], [ -75.212462, 39.970739 ], [ -75.212401, 39.970413 ], [ -75.212069, 39.970211 ], [ -75.212656, 39.969644 ], [ -75.212718, 39.969583 ], [ -75.21264, 39.969536 ], [ -75.212895, 39.969382 ], [ -75.21286, 39.969112 ], [ -75.21317, 39.969087 ], [ -75.213816, 39.969035 ], [ -75.21394, 39.969023 ], [ -75.213933, 39.968973 ], [ -75.214109, 39.968959 ], [ -75.2141, 39.968891 ], [ -75.214686, 39.968845 ], [ -75.2147, 39.968948 ], [ -75.214776, 39.968939 ], [ -75.215121, 39.9689 ], [ -75.215106, 39.968815 ], [ -75.215422, 39.96878 ], [ -75.215434, 39.968847 ], [ -75.215726, 39.968823 ], [ -75.215762, 39.969094 ], [ -75.216368, 39.96903 ], [ -75.216996, 39.968969 ], [ -75.216966, 39.968739 ], [ -75.217108, 39.968719 ], [ -75.21755, 39.968673 ], [ -75.217813, 39.968646 ], [ -75.217904, 39.968638 ], [ -75.218166, 39.968614 ], [ -75.218162, 39.968576 ], [ -75.218802, 39.9685 ], [ -75.218922, 39.968486 ], [ -75.2191, 39.968465 ], [ -75.220261, 39.968345 ], [ -75.220299, 39.968634 ], [ -75.220647, 39.9686 ], [ -75.220613, 39.968337 ], [ -75.220841, 39.968313 ], [ -75.220837, 39.968289 ], [ -75.220987, 39.968275 ], [ -75.220972, 39.968182 ], [ -75.221124, 39.968168 ], [ -75.221147, 39.968305 ], [ -75.22152, 39.968268 ], [ -75.221855, 39.968235 ], [ -75.221835, 39.968114 ], [ -75.222013, 39.968097 ], [ -75.222007, 39.968058 ], [ -75.222401, 39.968027 ], [ -75.222468, 39.968415 ], [ -75.222824, 39.968379 ], [ -75.222698, 39.967768 ], [ -75.222617, 39.967343 ], [ -75.222509, 39.966927 ], [ -75.222501, 39.966878 ], [ -75.222858, 39.966848 ], [ -75.222866, 39.966918 ], [ -75.222871, 39.966948 ], [ -75.2229, 39.967108 ], [ -75.222918, 39.967191 ], [ -75.222948, 39.967243 ], [ -75.22299, 39.967283 ], [ -75.223068, 39.967318 ], [ -75.223385, 39.967287 ], [ -75.223799, 39.967246 ], [ -75.223886, 39.967704 ], [ -75.223939, 39.967971 ], [ -75.224646, 39.967896 ], [ -75.224697, 39.968189 ], [ -75.22514, 39.968145 ], [ -75.22594, 39.96806 ], [ -75.226641, 39.967993 ], [ -75.228149, 39.967843 ], [ -75.228824, 39.967772 ], [ -75.228821, 39.967711 ], [ -75.228788, 39.967514 ], [ -75.229081, 39.967481 ], [ -75.22937, 39.967448 ], [ -75.229348, 39.967322 ], [ -75.229524, 39.967305 ], [ -75.229533, 39.967359 ], [ -75.229715, 39.967341 ], [ -75.229773, 39.967677 ], [ -75.230058, 39.967649 ], [ -75.230016, 39.967424 ], [ -75.230454, 39.967379 ], [ -75.230459, 39.967411 ], [ -75.230856, 39.96737 ], [ -75.230893, 39.96756 ], [ -75.23129, 39.967522 ], [ -75.231833, 39.96746 ], [ -75.231973, 39.967458 ], [ -75.23361, 39.967343 ], [ -75.233904, 39.965846 ], [ -75.234855, 39.965962 ], [ -75.235842, 39.966085 ], [ -75.235599, 39.967239 ], [ -75.235521, 39.967605 ], [ -75.23629, 39.967703 ], [ -75.236863, 39.967772 ], [ -75.237173, 39.967811 ], [ -75.237153, 39.967905 ], [ -75.237018, 39.968534 ], [ -75.237341, 39.96862 ] ] ] } },
{ "type": "Feature", "properties": { "ZCTA5CE20": "19132", "TFID": 216590088, "STATEFP20": "42", "COUNTYFP20": "101", "TRACTCE20": "016702", "BLKGRPCE20": "3", "BLOCKCE20": "3000", "SUFFIX1CE": null, "UACE20": "69076", "PUMACE20": "03228", "STATEFP": "42", "COUNTYFP": "101", "TRACTCE": "016702", "BLKGRPCE": "3", "COUSUBFP": "60000", "SUBMCDFP": null, "ESTATEFP": null, "CONCTYFP": null, "PLACEFP": "60000", "AIANNHFP": null, "AIANNHCE": null, "COMPTYP": null, "TRSUBFP": null, "TRSUBCE": null, "ANRCFP": null, "TTRACTCE": null, "TBLKGPCE": null, "ELSDLEA": null, "SCSDLEA": null, "UNSDLEA": "18990", "SDADMLEA": null, "CD118FP": "02", "SLDUST": "003", "SLDLST": "195", "CSAFP": "428", "CBSAFP": "37980", "METDIVFP": "37964", "LWFLAG": "L", "OFFSET": "N", "ATOTAL": 24917, "INTPTLAT": "+39.9932425", "INTPTLON": "-75.1555970", "DP04_DP04_0001E_x": "17402", "DP04_DP04_0002E_x": "13930", "DP04_DP04_0003E_x": "3472", "DP04_DP04_0089E_x": "73000", "DP04_DP04_0126E_x": "6293", "DP04_DP04_0134E_x": "1055", "DP04_DP04_0001E_y": "17402", "DP04_DP04_0002E_y": "13930", "DP04_DP04_0003E_y": "3472", "DP04_DP04_0089E_y": "73000", "DP04_DP04_0126E_y": "6293", "DP04_DP04_0134E_y": "1055", "DP03_DP03_0002E": "12433", "DP03_DP03_0007E": "12647", "DP03_DP03_0062E": "30974", "DP03_DP03_0063E": "52530", "DP03_DP03_0064E": "8284", "DP03_DP03_0086E": "43827", "DP03_DP03_0087E": "61950", "DP03_DP03_0088E": "24736", "DP03_DP03_0119PE": "30.1", "DP02_DP02_0001E": "13930", "DP02_DP02_0016E": "2.25", "DP02_DP02_0017E": "3.22", "DP02_DP02_0053E": "7115", "DP02_DP02_0059E": "21664", "DP02_DP02_0067E": "17885", "DP02_DP02_0068E": "2818", "DP1_DP1_0001C": "33926", "DP1_DP1_0025C": "15557", "DP1_DP1_0049C": "18369", "DP1_DP1_0076C": "33926", "DP1_DP1_0084C": "1225" }, "geometry": { "type": "Polygon", "coordinates": [ [ [ -75.187181, 39.992015 ], [ -75.187418, 39.992106 ], [ -75.187778, 39.99218 ], [ -75.188136, 39.992158 ], [ -75.189001, 39.992031 ], [ -75.189352, 39.991963 ], [ -75.189371, 39.992183 ], [ -75.189465, 39.992492 ], [ -75.189569, 39.992695 ], [ -75.189736, 39.992881 ], [ -75.189967, 39.993038 ], [ -75.190216, 39.993159 ], [ -75.190457, 39.993238 ], [ -75.190764, 39.993281 ], [ -75.191601, 39.993306 ], [ -75.191844, 39.993354 ], [ -75.191999, 39.993443 ], [ -75.192129, 39.993597 ], [ -75.192207, 39.9938 ], [ -75.1922, 39.993988 ], [ -75.192152, 39.994224 ], [ -75.192088, 39.99443 ], [ -75.192044, 39.994527 ], [ -75.192268, 39.994618 ], [ -75.192403, 39.994674 ], [ -75.192627, 39.994771 ], [ -75.193986, 39.995365 ], [ -75.19354, 39.996241 ], [ -75.193324, 39.996663 ], [ -75.191754, 39.999748 ], [ -75.19081, 39.999899 ], [ -75.190518, 39.999641 ], [ -75.189577, 39.999895 ], [ -75.188815, 40.000204 ], [ -75.18856, 40.000255 ], [ -75.188447, 40.000272 ], [ -75.188288, 40.000273 ], [ -75.188112, 40.00027 ], [ -75.187743, 40.000253 ], [ -75.187511, 40.000249 ], [ -75.18734, 40.00026 ], [ -75.187195, 40.000286 ], [ -75.186949, 40.000364 ], [ -75.186861, 40.000409 ], [ -75.186787, 40.000589 ], [ -75.186712, 40.000782 ], [ -75.186681, 40.000876 ], [ -75.186666, 40.000946 ], [ -75.186661, 40.001009 ], [ -75.18667, 40.001107 ], [ -75.186688, 40.00117 ], [ -75.187163, 40.002633 ], [ -75.187172, 40.002674 ], [ -75.187184, 40.002779 ], [ -75.187178, 40.002843 ], [ -75.187194, 40.002855 ], [ -75.187249, 40.002903 ], [ -75.18728, 40.002961 ], [ -75.187302, 40.003034 ], [ -75.187334, 40.003214 ], [ -75.187347, 40.003326 ], [ -75.187431, 40.004641 ], [ -75.187454, 40.004966 ], [ -75.187821, 40.006102 ], [ -75.187616, 40.006074 ], [ -75.187528, 40.006495 ], [ -75.187482, 40.006462 ], [ -75.187469, 40.006512 ], [ -75.187049, 40.006576 ], [ -75.187044, 40.006491 ], [ -75.186956, 40.006505 ], [ -75.186968, 40.006446 ], [ -75.186684, 40.006409 ], [ -75.1867, 40.006339 ], [ -75.186485, 40.006309 ], [ -75.186392, 40.006279 ], [ -75.186349, 40.006533 ], [ -75.185785, 40.006492 ], [ -75.185828, 40.006285 ], [ -75.185549, 40.006249 ], [ -75.185405, 40.006218 ], [ -75.185236, 40.006195 ], [ -75.185231, 40.006215 ], [ -75.184793, 40.006161 ], [ -75.184696, 40.006149 ], [ -75.184054, 40.006065 ], [ -75.183391, 40.005979 ], [ -75.18327, 40.005945 ], [ -75.183112, 40.0059 ], [ -75.182711, 40.005849 ], [ -75.181705, 40.005722 ], [ -75.181626, 40.005706 ], [ -75.181579, 40.005928 ], [ -75.181501, 40.006297 ], [ -75.181482, 40.006367 ], [ -75.1815, 40.006369 ], [ -75.181407, 40.006652 ], [ -75.181392, 40.006765 ], [ -75.181333, 40.007223 ], [ -75.180883, 40.007244 ], [ -75.180201, 40.007278 ], [ -75.179859, 40.007298 ], [ -75.179518, 40.007326 ], [ -75.179483, 40.00733 ], [ -75.179264, 40.006733 ], [ -75.179247, 40.006685 ], [ -75.178936, 40.005783 ], [ -75.178633, 40.005052 ], [ -75.178809, 40.004937 ], [ -75.17848, 40.004891 ], [ -75.176913, 40.004697 ], [ -75.176832, 40.005072 ], [ -75.176704, 40.005056 ], [ -75.176165, 40.004986 ], [ -75.176092, 40.004977 ], [ -75.1756, 40.004918 ], [ -75.175317, 40.004884 ], [ -75.175038, 40.00612 ], [ -75.174829, 40.006086 ], [ -75.174966, 40.005368 ], [ -75.17509, 40.004858 ], [ -75.174736, 40.004796 ], [ -75.174672, 40.004785 ], [ -75.174154, 40.004728 ], [ -75.174075, 40.004719 ], [ -75.173628, 40.00466 ], [ -75.173479, 40.004645 ], [ -75.17334, 40.004632 ], [ -75.173, 40.004587 ], [ -75.172817, 40.004563 ], [ -75.172746, 40.004553 ], [ -75.172291, 40.004493 ], [ -75.172196, 40.004486 ], [ -75.172116, 40.00448 ], [ -75.172039, 40.004808 ], [ -75.171657, 40.004758 ], [ -75.171719, 40.004461 ], [ -75.171644, 40.004444 ], [ -75.171583, 40.00443 ], [ -75.171154, 40.004375 ], [ -75.170702, 40.004316 ], [ -75.170595, 40.004298 ], [ -75.170113, 40.004219 ], [ -75.169269, 40.0041 ], [ -75.169419, 40.004303 ], [ -75.169504, 40.004398 ], [ -75.170087, 40.005186 ], [ -75.167285, 40.004393 ], [ -75.167009, 40.004314 ], [ -75.166687, 40.004223 ], [ -75.166045, 40.00404 ], [ -75.165758, 40.003952 ], [ -75.165793, 40.003796 ], [ -75.165896, 40.003269 ], [ -75.164286, 40.003072 ], [ -75.164232, 40.003316 ], [ -75.164165, 40.003623 ], [ -75.164103, 40.003912 ], [ -75.16283, 40.003745 ], [ -75.16223, 40.003657 ], [ -75.162241, 40.003628 ], [ -75.162273, 40.003434 ], [ -75.162307, 40.003286 ], [ -75.161888, 40.003228 ], [ -75.161906, 40.003142 ], [ -75.160993, 40.003022 ], [ -75.160921, 40.003011 ], [ -75.160909, 40.003068 ], [ -75.160754, 40.003043 ], [ -75.160727, 40.003172 ], [ -75.160709, 40.003241 ], [ -75.160601, 40.003699 ], [ -75.160495, 40.004215 ], [ -75.160237, 40.004181 ], [ -75.160096, 40.003739 ], [ -75.160013, 40.003484 ], [ -75.159849, 40.002973 ], [ -75.159765, 40.002717 ], [ -75.159685, 40.002479 ], [ -75.159461, 40.002448 ], [ -75.157703, 40.00221 ], [ -75.156891, 40.002108 ], [ -75.156787, 40.002681 ], [ -75.15608, 40.002594 ], [ -75.156007, 40.002575 ], [ -75.155935, 40.002556 ], [ -75.155882, 40.002807 ], [ -75.155197, 40.002724 ], [ -75.154942, 40.002692 ], [ -75.155001, 40.002433 ], [ -75.154532, 40.002371 ], [ -75.154437, 40.002354 ], [ -75.154345, 40.002338 ], [ -75.154032, 40.002295 ], [ -75.154049, 40.002226 ], [ -75.153691, 40.00218 ], [ -75.153796, 40.001706 ], [ -75.153453, 40.001661 ], [ -75.152926, 40.001592 ], [ -75.151626, 40.001426 ], [ -75.151524, 40.001885 ], [ -75.150712, 40.001785 ], [ -75.150617, 40.001755 ], [ -75.150712, 40.001312 ], [ -75.150852, 40.000714 ], [ -75.15089, 40.000549 ], [ -75.15092, 40.000406 ], [ -75.150985, 40.000101 ], [ -75.151066, 39.999719 ], [ -75.150794, 39.999682 ], [ -75.150192, 39.999911 ], [ -75.15012, 39.999594 ], [ -75.150047, 39.999232 ], [ -75.15002, 39.999096 ], [ -75.149982, 39.998901 ], [ -75.149877, 39.998385 ], [ -75.149903, 39.998294 ], [ -75.150628, 39.998027 ], [ -75.151516, 39.997699 ], [ -75.151868, 39.997568 ], [ -75.152038, 39.996782 ], [ -75.151715, 39.996741 ], [ -75.151817, 39.99627 ], [ -75.151832, 39.996206 ], [ -75.151883, 39.995992 ], [ -75.151925, 39.995777 ], [ -75.151946, 39.995681 ], [ -75.152042, 39.995241 ], [ -75.15213, 39.994838 ], [ -75.152155, 39.994726 ], [ -75.152213, 39.99448 ], [ -75.15312, 39.994598 ], [ -75.153294, 39.993773 ], [ -75.152389, 39.993659 ], [ -75.152489, 39.993182 ], [ -75.152558, 39.992841 ], [ -75.152643, 39.992475 ], [ -75.15273, 39.992072 ], [ -75.152741, 39.992029 ], [ -75.152823, 39.991686 ], [ -75.15286, 39.991527 ], [ -75.152896, 39.991368 ], [ -75.152922, 39.991251 ], [ -75.152977, 39.991007 ], [ -75.153031, 39.990796 ], [ -75.153073, 39.990634 ], [ -75.15307, 39.990577 ], [ -75.153076, 39.99051 ], [ -75.153166, 39.990116 ], [ -75.153413, 39.990148 ], [ -75.153537, 39.989579 ], [ -75.153627, 39.989192 ], [ -75.153639, 39.989119 ], [ -75.153647, 39.989067 ], [ -75.15379, 39.989087 ], [ -75.153887, 39.988629 ], [ -75.154085, 39.987722 ], [ -75.154146, 39.987727 ], [ -75.154162, 39.987651 ], [ -75.154187, 39.987536 ], [ -75.154413, 39.98648 ], [ -75.154818, 39.986549 ], [ -75.154903, 39.986169 ], [ -75.154938, 39.986118 ], [ -75.155406, 39.986179 ], [ -75.15607, 39.98626 ], [ -75.156275, 39.986283 ], [ -75.157111, 39.986398 ], [ -75.157179, 39.986408 ], [ -75.157899, 39.986492 ], [ -75.158679, 39.986603 ], [ -75.159105, 39.986661 ], [ -75.159473, 39.986706 ], [ -75.160024, 39.986778 ], [ -75.160487, 39.98684 ], [ -75.161032, 39.986907 ], [ -75.161598, 39.986975 ], [ -75.162055, 39.987042 ], [ -75.162612, 39.987112 ], [ -75.163176, 39.987181 ], [ -75.1634, 39.987209 ], [ -75.163616, 39.987243 ], [ -75.164184, 39.987311 ], [ -75.164976, 39.987421 ], [ -75.165762, 39.987514 ], [ -75.166408, 39.987598 ], [ -75.166984, 39.987664 ], [ -75.167633, 39.987752 ], [ -75.168428, 39.987857 ], [ -75.169234, 39.987959 ], [ -75.169161, 39.988345 ], [ -75.168894, 39.98955 ], [ -75.169461, 39.989629 ], [ -75.170273, 39.989738 ], [ -75.171191, 39.989855 ], [ -75.171566, 39.989903 ], [ -75.171744, 39.989924 ], [ -75.171938, 39.989823 ], [ -75.17241, 39.98958 ], [ -75.172792, 39.989384 ], [ -75.173079, 39.989239 ], [ -75.173363, 39.989093 ], [ -75.173933, 39.988802 ], [ -75.173988, 39.988775 ], [ -75.174504, 39.988511 ], [ -75.174665, 39.988427 ], [ -75.175803, 39.988812 ], [ -75.177206, 39.988991 ], [ -75.178041, 39.989102 ], [ -75.178616, 39.989179 ], [ -75.178991, 39.989225 ], [ -75.178979, 39.989308 ], [ -75.178907, 39.989636 ], [ -75.179018, 39.989649 ], [ -75.179753, 39.989749 ], [ -75.179838, 39.989329 ], [ -75.180257, 39.989388 ], [ -75.180611, 39.98943 ], [ -75.180559, 39.989668 ], [ -75.180705, 39.989686 ], [ -75.180668, 39.989865 ], [ -75.181306, 39.989936 ], [ -75.181328, 39.989818 ], [ -75.181812, 39.98988 ], [ -75.181897, 39.989891 ], [ -75.183394, 39.990075 ], [ -75.183341, 39.990307 ], [ -75.183284, 39.990604 ], [ -75.183182, 39.991053 ], [ -75.1831, 39.991386 ], [ -75.184699, 39.991588 ], [ -75.184927, 39.990594 ], [ -75.185146, 39.990891 ], [ -75.18546, 39.991384 ], [ -75.185599, 39.991699 ], [ -75.185581, 39.991533 ], [ -75.185893, 39.990112 ], [ -75.185996, 39.990123 ], [ -75.186713, 39.990215 ], [ -75.186372, 39.991777 ], [ -75.186548, 39.991823 ], [ -75.186916, 39.991935 ], [ -75.187181, 39.992015 ] ] ] } },
{ "type": "Feature", "properties": { "ZCTA5CE20": "19133", "TFID": 216594665, "STATEFP20": "42", "COUNTYFP20": "101", "TRACTCE20": "017500", "BLKGRPCE20": "6", "BLOCKCE20": "6019", "SUFFIX1CE": null, "UACE20": "69076", "PUMACE20": "03225", "STATEFP": "42", "COUNTYFP": "101", "TRACTCE": "017500", "BLKGRPCE": "6", "COUSUBFP": "60000", "SUBMCDFP": null, "ESTATEFP": null, "CONCTYFP": null, "PLACEFP": "60000", "AIANNHFP": null, "AIANNHCE": null, "COMPTYP": null, "TRSUBFP": null, "TRSUBCE": null, "ANRCFP": null, "TTRACTCE": null, "TBLKGPCE": null, "ELSDLEA": null, "SCSDLEA": null, "UNSDLEA": "18990", "SDADMLEA": null, "CD118FP": "02", "SLDUST": "003", "SLDLST": "197", "CSAFP": "428", "CBSAFP": "37980", "METDIVFP": "37964", "LWFLAG": "L", "OFFSET": "N", "ATOTAL": 33360, "INTPTLAT": "+40.0003547", "INTPTLON": "-75.1455569", "DP04_DP04_0001E_x": "10766", "DP04_DP04_0002E_x": "9401", "DP04_DP04_0003E_x": "1365", "DP04_DP04_0089E_x": "85100", "DP04_DP04_0126E_x": "4519", "DP04_DP04_0134E_x": "919", "DP04_DP04_0001E_y": "10766", "DP04_DP04_0002E_y": "9401", "DP04_DP04_0003E_y": "1365", "DP04_DP04_0089E_y": "85100", "DP04_DP04_0126E_y": "4519", "DP04_DP04_0134E_y": "919", "DP03_DP03_0002E": "9874", "DP03_DP03_0007E": "10112", "DP03_DP03_0062E": "31756", "DP03_DP03_0063E": "47703", "DP03_DP03_0064E": "6099", "DP03_DP03_0086E": "32929", "DP03_DP03_0087E": "52346", "DP03_DP03_0088E": "16503", "DP03_DP03_0119PE": "32.6", "DP02_DP02_0001E": "9401", "DP02_DP02_0016E": "2.71", "DP02_DP02_0017E": "3.28", "DP02_DP02_0053E": "5785", "DP02_DP02_0059E": "16162", "DP02_DP02_0067E": "10201", "DP02_DP02_0068E": "1179", "DP1_DP1_0001C": "24772", "DP1_DP1_0025C": "11725", "DP1_DP1_0049C": "13047", "DP1_DP1_0076C": "24772", "DP1_DP1_0084C": "3045" }, "geometry": { "type": "Polygon", "coordinates": [ [ [ -75.153275, 39.985899 ], [ -75.154063, 39.986003 ], [ -75.154938, 39.986118 ], [ -75.154903, 39.986169 ], [ -75.154818, 39.986549 ], [ -75.154413, 39.98648 ], [ -75.154187, 39.987536 ], [ -75.154162, 39.987651 ], [ -75.154146, 39.987727 ], [ -75.154085, 39.987722 ], [ -75.153887, 39.988629 ], [ -75.15379, 39.989087 ], [ -75.153647, 39.989067 ], [ -75.153639, 39.989119 ], [ -75.153627, 39.989192 ], [ -75.153537, 39.989579 ], [ -75.153413, 39.990148 ], [ -75.153166, 39.990116 ], [ -75.153076, 39.99051 ], [ -75.15307, 39.990577 ], [ -75.153073, 39.990634 ], [ -75.153031, 39.990796 ], [ -75.152977, 39.991007 ], [ -75.152922, 39.991251 ], [ -75.152896, 39.991368 ], [ -75.15286, 39.991527 ], [ -75.152823, 39.991686 ], [ -75.152741, 39.992029 ], [ -75.15273, 39.992072 ], [ -75.152643, 39.992475 ], [ -75.152558, 39.992841 ], [ -75.152489, 39.993182 ], [ -75.152389, 39.993659 ], [ -75.153294, 39.993773 ], [ -75.15312, 39.994598 ], [ -75.152213, 39.99448 ], [ -75.152155, 39.994726 ], [ -75.15213, 39.994838 ], [ -75.152042, 39.995241 ], [ -75.151946, 39.995681 ], [ -75.151925, 39.995777 ], [ -75.151883, 39.995992 ], [ -75.151832, 39.996206 ], [ -75.151817, 39.99627 ], [ -75.151715, 39.996741 ], [ -75.152038, 39.996782 ], [ -75.151868, 39.997568 ], [ -75.151516, 39.997699 ], [ -75.150628, 39.998027 ], [ -75.149903, 39.998294 ], [ -75.149877, 39.998385 ], [ -75.149982, 39.998901 ], [ -75.15002, 39.999096 ], [ -75.150047, 39.999232 ], [ -75.15012, 39.999594 ], [ -75.150192, 39.999911 ], [ -75.150794, 39.999682 ], [ -75.151066, 39.999719 ], [ -75.150985, 40.000101 ], [ -75.15092, 40.000406 ], [ -75.15089, 40.000549 ], [ -75.150852, 40.000714 ], [ -75.150712, 40.001312 ], [ -75.150617, 40.001755 ], [ -75.150533, 40.001729 ], [ -75.148794, 40.001508 ], [ -75.148699, 40.001263 ], [ -75.148741, 40.001054 ], [ -75.148148, 40.000987 ], [ -75.148032, 40.000706 ], [ -75.147794, 40.000153 ], [ -75.147717, 39.999974 ], [ -75.14724, 40.000159 ], [ -75.14703, 40.000239 ], [ -75.146418, 40.000475 ], [ -75.145499, 40.000826 ], [ -75.14519, 40.000941 ], [ -75.144884, 40.001057 ], [ -75.143958, 40.001398 ], [ -75.143797, 40.001455 ], [ -75.143647, 40.00151 ], [ -75.143027, 40.001733 ], [ -75.142416, 40.00195 ], [ -75.142399, 40.001928 ], [ -75.142218, 40.001704 ], [ -75.14204, 40.00148 ], [ -75.141866, 40.001291 ], [ -75.141929, 40.001269 ], [ -75.141984, 40.001248 ], [ -75.142958, 40.000886 ], [ -75.142855, 40.000689 ], [ -75.142644, 40.000662 ], [ -75.142433, 40.000634 ], [ -75.142162, 40.0006 ], [ -75.142073, 40.000589 ], [ -75.141664, 40.000536 ], [ -75.141655, 40.000577 ], [ -75.141353, 40.000539 ], [ -75.140997, 40.000503 ], [ -75.140757, 40.000315 ], [ -75.140519, 40.000125 ], [ -75.140477, 40.000093 ], [ -75.140498, 39.999993 ], [ -75.140412, 39.999983 ], [ -75.140318, 39.999971 ], [ -75.139987, 39.999932 ], [ -75.139527, 39.999876 ], [ -75.13907, 39.999811 ], [ -75.138524, 39.999743 ], [ -75.135969, 39.999416 ], [ -75.135652, 39.999375 ], [ -75.135302, 40.000959 ], [ -75.134075, 40.000794 ], [ -75.134412, 39.999207 ], [ -75.133829, 39.999129 ], [ -75.133236, 39.999057 ], [ -75.132701, 39.998985 ], [ -75.13236, 40.000572 ], [ -75.131834, 40.000511 ], [ -75.132172, 39.998913 ], [ -75.13125, 39.998806 ], [ -75.13091, 40.000389 ], [ -75.130445, 40.000327 ], [ -75.129971, 40.000267 ], [ -75.13032, 39.998677 ], [ -75.129802, 39.998613 ], [ -75.12926, 39.998539 ], [ -75.129379, 39.998019 ], [ -75.129458, 39.997618 ], [ -75.128935, 39.997546 ], [ -75.12908, 39.996884 ], [ -75.129325, 39.996917 ], [ -75.129398, 39.996573 ], [ -75.129457, 39.996294 ], [ -75.12962, 39.995548 ], [ -75.129639, 39.995425 ], [ -75.129672, 39.995203 ], [ -75.129883, 39.995172 ], [ -75.129983, 39.995133 ], [ -75.12989, 39.995073 ], [ -75.129185, 39.994529 ], [ -75.128376, 39.993867 ], [ -75.128292, 39.993739 ], [ -75.128553, 39.993578 ], [ -75.128748, 39.993458 ], [ -75.128889, 39.993371 ], [ -75.12928, 39.993698 ], [ -75.129496, 39.993868 ], [ -75.129704, 39.9939 ], [ -75.129933, 39.993928 ], [ -75.130187, 39.992763 ], [ -75.130249, 39.992433 ], [ -75.130259, 39.992379 ], [ -75.130121, 39.992362 ], [ -75.130196, 39.992005 ], [ -75.130279, 39.991611 ], [ -75.130727, 39.99167 ], [ -75.130787, 39.991397 ], [ -75.130822, 39.991237 ], [ -75.130898, 39.99089 ], [ -75.13124, 39.989296 ], [ -75.130901, 39.98925 ], [ -75.131028, 39.988618 ], [ -75.131206, 39.987755 ], [ -75.130892, 39.987717 ], [ -75.130798, 39.987705 ], [ -75.130877, 39.987382 ], [ -75.13104, 39.987287 ], [ -75.1312, 39.9872 ], [ -75.13125, 39.98718 ], [ -75.131305, 39.987179 ], [ -75.131676, 39.987229 ], [ -75.131831, 39.986519 ], [ -75.131907, 39.986306 ], [ -75.131802, 39.986151 ], [ -75.131061, 39.985317 ], [ -75.131645, 39.985004 ], [ -75.132106, 39.984771 ], [ -75.132208, 39.984741 ], [ -75.13217, 39.984609 ], [ -75.131926, 39.984333 ], [ -75.132046, 39.984266 ], [ -75.132061, 39.984188 ], [ -75.132003, 39.984122 ], [ -75.132057, 39.984097 ], [ -75.132024, 39.983938 ], [ -75.13196, 39.983971 ], [ -75.13189, 39.983892 ], [ -75.132003, 39.983834 ], [ -75.131978, 39.983806 ], [ -75.132077, 39.983755 ], [ -75.132026, 39.983695 ], [ -75.132133, 39.98364 ], [ -75.132012, 39.983503 ], [ -75.131985, 39.983417 ], [ -75.132439, 39.983184 ], [ -75.132544, 39.983166 ], [ -75.132599, 39.983228 ], [ -75.133073, 39.983295 ], [ -75.133586, 39.98336 ], [ -75.133489, 39.983809 ], [ -75.13396, 39.983871 ], [ -75.134433, 39.983931 ], [ -75.134889, 39.98399 ], [ -75.135344, 39.984051 ], [ -75.135445, 39.983598 ], [ -75.135966, 39.983666 ], [ -75.136513, 39.98374 ], [ -75.137099, 39.983813 ], [ -75.137799, 39.983907 ], [ -75.138467, 39.983989 ], [ -75.139013, 39.984061 ], [ -75.139521, 39.984124 ], [ -75.140021, 39.984191 ], [ -75.140479, 39.984248 ], [ -75.140934, 39.984312 ], [ -75.141394, 39.984369 ], [ -75.14187, 39.984432 ], [ -75.14238, 39.984494 ], [ -75.142537, 39.984516 ], [ -75.142806, 39.984548 ], [ -75.143228, 39.984603 ], [ -75.143844, 39.984683 ], [ -75.144154, 39.984724 ], [ -75.144655, 39.98479 ], [ -75.145445, 39.984895 ], [ -75.146102, 39.984978 ], [ -75.146782, 39.985063 ], [ -75.147274, 39.985124 ], [ -75.147766, 39.98519 ], [ -75.147706, 39.98546 ], [ -75.148025, 39.985505 ], [ -75.148008, 39.985581 ], [ -75.148121, 39.985596 ], [ -75.148138, 39.985513 ], [ -75.148258, 39.985528 ], [ -75.148281, 39.98539 ], [ -75.148285, 39.985351 ], [ -75.148259, 39.985253 ], [ -75.148549, 39.985292 ], [ -75.148485, 39.985583 ], [ -75.148946, 39.985643 ], [ -75.149014, 39.98535 ], [ -75.149342, 39.985392 ], [ -75.150197, 39.985504 ], [ -75.150913, 39.985597 ], [ -75.1517, 39.9857 ], [ -75.152485, 39.985801 ], [ -75.15298, 39.985863 ], [ -75.153275, 39.985899 ] ] ] } },
{ "type": "Feature", "properties": { "ZCTA5CE20": "19134", "TFID": 262910511, "STATEFP20": "42", "COUNTYFP20": "101", "TRACTCE20": "037800", "BLKGRPCE20": "6", "BLOCKCE20": "6000", "SUFFIX1CE": null, "UACE20": "69076", "PUMACE20": "03228", "STATEFP": "42", "COUNTYFP": "101", "TRACTCE": "037800", "BLKGRPCE": "6", "COUSUBFP": "60000", "SUBMCDFP": null, "ESTATEFP": null, "CONCTYFP": null, "PLACEFP": "60000", "AIANNHFP": null, "AIANNHCE": null, "COMPTYP": null, "TRSUBFP": null, "TRSUBCE": null, "ANRCFP": null, "TTRACTCE": null, "TBLKGPCE": null, "ELSDLEA": null, "SCSDLEA": null, "UNSDLEA": "18990", "SDADMLEA": null, "CD118FP": "02", "SLDUST": "002", "SLDLST": "177", "CSAFP": "428", "CBSAFP": "37980", "METDIVFP": "37964", "LWFLAG": "L", "OFFSET": "N", "ATOTAL": 7072, "INTPTLAT": "+39.9795276", "INTPTLON": "-75.0926465", "DP04_DP04_0001E_x": "25290", "DP04_DP04_0002E_x": "21813", "DP04_DP04_0003E_x": "3477", "DP04_DP04_0089E_x": "127500", "DP04_DP04_0126E_x": "9240", "DP04_DP04_0134E_x": "1179", "DP04_DP04_0001E_y": "25290", "DP04_DP04_0002E_y": "21813", "DP04_DP04_0003E_y": "3477", "DP04_DP04_0089E_y": "127500", "DP04_DP04_0126E_y": "9240", "DP04_DP04_0134E_y": "1179", "DP03_DP03_0002E": "22290", "DP03_DP03_0007E": "20016", "DP03_DP03_0062E": "41849", "DP03_DP03_0063E": "56659", "DP03_DP03_0064E": "15397", "DP03_DP03_0086E": "41277", "DP03_DP03_0087E": "59766", "DP03_DP03_0088E": "21953", "DP03_DP03_0119PE": "33.3", "DP02_DP02_0001E": "21813", "DP02_DP02_0016E": "2.58", "DP02_DP02_0017E": "3.30", "DP02_DP02_0053E": "14214", "DP02_DP02_0059E": "35290", "DP02_DP02_0067E": "27152", "DP02_DP02_0068E": "6400", "DP1_DP1_0001C": "57463", "DP1_DP1_0025C": "28164", "DP1_DP1_0049C": "29299", "DP1_DP1_0076C": "57463", "DP1_DP1_0084C": "6145" }, "geometry": { "type": "Polygon", "coordinates": [ [ [ -75.130787, 39.991397 ], [ -75.130727, 39.99167 ], [ -75.130279, 39.991611 ], [ -75.130196, 39.992005 ], [ -75.130121, 39.992362 ], [ -75.130259, 39.992379 ], [ -75.130249, 39.992433 ], [ -75.130187, 39.992763 ], [ -75.129933, 39.993928 ], [ -75.129704, 39.9939 ], [ -75.129496, 39.993868 ], [ -75.12928, 39.993698 ], [ -75.128889, 39.993371 ], [ -75.128748, 39.993458 ], [ -75.128553, 39.993578 ], [ -75.128292, 39.993739 ], [ -75.128376, 39.993867 ], [ -75.129185, 39.994529 ], [ -75.12989, 39.995073 ], [ -75.129983, 39.995133 ], [ -75.129883, 39.995172 ], [ -75.129672, 39.995203 ], [ -75.129639, 39.995425 ], [ -75.12962, 39.995548 ], [ -75.129457, 39.996294 ], [ -75.129398, 39.996573 ], [ -75.129325, 39.996917 ], [ -75.12908, 39.996884 ], [ -75.128935, 39.997546 ], [ -75.129458, 39.997618 ], [ -75.129379, 39.998019 ], [ -75.12926, 39.998539 ], [ -75.129191, 39.998859 ], [ -75.12909, 39.998858 ], [ -75.128839, 39.998826 ], [ -75.128734, 39.999205 ], [ -75.12866, 39.999514 ], [ -75.128679, 39.999517 ], [ -75.128623, 39.999848 ], [ -75.128592, 39.999844 ], [ -75.128554, 40.00002 ], [ -75.128542, 40.000082 ], [ -75.128488, 40.000351 ], [ -75.128525, 40.000355 ], [ -75.128457, 40.000728 ], [ -75.128332, 40.001325 ], [ -75.128292, 40.001514 ], [ -75.128276, 40.001579 ], [ -75.128257, 40.001654 ], [ -75.128132, 40.002156 ], [ -75.127972, 40.002838 ], [ -75.128152, 40.002869 ], [ -75.128332, 40.002879 ], [ -75.128282, 40.003116 ], [ -75.127939, 40.003071 ], [ -75.12792, 40.003184 ], [ -75.127813, 40.00367 ], [ -75.127721, 40.004019 ], [ -75.127427, 40.004063 ], [ -75.127388, 40.004248 ], [ -75.128022, 40.004328 ], [ -75.127863, 40.005057 ], [ -75.127818, 40.005262 ], [ -75.127287, 40.007695 ], [ -75.125179, 40.007444 ], [ -75.123425, 40.007212 ], [ -75.122718, 40.007134 ], [ -75.121989, 40.007037 ], [ -75.119299, 40.006679 ], [ -75.113483, 40.005927 ], [ -75.109372, 40.005392 ], [ -75.108628, 40.005404 ], [ -75.108036, 40.005431 ], [ -75.107351, 40.005471 ], [ -75.10666, 40.00548 ], [ -75.106025, 40.005498 ], [ -75.105335, 40.005518 ], [ -75.105665, 40.004031 ], [ -75.10467, 40.004481 ], [ -75.103854, 40.003566 ], [ -75.103721, 40.00348 ], [ -75.103603, 40.003403 ], [ -75.102321, 40.003236 ], [ -75.101714, 40.003157 ], [ -75.101618, 40.003142 ], [ -75.10166, 40.002995 ], [ -75.101811, 40.002863 ], [ -75.103083, 40.00215 ], [ -75.102864, 40.002121 ], [ -75.101176, 40.001903 ], [ -75.10084, 40.001859 ], [ -75.100501, 40.001816 ], [ -75.099913, 40.001739 ], [ -75.100085, 40.000977 ], [ -75.099554, 40.000907 ], [ -75.09951, 40.00079 ], [ -75.099371, 40.000632 ], [ -75.099264, 40.000586 ], [ -75.098896, 40.000162 ], [ -75.099221, 39.999949 ], [ -75.098979, 39.999688 ], [ -75.098423, 39.999068 ], [ -75.097949, 39.998496 ], [ -75.097262, 39.997719 ], [ -75.097066, 39.997518 ], [ -75.095246, 39.998413 ], [ -75.095191, 39.998443 ], [ -75.094819, 39.998197 ], [ -75.094778, 39.997297 ], [ -75.094241, 39.996493 ], [ -75.095557, 39.995796 ], [ -75.094607, 39.9947 ], [ -75.094523, 39.994603 ], [ -75.093081, 39.995363 ], [ -75.092706, 39.995078 ], [ -75.092136, 39.994995 ], [ -75.091471, 39.995216 ], [ -75.09052, 39.994142 ], [ -75.090147, 39.993722 ], [ -75.089702, 39.993217 ], [ -75.088991, 39.992391 ], [ -75.088782, 39.992153 ], [ -75.091216, 39.99088 ], [ -75.090735, 39.990329 ], [ -75.090173, 39.989693 ], [ -75.089616, 39.989064 ], [ -75.089411, 39.988833 ], [ -75.089069, 39.989015 ], [ -75.088621, 39.988506 ], [ -75.088847, 39.988317 ], [ -75.088912, 39.988267 ], [ -75.088761, 39.988095 ], [ -75.088709, 39.988036 ], [ -75.088509, 39.987809 ], [ -75.088173, 39.987428 ], [ -75.08785, 39.98707 ], [ -75.087057, 39.986146 ], [ -75.084834, 39.98362 ], [ -75.084813, 39.983594 ], [ -75.083781, 39.982458 ], [ -75.086224, 39.981177 ], [ -75.088937, 39.980437 ], [ -75.089827, 39.980176 ], [ -75.090378, 39.979972 ], [ -75.090605, 39.979888 ], [ -75.091038, 39.979719 ], [ -75.091449, 39.979607 ], [ -75.091673, 39.979565 ], [ -75.09194, 39.979514 ], [ -75.092339, 39.979477 ], [ -75.092694, 39.979439 ], [ -75.092992, 39.979405 ], [ -75.093026, 39.979401 ], [ -75.093672, 39.979271 ], [ -75.094426, 39.979115 ], [ -75.094676, 39.97907 ], [ -75.09488, 39.979032 ], [ -75.093417, 39.977167 ], [ -75.091452, 39.974662 ], [ -75.092365, 39.974536 ], [ -75.093666, 39.974355 ], [ -75.096372, 39.973981 ], [ -75.097389, 39.973705 ], [ -75.102287, 39.972377 ], [ -75.102955, 39.97215 ], [ -75.10604, 39.971104 ], [ -75.10735, 39.970611 ], [ -75.107557, 39.970533 ], [ -75.108089, 39.970332 ], [ -75.111945, 39.968721 ], [ -75.112041, 39.968682 ], [ -75.112305, 39.968571 ], [ -75.112815, 39.968358 ], [ -75.1141, 39.970406 ], [ -75.115005, 39.971851 ], [ -75.115617, 39.97296 ], [ -75.116273, 39.973152 ], [ -75.11675, 39.973282 ], [ -75.116912, 39.973331 ], [ -75.117435, 39.973682 ], [ -75.117658, 39.973832 ], [ -75.11779, 39.973919 ], [ -75.117864, 39.973969 ], [ -75.118026, 39.974138 ], [ -75.11803, 39.974157 ], [ -75.118068, 39.974275 ], [ -75.116683, 39.974984 ], [ -75.115652, 39.975525 ], [ -75.113227, 39.976803 ], [ -75.113278, 39.976864 ], [ -75.113331, 39.976928 ], [ -75.113434, 39.97705 ], [ -75.11303, 39.977261 ], [ -75.113079, 39.977329 ], [ -75.113124, 39.977391 ], [ -75.1133, 39.977599 ], [ -75.113349, 39.977656 ], [ -75.113398, 39.97763 ], [ -75.113603, 39.977862 ], [ -75.113626, 39.97789 ], [ -75.113662, 39.977932 ], [ -75.113586, 39.977973 ], [ -75.113721, 39.978127 ], [ -75.113779, 39.978097 ], [ -75.113847, 39.978176 ], [ -75.113886, 39.978223 ], [ -75.113944, 39.978291 ], [ -75.11404, 39.978395 ], [ -75.11411, 39.978358 ], [ -75.114194, 39.97845 ], [ -75.11421, 39.978468 ], [ -75.114244, 39.978507 ], [ -75.114165, 39.978547 ], [ -75.114314, 39.978729 ], [ -75.114274, 39.978754 ], [ -75.114317, 39.978803 ], [ -75.114381, 39.978876 ], [ -75.114653, 39.979183 ], [ -75.11468, 39.979213 ], [ -75.115007, 39.979578 ], [ -75.115048, 39.979624 ], [ -75.115226, 39.979825 ], [ -75.115316, 39.979779 ], [ -75.115435, 39.979912 ], [ -75.115458, 39.979938 ], [ -75.115506, 39.979993 ], [ -75.115532, 39.979974 ], [ -75.115769, 39.980241 ], [ -75.115805, 39.980288 ], [ -75.115538, 39.980428 ], [ -75.115201, 39.980604 ], [ -75.115062, 39.980678 ], [ -75.115949, 39.981375 ], [ -75.116836, 39.982072 ], [ -75.116075, 39.982938 ], [ -75.116272, 39.98312 ], [ -75.116422, 39.983259 ], [ -75.11686, 39.983662 ], [ -75.117301, 39.984066 ], [ -75.117519, 39.984268 ], [ -75.117557, 39.984301 ], [ -75.117671, 39.984405 ], [ -75.117957, 39.984657 ], [ -75.118198, 39.98486 ], [ -75.11872, 39.985282 ], [ -75.119003, 39.985511 ], [ -75.119476, 39.985891 ], [ -75.119711, 39.986082 ], [ -75.119949, 39.986271 ], [ -75.120189, 39.986459 ], [ -75.120432, 39.986644 ], [ -75.120561, 39.986737 ], [ -75.120682, 39.986824 ], [ -75.121187, 39.987181 ], [ -75.121435, 39.987362 ], [ -75.121677, 39.987548 ], [ -75.121703, 39.987571 ], [ -75.121907, 39.987742 ], [ -75.122135, 39.987939 ], [ -75.122359, 39.988138 ], [ -75.122581, 39.988337 ], [ -75.124722, 39.990257 ], [ -75.126731, 39.991945 ], [ -75.126915, 39.991834 ], [ -75.127111, 39.991716 ], [ -75.126829, 39.991403 ], [ -75.126709, 39.9913 ], [ -75.126243, 39.990867 ], [ -75.126191, 39.990813 ], [ -75.125998, 39.99064 ], [ -75.126075, 39.990642 ], [ -75.126952, 39.99076 ], [ -75.127031, 39.990386 ], [ -75.128975, 39.99064 ], [ -75.128906, 39.990979 ], [ -75.12986, 39.99111 ], [ -75.130822, 39.991237 ], [ -75.130787, 39.991397 ] ] ] } },
{ "type": "Feature", "properties": { "ZCTA5CE20": "19135", "TFID": 216590136, "STATEFP20": "42", "COUNTYFP20": "101", "TRACTCE20": "038100", "BLKGRPCE20": "1", "BLOCKCE20": "1056", "SUFFIX1CE": null, "UACE20": "69076", "PUMACE20": "03223", "STATEFP": "42", "COUNTYFP": "101", "TRACTCE": "038100", "BLKGRPCE": "1", "COUSUBFP": "60000", "SUBMCDFP": null, "ESTATEFP": null, "CONCTYFP": null, "PLACEFP": "60000", "AIANNHFP": null, "AIANNHCE": null, "COMPTYP": null, "TRSUBFP": null, "TRSUBCE": null, "ANRCFP": null, "TTRACTCE": null, "TBLKGPCE": null, "ELSDLEA": null, "SCSDLEA": null, "UNSDLEA": "18990", "SDADMLEA": null, "CD118FP": "02", "SLDUST": "005", "SLDLST": "177", "CSAFP": "428", "CBSAFP": "37980", "METDIVFP": "37964", "LWFLAG": "L", "OFFSET": "N", "ATOTAL": 10646, "INTPTLAT": "+40.0151052", "INTPTLON": "-75.0546019", "DP04_DP04_0001E_x": "14323", "DP04_DP04_0002E_x": "13323", "DP04_DP04_0003E_x": "1000", "DP04_DP04_0089E_x": "182900", "DP04_DP04_0126E_x": "4814", "DP04_DP04_0134E_x": "1197", "DP04_DP04_0001E_y": "14323", "DP04_DP04_0002E_y": "13323", "DP04_DP04_0003E_y": "1000", "DP04_DP04_0089E_y": "182900", "DP04_DP04_0126E_y": "4814", "DP04_DP04_0134E_y": "1197", "DP03_DP03_0002E": "16170", "DP03_DP03_0007E": "8342", "DP03_DP03_0062E": "51817", "DP03_DP03_0063E": "72681", "DP03_DP03_0064E": "10237", "DP03_DP03_0086E": "54336", "DP03_DP03_0087E": "75730", "DP03_DP03_0088E": "27580", "DP03_DP03_0119PE": "23.9", "DP02_DP02_0001E": "13323", "DP02_DP02_0016E": "2.57", "DP02_DP02_0017E": "3.23", "DP02_DP02_0053E": "9774", "DP02_DP02_0059E": "21696", "DP02_DP02_0067E": "17717", "DP02_DP02_0068E": "3420", "DP1_DP1_0001C": "35422", "DP1_DP1_0025C": "17026", "DP1_DP1_0049C": "18396", "DP1_DP1_0076C": "35422", "DP1_DP1_0084C": "3462" }, "geometry": { "type": "Polygon", "coordinates": [ [ [ -75.06421, 40.01004 ], [ -75.063808, 40.010176 ], [ -75.06348, 40.010299 ], [ -75.062884, 40.010561 ], [ -75.062222, 40.010899 ], [ -75.061737, 40.011164 ], [ -75.061308, 40.0114 ], [ -75.061166, 40.011481 ], [ -75.06028, 40.011985 ], [ -75.058781, 40.012808 ], [ -75.059285, 40.013387 ], [ -75.059719, 40.01325 ], [ -75.060351, 40.013048 ], [ -75.060668, 40.01295 ], [ -75.06099, 40.012857 ], [ -75.061313, 40.01277 ], [ -75.061339, 40.012764 ], [ -75.061413, 40.013284 ], [ -75.0619, 40.013838 ], [ -75.06206, 40.014021 ], [ -75.061803, 40.01416 ], [ -75.062261, 40.014673 ], [ -75.062519, 40.014542 ], [ -75.062915, 40.015002 ], [ -75.063385, 40.01552 ], [ -75.064312, 40.016585 ], [ -75.064004, 40.016749 ], [ -75.064787, 40.01768 ], [ -75.064868, 40.017777 ], [ -75.064931, 40.017852 ], [ -75.065292, 40.018265 ], [ -75.065727, 40.018778 ], [ -75.065767, 40.018821 ], [ -75.066005, 40.019076 ], [ -75.065805, 40.019178 ], [ -75.066527, 40.019765 ], [ -75.066644, 40.01986 ], [ -75.066712, 40.019916 ], [ -75.067212, 40.020327 ], [ -75.067708, 40.020736 ], [ -75.067576, 40.020808 ], [ -75.067607, 40.020847 ], [ -75.067876, 40.021184 ], [ -75.068106, 40.02107 ], [ -75.068189, 40.021012 ], [ -75.068274, 40.021109 ], [ -75.068516, 40.021385 ], [ -75.068623, 40.021514 ], [ -75.069087, 40.021904 ], [ -75.069764, 40.022387 ], [ -75.070197, 40.022724 ], [ -75.071231, 40.023571 ], [ -75.073332, 40.025289 ], [ -75.073364, 40.025369 ], [ -75.074782, 40.026556 ], [ -75.072942, 40.028498 ], [ -75.074033, 40.029117 ], [ -75.073733, 40.029784 ], [ -75.071065, 40.028306 ], [ -75.067957, 40.026583 ], [ -75.06709, 40.026776 ], [ -75.065403, 40.027033 ], [ -75.065108, 40.027073 ], [ -75.064911, 40.02717 ], [ -75.06487, 40.027248 ], [ -75.064616, 40.027514 ], [ -75.06432, 40.027822 ], [ -75.064004, 40.028165 ], [ -75.063146, 40.027701 ], [ -75.063041, 40.027547 ], [ -75.062924, 40.027371 ], [ -75.062644, 40.027409 ], [ -75.062567, 40.02742 ], [ -75.062526, 40.027425 ], [ -75.062394, 40.027444 ], [ -75.062391, 40.027584 ], [ -75.062388, 40.027701 ], [ -75.062426, 40.027979 ], [ -75.062486, 40.028284 ], [ -75.061782, 40.027904 ], [ -75.061597, 40.028094 ], [ -75.061538, 40.028025 ], [ -75.060717, 40.02814 ], [ -75.060606, 40.028169 ], [ -75.06048, 40.028098 ], [ -75.060274, 40.027972 ], [ -75.059982, 40.027793 ], [ -75.059227, 40.027909 ], [ -75.058958, 40.028262 ], [ -75.058822, 40.028413 ], [ -75.058407, 40.028849 ], [ -75.05795, 40.028592 ], [ -75.057871, 40.02852 ], [ -75.057871, 40.028689 ], [ -75.058184, 40.029228 ], [ -75.058209, 40.029202 ], [ -75.059306, 40.029802 ], [ -75.058716, 40.030418 ], [ -75.058176, 40.030119 ], [ -75.057874, 40.030454 ], [ -75.057231, 40.030094 ], [ -75.056692, 40.029796 ], [ -75.056614, 40.029868 ], [ -75.056359, 40.030109 ], [ -75.056039, 40.030432 ], [ -75.055416, 40.030086 ], [ -75.05527, 40.03022 ], [ -75.0548, 40.030642 ], [ -75.055299, 40.030919 ], [ -75.055216, 40.031019 ], [ -75.054996, 40.031255 ], [ -75.054866, 40.031182 ], [ -75.054584, 40.031385 ], [ -75.054514, 40.031436 ], [ -75.054422, 40.031503 ], [ -75.054147, 40.031705 ], [ -75.05385, 40.032029 ], [ -75.053249, 40.0317 ], [ -75.053179, 40.031782 ], [ -75.052998, 40.03193 ], [ -75.052662, 40.032319 ], [ -75.052075, 40.032932 ], [ -75.050972, 40.032324 ], [ -75.04991, 40.03261 ], [ -75.048701, 40.032945 ], [ -75.048574, 40.032982 ], [ -75.047718, 40.033301 ], [ -75.04677, 40.033683 ], [ -75.046854, 40.033757 ], [ -75.047056, 40.03387 ], [ -75.046951, 40.034002 ], [ -75.046724, 40.03424 ], [ -75.046669, 40.03421 ], [ -75.046344, 40.034388 ], [ -75.046312, 40.03437 ], [ -75.046234, 40.034418 ], [ -75.046127, 40.034483 ], [ -75.04541, 40.034911 ], [ -75.045292, 40.034982 ], [ -75.044546, 40.035371 ], [ -75.044436, 40.035428 ], [ -75.043773, 40.035771 ], [ -75.043687, 40.035816 ], [ -75.04354, 40.035893 ], [ -75.043, 40.03618 ], [ -75.042909, 40.036226 ], [ -75.042808, 40.036278 ], [ -75.04248, 40.03645 ], [ -75.042323, 40.036613 ], [ -75.042283, 40.036591 ], [ -75.042257, 40.036609 ], [ -75.04219, 40.036629 ], [ -75.042069, 40.036665 ], [ -75.041782, 40.036945 ], [ -75.041692, 40.036894 ], [ -75.041488, 40.037119 ], [ -75.04086, 40.036757 ], [ -75.040447, 40.036539 ], [ -75.04034, 40.036458 ], [ -75.040199, 40.036562 ], [ -75.039923, 40.036699 ], [ -75.039055, 40.035706 ], [ -75.039014, 40.035639 ], [ -75.038978, 40.03558 ], [ -75.038179, 40.034671 ], [ -75.03813, 40.034608 ], [ -75.038021, 40.034471 ], [ -75.037561, 40.033953 ], [ -75.037295, 40.033651 ], [ -75.037277, 40.033555 ], [ -75.037261, 40.03347 ], [ -75.036967, 40.033135 ], [ -75.036477, 40.032573 ], [ -75.036421, 40.032506 ], [ -75.03633, 40.032396 ], [ -75.035479, 40.031436 ], [ -75.035203, 40.031114 ], [ -75.035737, 40.030824 ], [ -75.035625, 40.030679 ], [ -75.03517, 40.030116 ], [ -75.035098, 40.030042 ], [ -75.034748, 40.029591 ], [ -75.034354, 40.029096 ], [ -75.03394, 40.028561 ], [ -75.033525, 40.028031 ], [ -75.033107, 40.027501 ], [ -75.032752, 40.02705 ], [ -75.032384, 40.026586 ], [ -75.032077, 40.026197 ], [ -75.031708, 40.025745 ], [ -75.031633, 40.025676 ], [ -75.031325, 40.02528 ], [ -75.031167, 40.025082 ], [ -75.031128, 40.024987 ], [ -75.03099, 40.024823 ], [ -75.030892, 40.024702 ], [ -75.03086, 40.024651 ], [ -75.03082, 40.024565 ], [ -75.030804, 40.024498 ], [ -75.0308, 40.024423 ], [ -75.030846, 40.024403 ], [ -75.031396, 40.024203 ], [ -75.031852, 40.024052 ], [ -75.032131, 40.023966 ], [ -75.032411, 40.023895 ], [ -75.033031, 40.023742 ], [ -75.033809, 40.023545 ], [ -75.034675, 40.023324 ], [ -75.034612, 40.023177 ], [ -75.03458, 40.023103 ], [ -75.034484, 40.022882 ], [ -75.034472, 40.022807 ], [ -75.03443, 40.022725 ], [ -75.034147, 40.022351 ], [ -75.033808, 40.021905 ], [ -75.033178, 40.021024 ], [ -75.032296, 40.020292 ], [ -75.032168, 40.020118 ], [ -75.032072, 40.020119 ], [ -75.032001, 40.020105 ], [ -75.031965, 40.020049 ], [ -75.030583, 40.016194 ], [ -75.030938, 40.016092 ], [ -75.031371, 40.015976 ], [ -75.031914, 40.015831 ], [ -75.034216, 40.015219 ], [ -75.035207, 40.01488 ], [ -75.038287, 40.013831 ], [ -75.038389, 40.013793 ], [ -75.041267, 40.012714 ], [ -75.042889, 40.012032 ], [ -75.04297, 40.011998 ], [ -75.04305, 40.011964 ], [ -75.043229, 40.011889 ], [ -75.044878, 40.011196 ], [ -75.04709, 40.009941 ], [ -75.047118, 40.009912 ], [ -75.049902, 40.007217 ], [ -75.052225, 40.00546 ], [ -75.054949, 40.008793 ], [ -75.055416, 40.009144 ], [ -75.058447, 40.012425 ], [ -75.059796, 40.011626 ], [ -75.05982, 40.011613 ], [ -75.06065, 40.011114 ], [ -75.061805, 40.010439 ], [ -75.062217, 40.010217 ], [ -75.062474, 40.010132 ], [ -75.064198, 40.009612 ], [ -75.064278, 40.009813 ], [ -75.064347, 40.009981 ], [ -75.06421, 40.01004 ] ] ] } },
{ "type": "Feature", "properties": { "ZCTA5CE20": "19136", "TFID": 266767572, "STATEFP20": "42", "COUNTYFP20": "101", "TRACTCE20": "038100", "BLKGRPCE20": "1", "BLOCKCE20": "1000", "SUFFIX1CE": null, "UACE20": "69076", "PUMACE20": "03223", "STATEFP": "42", "COUNTYFP": "101", "TRACTCE": "038100", "BLKGRPCE": "1", "COUSUBFP": "60000", "SUBMCDFP": null, "ESTATEFP": null, "CONCTYFP": null, "PLACEFP": "60000", "AIANNHFP": null, "AIANNHCE": null, "COMPTYP": null, "TRSUBFP": null, "TRSUBCE": null, "ANRCFP": null, "TTRACTCE": null, "TBLKGPCE": null, "ELSDLEA": null, "SCSDLEA": null, "UNSDLEA": "18990", "SDADMLEA": null, "CD118FP": "02", "SLDUST": "005", "SLDLST": "173", "CSAFP": "428", "CBSAFP": "37980", "METDIVFP": "37964", "LWFLAG": "P", "OFFSET": "N", "ATOTAL": 1982, "INTPTLAT": "+40.0336067", "INTPTLON": "-75.0190005", "DP04_DP04_0001E_x": "13841", "DP04_DP04_0002E_x": "13269", "DP04_DP04_0003E_x": "572", "DP04_DP04_0089E_x": "215000", "DP04_DP04_0126E_x": "5215", "DP04_DP04_0134E_x": "1200", "DP04_DP04_0001E_y": "13841", "DP04_DP04_0002E_y": "13269", "DP04_DP04_0003E_y": "572", "DP04_DP04_0089E_y": "215000", "DP04_DP04_0126E_y": "5215", "DP04_DP04_0134E_y": "1200", "DP03_DP03_0002E": "16405", "DP03_DP03_0007E": "11542", "DP03_DP03_0062E": "65499", "DP03_DP03_0063E": "81943", "DP03_DP03_0064E": "10333", "DP03_DP03_0086E": "76617", "DP03_DP03_0087E": "89579", "DP03_DP03_0088E": "30519", "DP03_DP03_0119PE": "15.0", "DP02_DP02_0001E": "13269", "DP02_DP02_0016E": "2.57", "DP02_DP02_0017E": "3.17", "DP02_DP02_0053E": "8833", "DP02_DP02_0059E": "23648", "DP02_DP02_0067E": "20669", "DP02_DP02_0068E": "5600", "DP1_DP1_0001C": "39151", "DP1_DP1_0025C": "20518", "DP1_DP1_0049C": "18633", "DP1_DP1_0076C": "39151", "DP1_DP1_0084C": "3048" }, "geometry": { "type": "Polygon", "coordinates": [ [ [ -75.037261, 40.03347 ], [ -75.037277, 40.033555 ], [ -75.037295, 40.033651 ], [ -75.037561, 40.033953 ], [ -75.038021, 40.034471 ], [ -75.03813, 40.034608 ], [ -75.038179, 40.034671 ], [ -75.038978, 40.03558 ], [ -75.039014, 40.035639 ], [ -75.039055, 40.035706 ], [ -75.039923, 40.036699 ], [ -75.040199, 40.036562 ], [ -75.04034, 40.036458 ], [ -75.040447, 40.036539 ], [ -75.04086, 40.036757 ], [ -75.040667, 40.036834 ], [ -75.040594, 40.036859 ], [ -75.041692, 40.038218 ], [ -75.042089, 40.037983 ], [ -75.04221, 40.038051 ], [ -75.042571, 40.038256 ], [ -75.043218, 40.038622 ], [ -75.043635, 40.038859 ], [ -75.043762, 40.038915 ], [ -75.0439, 40.038977 ], [ -75.043936, 40.039021 ], [ -75.044587, 40.039412 ], [ -75.044945, 40.039629 ], [ -75.044604, 40.039988 ], [ -75.045111, 40.039868 ], [ -75.045514, 40.039769 ], [ -75.045584, 40.039891 ], [ -75.045943, 40.040255 ], [ -75.046655, 40.040634 ], [ -75.047074, 40.040873 ], [ -75.046794, 40.04117 ], [ -75.046743, 40.041224 ], [ -75.046204, 40.041796 ], [ -75.045629, 40.042396 ], [ -75.04514, 40.042923 ], [ -75.045092, 40.042965 ], [ -75.044877, 40.043079 ], [ -75.044973, 40.043403 ], [ -75.045063, 40.043756 ], [ -75.045201, 40.044354 ], [ -75.045272, 40.044952 ], [ -75.045294, 40.045213 ], [ -75.045312, 40.045643 ], [ -75.045269, 40.046509 ], [ -75.045239, 40.04711 ], [ -75.045233, 40.047207 ], [ -75.045149, 40.048854 ], [ -75.042279, 40.049992 ], [ -75.042076, 40.050103 ], [ -75.041934, 40.050201 ], [ -75.041778, 40.050361 ], [ -75.041627, 40.050579 ], [ -75.04153, 40.050819 ], [ -75.041498, 40.051024 ], [ -75.041521, 40.051294 ], [ -75.041526, 40.051526 ], [ -75.041515, 40.051762 ], [ -75.04132, 40.051996 ], [ -75.040247, 40.053158 ], [ -75.040052, 40.053432 ], [ -75.039996, 40.053615 ], [ -75.039998, 40.053736 ], [ -75.040027, 40.053894 ], [ -75.040059, 40.054079 ], [ -75.040039, 40.054247 ], [ -75.040002, 40.054412 ], [ -75.039449, 40.055286 ], [ -75.038845, 40.056224 ], [ -75.038719, 40.056435 ], [ -75.038658, 40.056708 ], [ -75.038588, 40.057694 ], [ -75.038591, 40.057711 ], [ -75.038649, 40.058406 ], [ -75.038576, 40.058405 ], [ -75.038249, 40.058376 ], [ -75.037834, 40.058287 ], [ -75.03689, 40.058051 ], [ -75.036476, 40.057904 ], [ -75.036368, 40.057865 ], [ -75.036215, 40.057811 ], [ -75.035655, 40.057612 ], [ -75.035529, 40.057532 ], [ -75.035205, 40.057387 ], [ -75.035062, 40.057327 ], [ -75.034947, 40.057278 ], [ -75.03433, 40.057067 ], [ -75.033954, 40.05695 ], [ -75.033734, 40.056884 ], [ -75.033478, 40.056827 ], [ -75.033168, 40.056768 ], [ -75.032935, 40.056732 ], [ -75.032781, 40.056723 ], [ -75.031092, 40.056573 ], [ -75.029032, 40.056399 ], [ -75.029048, 40.056477 ], [ -75.029036, 40.056561 ], [ -75.029019, 40.056617 ], [ -75.028968, 40.056667 ], [ -75.028904, 40.056708 ], [ -75.028829, 40.056751 ], [ -75.028756, 40.056781 ], [ -75.028668, 40.056781 ], [ -75.028579, 40.056769 ], [ -75.028473, 40.056752 ], [ -75.028397, 40.056728 ], [ -75.028098, 40.057032 ], [ -75.027482, 40.057642 ], [ -75.026864, 40.058255 ], [ -75.026338, 40.058776 ], [ -75.024818, 40.060286 ], [ -75.024845, 40.060925 ], [ -75.024866, 40.061451 ], [ -75.024878, 40.061714 ], [ -75.024899, 40.06224 ], [ -75.024906, 40.062504 ], [ -75.024914, 40.0627 ], [ -75.024915, 40.062767 ], [ -75.024926, 40.06303 ], [ -75.024941, 40.063293 ], [ -75.02496, 40.063556 ], [ -75.024985, 40.063818 ], [ -75.025017, 40.064081 ], [ -75.025055, 40.064343 ], [ -75.025101, 40.064604 ], [ -75.025142, 40.06479 ], [ -75.025158, 40.064863 ], [ -75.025228, 40.06512 ], [ -75.025318, 40.065374 ], [ -75.025427, 40.065647 ], [ -75.025331, 40.065589 ], [ -75.024226, 40.064932 ], [ -75.022657, 40.063998 ], [ -75.022563, 40.063927 ], [ -75.022388, 40.063772 ], [ -75.022326, 40.063682 ], [ -75.022253, 40.063581 ], [ -75.022217, 40.06352 ], [ -75.021707, 40.063392 ], [ -75.021839, 40.063259 ], [ -75.021992, 40.063113 ], [ -75.021465, 40.062111 ], [ -75.021402, 40.061991 ], [ -75.021306, 40.061838 ], [ -75.021185, 40.061691 ], [ -75.021052, 40.061566 ], [ -75.020734, 40.061351 ], [ -75.020622, 40.061282 ], [ -75.020575, 40.061252 ], [ -75.019815, 40.060783 ], [ -75.018393, 40.059928 ], [ -75.01764, 40.059475 ], [ -75.017075, 40.0591 ], [ -75.015829, 40.058316 ], [ -75.014444, 40.057424 ], [ -75.014167, 40.057236 ], [ -75.013368, 40.056717 ], [ -75.013138, 40.056628 ], [ -75.012828, 40.056404 ], [ -75.012734, 40.056295 ], [ -75.010874, 40.055084 ], [ -75.010143, 40.054607 ], [ -75.009212, 40.053999 ], [ -75.008779, 40.05365 ], [ -75.008527, 40.053538 ], [ -75.008464, 40.053112 ], [ -75.008375, 40.052778 ], [ -75.007886, 40.052381 ], [ -75.006162, 40.050843 ], [ -75.005768, 40.050559 ], [ -75.005266, 40.050235 ], [ -75.004762, 40.049971 ], [ -75.004419, 40.049806 ], [ -75.004153, 40.049691 ], [ -75.003868, 40.049575 ], [ -75.003293, 40.049368 ], [ -75.002851, 40.049247 ], [ -75.002735, 40.049215 ], [ -75.002422, 40.049124 ], [ -75.002142, 40.049056 ], [ -75.002014, 40.049024 ], [ -75.001474, 40.04939 ], [ -75.001177, 40.049591 ], [ -75.000021, 40.050355 ], [ -74.999877, 40.050402 ], [ -74.999792, 40.050364 ], [ -74.999222, 40.049861 ], [ -74.998618, 40.049318 ], [ -74.998153, 40.048905 ], [ -74.998092, 40.04885 ], [ -74.997859, 40.048645 ], [ -74.997627, 40.048439 ], [ -74.997292, 40.048152 ], [ -74.99714, 40.048017 ], [ -74.996799, 40.047677 ], [ -74.996654, 40.04754 ], [ -74.99627, 40.047202 ], [ -74.9954, 40.046438 ], [ -74.994721, 40.04584 ], [ -74.9941, 40.045297 ], [ -74.993823, 40.045044 ], [ -74.993487, 40.044759 ], [ -74.993203, 40.044494 ], [ -74.992878, 40.044209 ], [ -74.992269, 40.043675 ], [ -74.991657, 40.043131 ], [ -74.990976, 40.042526 ], [ -74.990941, 40.042515 ], [ -74.990605, 40.042372 ], [ -74.990302, 40.042377 ], [ -74.986573, 40.038958 ], [ -74.987641, 40.038186 ], [ -74.990068, 40.036435 ], [ -74.994093, 40.033413 ], [ -74.995296, 40.032566 ], [ -74.996197, 40.031934 ], [ -74.997114, 40.031288 ], [ -74.998165, 40.030512 ], [ -75.000617, 40.0287 ], [ -75.00198, 40.027982 ], [ -75.00335, 40.027261 ], [ -75.003853, 40.026996 ], [ -75.010369, 40.022491 ], [ -75.012421, 40.020925 ], [ -75.013237, 40.020303 ], [ -75.013776, 40.020166 ], [ -75.015221, 40.019801 ], [ -75.016671, 40.019434 ], [ -75.019645, 40.018436 ], [ -75.01999, 40.018389 ], [ -75.021116, 40.018234 ], [ -75.021211, 40.018222 ], [ -75.022647, 40.018024 ], [ -75.024072, 40.017829 ], [ -75.0275, 40.017079 ], [ -75.0298, 40.016419 ], [ -75.030583, 40.016194 ], [ -75.031965, 40.020049 ], [ -75.032001, 40.020105 ], [ -75.032072, 40.020119 ], [ -75.032168, 40.020118 ], [ -75.032296, 40.020292 ], [ -75.033178, 40.021024 ], [ -75.033808, 40.021905 ], [ -75.034147, 40.022351 ], [ -75.03443, 40.022725 ], [ -75.034472, 40.022807 ], [ -75.034484, 40.022882 ], [ -75.03458, 40.023103 ], [ -75.034612, 40.023177 ], [ -75.034675, 40.023324 ], [ -75.033809, 40.023545 ], [ -75.033031, 40.023742 ], [ -75.032411, 40.023895 ], [ -75.032131, 40.023966 ], [ -75.031852, 40.024052 ], [ -75.031396, 40.024203 ], [ -75.030846, 40.024403 ], [ -75.0308, 40.024423 ], [ -75.030804, 40.024498 ], [ -75.03082, 40.024565 ], [ -75.03086, 40.024651 ], [ -75.030892, 40.024702 ], [ -75.03099, 40.024823 ], [ -75.031128, 40.024987 ], [ -75.031167, 40.025082 ], [ -75.031325, 40.02528 ], [ -75.031633, 40.025676 ], [ -75.031708, 40.025745 ], [ -75.032077, 40.026197 ], [ -75.032384, 40.026586 ], [ -75.032752, 40.02705 ], [ -75.033107, 40.027501 ], [ -75.033525, 40.028031 ], [ -75.03394, 40.028561 ], [ -75.034354, 40.029096 ], [ -75.034748, 40.029591 ], [ -75.035098, 40.030042 ], [ -75.03517, 40.030116 ], [ -75.035625, 40.030679 ], [ -75.035737, 40.030824 ], [ -75.035203, 40.031114 ], [ -75.035479, 40.031436 ], [ -75.03633, 40.032396 ], [ -75.036421, 40.032506 ], [ -75.036477, 40.032573 ], [ -75.036967, 40.033135 ], [ -75.037261, 40.03347 ] ] ] } },
{ "type": "Feature", "properties": { "ZCTA5CE20": "19137", "TFID": 265678384, "STATEFP20": "42", "COUNTYFP20": "101", "TRACTCE20": "018400", "BLKGRPCE20": "2", "BLOCKCE20": "2028", "SUFFIX1CE": null, "UACE20": "69076", "PUMACE20": "03228", "STATEFP": "42", "COUNTYFP": "101", "TRACTCE": "018400", "BLKGRPCE": "2", "COUSUBFP": "60000", "SUBMCDFP": null, "ESTATEFP": null, "CONCTYFP": null, "PLACEFP": "60000", "AIANNHFP": null, "AIANNHCE": null, "COMPTYP": null, "TRSUBFP": null, "TRSUBCE": null, "ANRCFP": null, "TTRACTCE": null, "TBLKGPCE": null, "ELSDLEA": null, "SCSDLEA": null, "UNSDLEA": "18990", "SDADMLEA": null, "CD118FP": "02", "SLDUST": "002", "SLDLST": "177", "CSAFP": "428", "CBSAFP": "37980", "METDIVFP": "37964", "LWFLAG": "L", "OFFSET": "N", "ATOTAL": 33480, "INTPTLAT": "+39.9957289", "INTPTLON": "-75.0642611", "DP04_DP04_0001E_x": "3485", "DP04_DP04_0002E_x": "3129", "DP04_DP04_0003E_x": "356", "DP04_DP04_0089E_x": "212700", "DP04_DP04_0126E_x": "399", "DP04_DP04_0134E_x": "1205", "DP04_DP04_0001E_y": "3485", "DP04_DP04_0002E_y": "3129", "DP04_DP04_0003E_y": "356", "DP04_DP04_0089E_y": "212700", "DP04_DP04_0126E_y": "399", "DP04_DP04_0134E_y": "1205", "DP03_DP03_0002E": "3810", "DP03_DP03_0007E": "2443", "DP03_DP03_0062E": "64401", "DP03_DP03_0063E": "83631", "DP03_DP03_0064E": "2292", "DP03_DP03_0086E": "76285", "DP03_DP03_0087E": "95441", "DP03_DP03_0088E": "32926", "DP03_DP03_0119PE": "11.0", "DP02_DP02_0001E": "3129", "DP02_DP02_0016E": "2.52", "DP02_DP02_0017E": "3.03", "DP02_DP02_0053E": "1816", "DP02_DP02_0059E": "5491", "DP02_DP02_0067E": "4789", "DP02_DP02_0068E": "1350", "DP1_DP1_0001C": "8682", "DP1_DP1_0025C": "4349", "DP1_DP1_0049C": "4333", "DP1_DP1_0076C": "8682", "DP1_DP1_0084C": "535" }, "geometry": { "type": "Polygon", "coordinates": [ [ [ -75.093417, 39.977167 ], [ -75.09488, 39.979032 ], [ -75.094676, 39.97907 ], [ -75.094426, 39.979115 ], [ -75.093672, 39.979271 ], [ -75.093026, 39.979401 ], [ -75.092992, 39.979405 ], [ -75.092694, 39.979439 ], [ -75.092339, 39.979477 ], [ -75.09194, 39.979514 ], [ -75.091673, 39.979565 ], [ -75.091449, 39.979607 ], [ -75.091038, 39.979719 ], [ -75.090605, 39.979888 ], [ -75.090378, 39.979972 ], [ -75.089827, 39.980176 ], [ -75.088937, 39.980437 ], [ -75.086224, 39.981177 ], [ -75.083781, 39.982458 ], [ -75.084813, 39.983594 ], [ -75.084834, 39.98362 ], [ -75.087057, 39.986146 ], [ -75.08785, 39.98707 ], [ -75.088173, 39.987428 ], [ -75.088509, 39.987809 ], [ -75.088709, 39.988036 ], [ -75.088761, 39.988095 ], [ -75.088912, 39.988267 ], [ -75.088847, 39.988317 ], [ -75.088621, 39.988506 ], [ -75.089069, 39.989015 ], [ -75.089411, 39.988833 ], [ -75.089616, 39.989064 ], [ -75.090173, 39.989693 ], [ -75.090735, 39.990329 ], [ -75.091216, 39.99088 ], [ -75.088782, 39.992153 ], [ -75.088991, 39.992391 ], [ -75.089702, 39.993217 ], [ -75.090147, 39.993722 ], [ -75.09052, 39.994142 ], [ -75.091471, 39.995216 ], [ -75.092136, 39.994995 ], [ -75.092706, 39.995078 ], [ -75.093081, 39.995363 ], [ -75.094523, 39.994603 ], [ -75.094607, 39.9947 ], [ -75.095557, 39.995796 ], [ -75.094241, 39.996493 ], [ -75.094778, 39.997297 ], [ -75.094819, 39.998197 ], [ -75.095191, 39.998443 ], [ -75.095246, 39.998413 ], [ -75.097066, 39.997518 ], [ -75.097262, 39.997719 ], [ -75.097949, 39.998496 ], [ -75.098423, 39.999068 ], [ -75.096184, 40.000241 ], [ -75.095039, 39.999165 ], [ -75.09482, 39.99935 ], [ -75.093859, 40.000376 ], [ -75.093609, 40.000644 ], [ -75.093347, 40.000589 ], [ -75.093206, 40.00056 ], [ -75.089517, 40.003663 ], [ -75.089497, 40.003679 ], [ -75.089465, 40.003717 ], [ -75.08936, 40.003674 ], [ -75.089127, 40.003574 ], [ -75.0891, 40.003593 ], [ -75.089158, 40.003649 ], [ -75.089218, 40.003693 ], [ -75.089158, 40.003709 ], [ -75.089051, 40.003676 ], [ -75.088962, 40.003668 ], [ -75.088862, 40.003615 ], [ -75.088711, 40.003541 ], [ -75.088613, 40.003474 ], [ -75.088501, 40.003373 ], [ -75.088405, 40.003267 ], [ -75.088299, 40.003173 ], [ -75.088196, 40.003089 ], [ -75.088108, 40.002977 ], [ -75.088068, 40.002885 ], [ -75.088047, 40.002793 ], [ -75.088032, 40.002722 ], [ -75.087995, 40.002654 ], [ -75.087933, 40.002547 ], [ -75.087872, 40.002422 ], [ -75.087817, 40.002347 ], [ -75.087785, 40.002262 ], [ -75.08775, 40.002189 ], [ -75.087728, 40.002092 ], [ -75.0877, 40.001998 ], [ -75.087681, 40.001875 ], [ -75.087677, 40.001775 ], [ -75.087692, 40.001709 ], [ -75.087713, 40.001667 ], [ -75.087708, 40.001599 ], [ -75.087697, 40.001546 ], [ -75.087692, 40.001487 ], [ -75.08768, 40.001258 ], [ -75.087672, 40.001142 ], [ -75.087659, 40.001037 ], [ -75.087649, 40.000916 ], [ -75.087658, 40.000676 ], [ -75.087637, 40.000549 ], [ -75.087593, 40.000304 ], [ -75.08757, 40.000198 ], [ -75.087507, 40.000073 ], [ -75.087438, 39.999961 ], [ -75.08734, 39.999822 ], [ -75.087289, 39.999734 ], [ -75.087255, 39.999679 ], [ -75.087184, 39.9996 ], [ -75.087098, 39.99948 ], [ -75.08701, 39.999383 ], [ -75.08684, 39.999187 ], [ -75.086709, 39.999051 ], [ -75.086625, 39.998974 ], [ -75.086571, 39.998907 ], [ -75.086448, 39.998971 ], [ -75.08637, 39.998895 ], [ -75.085903, 39.998444 ], [ -75.085485, 39.998094 ], [ -75.085267, 39.997911 ], [ -75.084716, 39.997509 ], [ -75.084434, 39.997337 ], [ -75.084262, 39.997208 ], [ -75.084142, 39.997118 ], [ -75.083953, 39.996961 ], [ -75.08388, 39.996899 ], [ -75.083704, 39.996753 ], [ -75.083346, 39.99641 ], [ -75.083016, 39.996063 ], [ -75.082901, 39.99622 ], [ -75.082687, 39.996513 ], [ -75.082647, 39.996569 ], [ -75.082607, 39.996623 ], [ -75.0824, 39.996904 ], [ -75.082259, 39.997097 ], [ -75.082065, 39.997367 ], [ -75.081952, 39.997523 ], [ -75.08123, 39.998536 ], [ -75.08055, 39.99949 ], [ -75.079466, 40.000896 ], [ -75.079355, 40.001052 ], [ -75.078992, 40.001548 ], [ -75.078792, 40.001837 ], [ -75.078579, 40.002125 ], [ -75.078393, 40.002406 ], [ -75.077385, 40.003636 ], [ -75.077416, 40.003739 ], [ -75.077423, 40.003761 ], [ -75.077446, 40.003928 ], [ -75.077476, 40.004139 ], [ -75.077505, 40.004277 ], [ -75.077666, 40.004275 ], [ -75.077946, 40.004239 ], [ -75.078037, 40.004642 ], [ -75.078116, 40.004994 ], [ -75.078185, 40.004985 ], [ -75.078246, 40.005259 ], [ -75.078257, 40.005317 ], [ -75.078271, 40.005395 ], [ -75.07821, 40.005403 ], [ -75.078331, 40.005945 ], [ -75.078343, 40.006003 ], [ -75.078466, 40.006621 ], [ -75.078478, 40.006678 ], [ -75.078553, 40.007034 ], [ -75.078122, 40.00708 ], [ -75.078194, 40.007411 ], [ -75.078654, 40.007348 ], [ -75.078775, 40.007949 ], [ -75.078823, 40.007943 ], [ -75.07886, 40.008092 ], [ -75.078917, 40.008184 ], [ -75.079003, 40.008261 ], [ -75.079112, 40.008317 ], [ -75.079241, 40.008389 ], [ -75.078448, 40.008586 ], [ -75.076514, 40.009065 ], [ -75.074409, 40.009585 ], [ -75.072371, 40.010089 ], [ -75.072308, 40.010105 ], [ -75.070777, 40.010485 ], [ -75.070581, 40.010533 ], [ -75.069508, 40.010798 ], [ -75.06785, 40.011208 ], [ -75.067523, 40.011286 ], [ -75.067197, 40.011365 ], [ -75.06575, 40.011711 ], [ -75.063581, 40.012231 ], [ -75.063274, 40.012304 ], [ -75.063084, 40.012348 ], [ -75.062609, 40.012458 ], [ -75.06229, 40.012532 ], [ -75.061963, 40.012609 ], [ -75.061637, 40.012688 ], [ -75.061339, 40.012764 ], [ -75.061313, 40.01277 ], [ -75.06099, 40.012857 ], [ -75.060668, 40.01295 ], [ -75.060351, 40.013048 ], [ -75.059719, 40.01325 ], [ -75.059285, 40.013387 ], [ -75.058781, 40.012808 ], [ -75.06028, 40.011985 ], [ -75.061166, 40.011481 ], [ -75.061308, 40.0114 ], [ -75.061737, 40.011164 ], [ -75.062222, 40.010899 ], [ -75.062884, 40.010561 ], [ -75.06348, 40.010299 ], [ -75.063808, 40.010176 ], [ -75.06421, 40.01004 ], [ -75.064347, 40.009981 ], [ -75.064278, 40.009813 ], [ -75.064198, 40.009612 ], [ -75.062474, 40.010132 ], [ -75.062217, 40.010217 ], [ -75.061805, 40.010439 ], [ -75.06065, 40.011114 ], [ -75.05982, 40.011613 ], [ -75.059796, 40.011626 ], [ -75.058447, 40.012425 ], [ -75.055416, 40.009144 ], [ -75.054949, 40.008793 ], [ -75.052225, 40.00546 ], [ -75.053405, 40.004568 ], [ -75.053712, 40.004078 ], [ -75.05403, 40.003572 ], [ -75.0567, 39.999331 ], [ -75.058089, 39.997404 ], [ -75.058502, 39.994801 ], [ -75.059135, 39.993332 ], [ -75.059647, 39.992145 ], [ -75.059913, 39.991529 ], [ -75.059947, 39.991451 ], [ -75.062064, 39.98865 ], [ -75.063955, 39.986299 ], [ -75.064175, 39.986027 ], [ -75.064627, 39.985631 ], [ -75.065334, 39.985009 ], [ -75.065652, 39.984728 ], [ -75.065703, 39.984683 ], [ -75.065748, 39.984643 ], [ -75.067069, 39.983483 ], [ -75.067578, 39.983117 ], [ -75.068593, 39.982388 ], [ -75.068802, 39.98224 ], [ -75.071264, 39.980493 ], [ -75.071506, 39.980357 ], [ -75.075605, 39.978041 ], [ -75.0802, 39.97702 ], [ -75.082461, 39.97625 ], [ -75.083031, 39.976056 ], [ -75.085831, 39.975102 ], [ -75.08714, 39.975009 ], [ -75.089658, 39.97483 ], [ -75.090861, 39.974744 ], [ -75.091452, 39.974662 ], [ -75.093417, 39.977167 ] ] ] } },
{ "type": "Feature", "properties": { "ZCTA5CE20": "19138", "TFID": 267660942, "STATEFP20": "42", "COUNTYFP20": "101", "TRACTCE20": "026400", "BLKGRPCE20": "3", "BLOCKCE20": "3010", "SUFFIX1CE": null, "UACE20": "69076", "PUMACE20": "03224", "STATEFP": "42", "COUNTYFP": "101", "TRACTCE": "026400", "BLKGRPCE": "3", "COUSUBFP": "60000", "SUBMCDFP": null, "ESTATEFP": null, "CONCTYFP": null, "PLACEFP": "60000", "AIANNHFP": null, "AIANNHCE": null, "COMPTYP": null, "TRSUBFP": null, "TRSUBCE": null, "ANRCFP": null, "TTRACTCE": null, "TBLKGPCE": null, "ELSDLEA": null, "SCSDLEA": null, "UNSDLEA": "18990", "SDADMLEA": null, "CD118FP": "03", "SLDUST": "004", "SLDLST": "200", "CSAFP": "428", "CBSAFP": "37980", "METDIVFP": "37964", "LWFLAG": "L", "OFFSET": "N", "ATOTAL": 6173, "INTPTLAT": "+40.0633344", "INTPTLON": "-75.1644977", "DP04_DP04_0001E_x": "13836", "DP04_DP04_0002E_x": "12823", "DP04_DP04_0003E_x": "1013", "DP04_DP04_0089E_x": "167300", "DP04_DP04_0126E_x": "4401", "DP04_DP04_0134E_x": "1172", "DP04_DP04_0001E_y": "13836", "DP04_DP04_0002E_y": "12823", "DP04_DP04_0003E_y": "1013", "DP04_DP04_0089E_y": "167300", "DP04_DP04_0126E_y": "4401", "DP04_DP04_0134E_y": "1172", "DP03_DP03_0002E": "15249", "DP03_DP03_0007E": "9442", "DP03_DP03_0062E": "51586", "DP03_DP03_0063E": "65880", "DP03_DP03_0064E": "9186", "DP03_DP03_0086E": "58411", "DP03_DP03_0087E": "74461", "DP03_DP03_0088E": "28203", "DP03_DP03_0119PE": "17.5", "DP02_DP02_0001E": "12823", "DP02_DP02_0016E": "2.44", "DP02_DP02_0017E": "3.22", "DP02_DP02_0053E": "7803", "DP02_DP02_0059E": "21420", "DP02_DP02_0067E": "18969", "DP02_DP02_0068E": "3844", "DP1_DP1_0001C": "31816", "DP1_DP1_0025C": "14003", "DP1_DP1_0049C": "17813", "DP1_DP1_0076C": "31816", "DP1_DP1_0084C": "1166" }, "geometry": { "type": "Polygon", "coordinates": [ [ [ -75.165385, 40.04581 ], [ -75.165789, 40.045402 ], [ -75.166069, 40.045575 ], [ -75.166383, 40.045771 ], [ -75.166452, 40.045819 ], [ -75.166516, 40.045865 ], [ -75.167226, 40.046306 ], [ -75.167306, 40.046342 ], [ -75.167385, 40.046378 ], [ -75.168082, 40.046807 ], [ -75.167967, 40.046917 ], [ -75.168019, 40.046954 ], [ -75.168073, 40.046992 ], [ -75.168408, 40.047202 ], [ -75.16858, 40.047269 ], [ -75.168631, 40.047305 ], [ -75.169148, 40.047666 ], [ -75.169779, 40.047059 ], [ -75.169795, 40.047095 ], [ -75.169912, 40.047343 ], [ -75.170017, 40.047593 ], [ -75.170327, 40.048347 ], [ -75.170604, 40.049029 ], [ -75.170714, 40.049097 ], [ -75.170884, 40.049199 ], [ -75.171095, 40.04933 ], [ -75.171445, 40.048984 ], [ -75.171667, 40.04913 ], [ -75.171591, 40.049203 ], [ -75.171986, 40.049451 ], [ -75.172182, 40.04926 ], [ -75.172658, 40.050059 ], [ -75.172888, 40.050431 ], [ -75.17326, 40.050667 ], [ -75.173884, 40.050058 ], [ -75.174782, 40.050621 ], [ -75.174593, 40.050808 ], [ -75.175115, 40.051143 ], [ -75.176356, 40.049943 ], [ -75.176758, 40.050201 ], [ -75.175152, 40.051809 ], [ -75.175261, 40.051883 ], [ -75.175804, 40.052241 ], [ -75.175287, 40.052765 ], [ -75.175131, 40.052896 ], [ -75.174929, 40.052985 ], [ -75.174336, 40.053555 ], [ -75.174276, 40.053643 ], [ -75.174141, 40.053844 ], [ -75.173837, 40.054153 ], [ -75.173836, 40.054263 ], [ -75.173807, 40.054235 ], [ -75.17368, 40.054309 ], [ -75.172694, 40.055269 ], [ -75.173008, 40.055458 ], [ -75.172751, 40.055714 ], [ -75.173116, 40.055937 ], [ -75.172275, 40.056758 ], [ -75.172101, 40.056793 ], [ -75.171772, 40.056579 ], [ -75.170328, 40.057954 ], [ -75.170246, 40.058022 ], [ -75.168932, 40.059296 ], [ -75.168857, 40.059352 ], [ -75.168775, 40.059413 ], [ -75.167834, 40.06033 ], [ -75.167487, 40.060706 ], [ -75.166968, 40.060413 ], [ -75.166657, 40.060734 ], [ -75.167111, 40.060991 ], [ -75.166413, 40.06172 ], [ -75.166333, 40.061802 ], [ -75.165355, 40.062803 ], [ -75.165209, 40.062955 ], [ -75.164304, 40.063896 ], [ -75.163786, 40.063711 ], [ -75.16344, 40.063595 ], [ -75.162923, 40.063409 ], [ -75.161432, 40.064982 ], [ -75.16216, 40.065401 ], [ -75.161911, 40.065656 ], [ -75.161724, 40.065853 ], [ -75.161488, 40.066095 ], [ -75.161291, 40.066295 ], [ -75.160831, 40.066777 ], [ -75.160171, 40.067463 ], [ -75.159625, 40.068023 ], [ -75.159017, 40.068467 ], [ -75.159135, 40.068523 ], [ -75.159111, 40.068566 ], [ -75.158862, 40.068815 ], [ -75.158879, 40.068949 ], [ -75.158965, 40.06924 ], [ -75.157574, 40.069478 ], [ -75.157476, 40.069157 ], [ -75.157447, 40.069066 ], [ -75.15692, 40.06916 ], [ -75.156288, 40.06926 ], [ -75.15633, 40.069376 ], [ -75.156278, 40.069459 ], [ -75.156533, 40.069705 ], [ -75.155691, 40.070149 ], [ -75.155433, 40.070238 ], [ -75.155488, 40.070354 ], [ -75.155744, 40.070487 ], [ -75.155757, 40.070534 ], [ -75.155276, 40.071058 ], [ -75.155213, 40.07115 ], [ -75.1547, 40.07124 ], [ -75.154475, 40.071284 ], [ -75.154344, 40.071428 ], [ -75.154076, 40.071732 ], [ -75.153333, 40.071309 ], [ -75.152756, 40.07098 ], [ -75.152185, 40.070656 ], [ -75.151886, 40.070488 ], [ -75.151596, 40.070328 ], [ -75.150719, 40.069828 ], [ -75.150002, 40.069424 ], [ -75.149574, 40.069187 ], [ -75.148331, 40.068485 ], [ -75.147644, 40.068096 ], [ -75.146683, 40.067547 ], [ -75.146734, 40.067238 ], [ -75.146802, 40.067231 ], [ -75.14692, 40.067218 ], [ -75.147022, 40.067198 ], [ -75.147116, 40.067179 ], [ -75.147218, 40.067152 ], [ -75.147369, 40.066441 ], [ -75.146912, 40.066383 ], [ -75.147022, 40.065892 ], [ -75.147131, 40.065376 ], [ -75.14724, 40.064857 ], [ -75.147353, 40.064371 ], [ -75.147472, 40.063829 ], [ -75.147967, 40.063892 ], [ -75.147996, 40.063798 ], [ -75.148164, 40.063036 ], [ -75.147649, 40.06301 ], [ -75.147708, 40.062736 ], [ -75.147862, 40.062747 ], [ -75.148193, 40.062764 ], [ -75.148306, 40.062295 ], [ -75.14832, 40.062235 ], [ -75.148364, 40.062037 ], [ -75.148575, 40.061143 ], [ -75.148673, 40.061028 ], [ -75.148753, 40.060968 ], [ -75.148525, 40.060698 ], [ -75.148629, 40.060646 ], [ -75.148701, 40.060493 ], [ -75.148748, 40.060392 ], [ -75.149106, 40.059542 ], [ -75.148822, 40.059121 ], [ -75.148944, 40.058829 ], [ -75.149061, 40.058571 ], [ -75.149219, 40.058432 ], [ -75.148484, 40.058395 ], [ -75.148682, 40.057487 ], [ -75.148892, 40.057499 ], [ -75.149288, 40.057519 ], [ -75.14975, 40.057537 ], [ -75.14978, 40.057253 ], [ -75.149851, 40.057256 ], [ -75.14989, 40.05695 ], [ -75.149897, 40.056897 ], [ -75.149961, 40.05632 ], [ -75.149975, 40.056243 ], [ -75.14999, 40.056163 ], [ -75.150122, 40.055208 ], [ -75.150183, 40.054797 ], [ -75.150192, 40.054682 ], [ -75.150201, 40.054561 ], [ -75.150306, 40.053843 ], [ -75.150402, 40.053195 ], [ -75.150419, 40.053106 ], [ -75.150434, 40.05303 ], [ -75.150472, 40.052751 ], [ -75.150495, 40.052583 ], [ -75.150504, 40.052516 ], [ -75.150512, 40.052461 ], [ -75.150542, 40.052246 ], [ -75.150943, 40.052266 ], [ -75.150989, 40.051967 ], [ -75.150472, 40.051729 ], [ -75.150555, 40.051653 ], [ -75.15068, 40.051614 ], [ -75.151148, 40.051635 ], [ -75.151734, 40.051673 ], [ -75.151865, 40.051678 ], [ -75.152989, 40.051742 ], [ -75.153101, 40.050412 ], [ -75.153153, 40.049847 ], [ -75.153174, 40.049484 ], [ -75.153235, 40.048842 ], [ -75.153438, 40.048524 ], [ -75.153489, 40.048347 ], [ -75.153527, 40.047985 ], [ -75.153563, 40.047678 ], [ -75.153605, 40.04728 ], [ -75.153691, 40.04655 ], [ -75.153752, 40.04579 ], [ -75.153662, 40.045754 ], [ -75.153673, 40.045596 ], [ -75.153437, 40.045587 ], [ -75.153448, 40.04544 ], [ -75.153476, 40.045276 ], [ -75.153407, 40.045272 ], [ -75.153491, 40.044491 ], [ -75.153828, 40.044501 ], [ -75.153883, 40.043659 ], [ -75.153911, 40.043293 ], [ -75.153946, 40.042752 ], [ -75.153828, 40.042753 ], [ -75.153763, 40.042762 ], [ -75.153683, 40.042784 ], [ -75.153726, 40.042507 ], [ -75.153661, 40.042504 ], [ -75.153473, 40.042197 ], [ -75.153499, 40.041885 ], [ -75.15356, 40.041145 ], [ -75.153938, 40.041345 ], [ -75.153961, 40.041067 ], [ -75.154068, 40.041016 ], [ -75.154411, 40.041131 ], [ -75.154735, 40.041217 ], [ -75.155063, 40.041263 ], [ -75.155352, 40.041279 ], [ -75.155999, 40.041278 ], [ -75.156339, 40.041274 ], [ -75.156307, 40.040434 ], [ -75.156985, 40.040772 ], [ -75.157951, 40.041258 ], [ -75.158358, 40.041487 ], [ -75.158341, 40.042021 ], [ -75.158675, 40.041691 ], [ -75.159272, 40.041109 ], [ -75.160088, 40.041599 ], [ -75.160188, 40.041603 ], [ -75.160702, 40.041945 ], [ -75.161004, 40.042146 ], [ -75.160764, 40.042378 ], [ -75.161063, 40.04256 ], [ -75.161183, 40.042444 ], [ -75.161472, 40.042617 ], [ -75.161289, 40.042793 ], [ -75.161513, 40.042929 ], [ -75.161453, 40.042987 ], [ -75.161516, 40.043015 ], [ -75.161473, 40.043059 ], [ -75.161526, 40.043093 ], [ -75.161583, 40.043129 ], [ -75.161787, 40.043253 ], [ -75.162845, 40.043917 ], [ -75.162873, 40.043888 ], [ -75.162937, 40.043931 ], [ -75.162994, 40.043969 ], [ -75.163228, 40.044121 ], [ -75.163276, 40.044075 ], [ -75.163553, 40.044246 ], [ -75.163596, 40.044276 ], [ -75.163651, 40.044315 ], [ -75.163873, 40.044443 ], [ -75.163821, 40.044494 ], [ -75.163906, 40.044545 ], [ -75.163969, 40.044576 ], [ -75.164064, 40.044623 ], [ -75.164389, 40.044842 ], [ -75.164974, 40.044263 ], [ -75.1652, 40.044408 ], [ -75.164912, 40.044692 ], [ -75.164938, 40.044715 ], [ -75.16472, 40.044927 ], [ -75.164554, 40.04508 ], [ -75.164708, 40.045175 ], [ -75.164576, 40.045312 ], [ -75.16483, 40.045468 ], [ -75.165385, 40.04581 ] ] ] } },
{ "type": "Feature", "properties": { "ZCTA5CE20": "19139", "TFID": 216590526, "STATEFP20": "42", "COUNTYFP20": "101", "TRACTCE20": "009500", "BLKGRPCE20": "1", "BLOCKCE20": "1001", "SUFFIX1CE": null, "UACE20": "69076", "PUMACE20": "03227", "STATEFP": "42", "COUNTYFP": "101", "TRACTCE": "009500", "BLKGRPCE": "1", "COUSUBFP": "60000", "SUBMCDFP": null, "ESTATEFP": null, "CONCTYFP": null, "PLACEFP": "60000", "AIANNHFP": null, "AIANNHCE": null, "COMPTYP": null, "TRSUBFP": null, "TRSUBCE": null, "ANRCFP": null, "TTRACTCE": null, "TBLKGPCE": null, "ELSDLEA": null, "SCSDLEA": null, "UNSDLEA": "18990", "SDADMLEA": null, "CD118FP": "03", "SLDUST": "007", "SLDLST": "192", "CSAFP": "428", "CBSAFP": "37980", "METDIVFP": "37964", "LWFLAG": "L", "OFFSET": "N", "ATOTAL": 9719, "INTPTLAT": "+39.9654489", "INTPTLON": "-75.2369913", "DP04_DP04_0001E_x": "23896", "DP04_DP04_0002E_x": "19518", "DP04_DP04_0003E_x": "4378", "DP04_DP04_0089E_x": "118700", "DP04_DP04_0126E_x": "11368", "DP04_DP04_0134E_x": "1110", "DP04_DP04_0001E_y": "23896", "DP04_DP04_0002E_y": "19518", "DP04_DP04_0003E_y": "4378", "DP04_DP04_0089E_y": "118700", "DP04_DP04_0126E_y": "11368", "DP04_DP04_0134E_y": "1110", "DP03_DP03_0002E": "20978", "DP03_DP03_0007E": "14259", "DP03_DP03_0062E": "38701", "DP03_DP03_0063E": "60707", "DP03_DP03_0064E": "13395", "DP03_DP03_0086E": "50129", "DP03_DP03_0087E": "61369", "DP03_DP03_0088E": "27517", "DP03_DP03_0119PE": "26.0", "DP02_DP02_0001E": "19518", "DP02_DP02_0016E": "2.24", "DP02_DP02_0017E": "3.11", "DP02_DP02_0053E": "10739", "DP02_DP02_0059E": "29812", "DP02_DP02_0067E": "25732", "DP02_DP02_0068E": "6525", "DP1_DP1_0001C": "43281", "DP1_DP1_0025C": "19249", "DP1_DP1_0049C": "24032", "DP1_DP1_0076C": "43281", "DP1_DP1_0084C": "2010" }, "geometry": { "type": "Polygon", "coordinates": [ [ [ -75.247407, 39.957233 ], [ -75.247885, 39.957289 ], [ -75.248067, 39.957281 ], [ -75.248463, 39.957321 ], [ -75.248671, 39.957329 ], [ -75.248733, 39.957329 ], [ -75.248908, 39.957318 ], [ -75.249157, 39.957293 ], [ -75.249419, 39.957223 ], [ -75.249499, 39.957189 ], [ -75.249532, 39.957213 ], [ -75.249577, 39.957258 ], [ -75.249627, 39.957309 ], [ -75.249685, 39.957353 ], [ -75.249778, 39.957425 ], [ -75.250037, 39.957654 ], [ -75.250177, 39.957791 ], [ -75.250242, 39.957872 ], [ -75.250359, 39.958014 ], [ -75.250462, 39.958119 ], [ -75.250559, 39.958232 ], [ -75.250666, 39.958328 ], [ -75.250735, 39.958426 ], [ -75.250793, 39.958529 ], [ -75.250839, 39.958638 ], [ -75.250875, 39.958728 ], [ -75.250881, 39.958808 ], [ -75.250891, 39.958942 ], [ -75.250883, 39.959024 ], [ -75.25085, 39.959099 ], [ -75.250752, 39.959155 ], [ -75.250605, 39.959239 ], [ -75.250454, 39.959318 ], [ -75.250291, 39.959397 ], [ -75.25008, 39.959482 ], [ -75.249826, 39.959573 ], [ -75.249652, 39.959639 ], [ -75.249552, 39.959682 ], [ -75.249443, 39.959752 ], [ -75.249318, 39.959839 ], [ -75.249213, 39.959921 ], [ -75.249122, 39.95999 ], [ -75.248972, 39.960071 ], [ -75.248837, 39.960129 ], [ -75.248689, 39.960199 ], [ -75.248546, 39.960269 ], [ -75.248459, 39.960333 ], [ -75.248383, 39.960425 ], [ -75.248335, 39.960516 ], [ -75.248282, 39.960621 ], [ -75.248198, 39.960725 ], [ -75.248058, 39.960886 ], [ -75.247975, 39.960997 ], [ -75.247922, 39.961085 ], [ -75.247892, 39.961181 ], [ -75.247872, 39.961341 ], [ -75.247872, 39.96143 ], [ -75.247867, 39.961493 ], [ -75.247841, 39.961613 ], [ -75.247823, 39.96169 ], [ -75.247807, 39.961765 ], [ -75.247774, 39.961837 ], [ -75.247741, 39.961904 ], [ -75.247707, 39.961977 ], [ -75.247702, 39.962056 ], [ -75.247726, 39.962167 ], [ -75.247762, 39.962225 ], [ -75.247776, 39.962303 ], [ -75.247752, 39.962452 ], [ -75.247715, 39.962662 ], [ -75.247688, 39.962817 ], [ -75.247613, 39.962808 ], [ -75.247194, 39.962749 ], [ -75.246753, 39.962705 ], [ -75.246682, 39.963044 ], [ -75.246425, 39.964276 ], [ -75.246863, 39.964328 ], [ -75.247003, 39.964315 ], [ -75.247109, 39.964294 ], [ -75.247208, 39.96429 ], [ -75.247308, 39.964305 ], [ -75.247399, 39.964341 ], [ -75.247446, 39.96439 ], [ -75.247463, 39.964452 ], [ -75.247464, 39.964508 ], [ -75.247169, 39.965927 ], [ -75.248157, 39.966051 ], [ -75.248752, 39.966126 ], [ -75.249291, 39.966192 ], [ -75.250133, 39.966299 ], [ -75.250218, 39.966292 ], [ -75.250397, 39.966307 ], [ -75.250601, 39.966326 ], [ -75.250935, 39.966366 ], [ -75.251119, 39.966398 ], [ -75.250985, 39.967115 ], [ -75.250918, 39.967427 ], [ -75.250828, 39.967794 ], [ -75.250801, 39.967937 ], [ -75.250481, 39.96946 ], [ -75.249991, 39.969401 ], [ -75.249579, 39.969349 ], [ -75.249495, 39.969333 ], [ -75.248507, 39.969214 ], [ -75.248565, 39.968935 ], [ -75.247677, 39.968819 ], [ -75.247579, 39.968803 ], [ -75.247518, 39.969093 ], [ -75.247178, 39.969049 ], [ -75.247235, 39.96877 ], [ -75.246917, 39.968729 ], [ -75.246856, 39.969008 ], [ -75.246531, 39.968967 ], [ -75.245473, 39.968836 ], [ -75.244416, 39.968706 ], [ -75.243427, 39.968583 ], [ -75.242755, 39.9685 ], [ -75.242123, 39.968424 ], [ -75.241452, 39.96834 ], [ -75.240464, 39.968217 ], [ -75.239479, 39.968097 ], [ -75.23879, 39.96801 ], [ -75.238489, 39.967974 ], [ -75.238191, 39.967937 ], [ -75.238021, 39.967913 ], [ -75.237502, 39.967854 ], [ -75.237173, 39.967811 ], [ -75.236863, 39.967772 ], [ -75.23629, 39.967703 ], [ -75.235521, 39.967605 ], [ -75.235599, 39.967239 ], [ -75.235842, 39.966085 ], [ -75.234855, 39.965962 ], [ -75.233904, 39.965846 ], [ -75.23361, 39.967343 ], [ -75.231973, 39.967458 ], [ -75.231833, 39.96746 ], [ -75.23129, 39.967522 ], [ -75.230893, 39.96756 ], [ -75.230856, 39.96737 ], [ -75.230459, 39.967411 ], [ -75.230454, 39.967379 ], [ -75.230016, 39.967424 ], [ -75.230058, 39.967649 ], [ -75.229773, 39.967677 ], [ -75.229715, 39.967341 ], [ -75.229533, 39.967359 ], [ -75.229524, 39.967305 ], [ -75.229348, 39.967322 ], [ -75.22937, 39.967448 ], [ -75.229081, 39.967481 ], [ -75.228788, 39.967514 ], [ -75.228821, 39.967711 ], [ -75.228824, 39.967772 ], [ -75.228149, 39.967843 ], [ -75.226641, 39.967993 ], [ -75.22594, 39.96806 ], [ -75.22514, 39.968145 ], [ -75.224697, 39.968189 ], [ -75.224646, 39.967896 ], [ -75.223939, 39.967971 ], [ -75.223886, 39.967704 ], [ -75.223799, 39.967246 ], [ -75.223385, 39.967287 ], [ -75.223068, 39.967318 ], [ -75.22299, 39.967283 ], [ -75.222948, 39.967243 ], [ -75.222918, 39.967191 ], [ -75.2229, 39.967108 ], [ -75.222871, 39.966948 ], [ -75.222866, 39.966918 ], [ -75.222858, 39.966848 ], [ -75.222501, 39.966878 ], [ -75.222509, 39.966927 ], [ -75.222617, 39.967343 ], [ -75.222698, 39.967768 ], [ -75.222824, 39.968379 ], [ -75.222468, 39.968415 ], [ -75.222401, 39.968027 ], [ -75.222007, 39.968058 ], [ -75.222013, 39.968097 ], [ -75.221835, 39.968114 ], [ -75.221855, 39.968235 ], [ -75.22152, 39.968268 ], [ -75.221147, 39.968305 ], [ -75.221124, 39.968168 ], [ -75.220972, 39.968182 ], [ -75.220987, 39.968275 ], [ -75.220837, 39.968289 ], [ -75.220841, 39.968313 ], [ -75.220613, 39.968337 ], [ -75.220647, 39.9686 ], [ -75.220299, 39.968634 ], [ -75.220261, 39.968345 ], [ -75.2191, 39.968465 ], [ -75.218922, 39.968486 ], [ -75.218802, 39.9685 ], [ -75.218162, 39.968576 ], [ -75.218166, 39.968614 ], [ -75.217904, 39.968638 ], [ -75.217813, 39.968646 ], [ -75.21755, 39.968673 ], [ -75.217108, 39.968719 ], [ -75.216966, 39.968739 ], [ -75.216996, 39.968969 ], [ -75.216368, 39.96903 ], [ -75.215762, 39.969094 ], [ -75.215726, 39.968823 ], [ -75.215434, 39.968847 ], [ -75.215422, 39.96878 ], [ -75.215106, 39.968815 ], [ -75.215121, 39.9689 ], [ -75.214776, 39.968939 ], [ -75.2147, 39.968948 ], [ -75.214686, 39.968845 ], [ -75.2141, 39.968891 ], [ -75.214109, 39.968959 ], [ -75.213933, 39.968973 ], [ -75.21394, 39.969023 ], [ -75.213816, 39.969035 ], [ -75.21317, 39.969087 ], [ -75.213143, 39.968881 ], [ -75.213098, 39.968529 ], [ -75.213059, 39.968231 ], [ -75.213054, 39.968175 ], [ -75.213052, 39.968148 ], [ -75.213034, 39.968015 ], [ -75.212722, 39.968042 ], [ -75.212689, 39.967767 ], [ -75.21365, 39.967696 ], [ -75.213581, 39.967133 ], [ -75.21319, 39.967166 ], [ -75.213163, 39.96696 ], [ -75.212593, 39.967009 ], [ -75.212548, 39.966645 ], [ -75.212722, 39.966632 ], [ -75.212566, 39.965524 ], [ -75.212297, 39.965543 ], [ -75.212258, 39.965218 ], [ -75.212448, 39.96519 ], [ -75.212885, 39.965162 ], [ -75.212831, 39.964713 ], [ -75.21228, 39.96475 ], [ -75.212202, 39.96475 ], [ -75.212171, 39.964489 ], [ -75.212163, 39.964411 ], [ -75.212765, 39.964366 ], [ -75.213228, 39.964331 ], [ -75.213171, 39.963891 ], [ -75.213015, 39.962659 ], [ -75.21306, 39.962577 ], [ -75.213402, 39.961154 ], [ -75.211541, 39.960878 ], [ -75.211565, 39.960825 ], [ -75.211781, 39.960339 ], [ -75.21201, 39.959858 ], [ -75.212043, 39.959789 ], [ -75.213673, 39.96003 ], [ -75.214018, 39.958643 ], [ -75.213017, 39.958518 ], [ -75.211342, 39.958313 ], [ -75.211482, 39.95754 ], [ -75.211207, 39.957506 ], [ -75.211341, 39.956846 ], [ -75.211356, 39.95676 ], [ -75.211457, 39.956314 ], [ -75.211551, 39.95637 ], [ -75.211905, 39.956415 ], [ -75.211963, 39.956135 ], [ -75.211974, 39.956055 ], [ -75.211519, 39.956 ], [ -75.211592, 39.95565 ], [ -75.211677, 39.95524 ], [ -75.211766, 39.954813 ], [ -75.212408, 39.954895 ], [ -75.212475, 39.954578 ], [ -75.212374, 39.954565 ], [ -75.21244, 39.954251 ], [ -75.212383, 39.954244 ], [ -75.212399, 39.954156 ], [ -75.212462, 39.953816 ], [ -75.212557, 39.953371 ], [ -75.212082, 39.953305 ], [ -75.212159, 39.952953 ], [ -75.21217, 39.952874 ], [ -75.213195, 39.953 ], [ -75.213332, 39.952462 ], [ -75.213812, 39.952523 ], [ -75.213787, 39.952619 ], [ -75.214242, 39.952681 ], [ -75.214341, 39.952694 ], [ -75.214747, 39.952745 ], [ -75.214771, 39.952634 ], [ -75.215711, 39.952751 ], [ -75.2157, 39.952805 ], [ -75.216236, 39.952863 ], [ -75.216343, 39.952875 ], [ -75.216327, 39.952951 ], [ -75.216733, 39.953 ], [ -75.21671, 39.953127 ], [ -75.217657, 39.953243 ], [ -75.217602, 39.953547 ], [ -75.218133, 39.953613 ], [ -75.218208, 39.953238 ], [ -75.219127, 39.953332 ], [ -75.219212, 39.953366 ], [ -75.219293, 39.953399 ], [ -75.219574, 39.953439 ], [ -75.220048, 39.953497 ], [ -75.220153, 39.953532 ], [ -75.220081, 39.953849 ], [ -75.221059, 39.953979 ], [ -75.222056, 39.954102 ], [ -75.222137, 39.953685 ], [ -75.222598, 39.953737 ], [ -75.222635, 39.953574 ], [ -75.223234, 39.953649 ], [ -75.223277, 39.953854 ], [ -75.224013, 39.953943 ], [ -75.224112, 39.953956 ], [ -75.224752, 39.954037 ], [ -75.224738, 39.954107 ], [ -75.224956, 39.954121 ], [ -75.225465, 39.954183 ], [ -75.225401, 39.954515 ], [ -75.226002, 39.954591 ], [ -75.226439, 39.954644 ], [ -75.226515, 39.954303 ], [ -75.227952, 39.954482 ], [ -75.228048, 39.954504 ], [ -75.228154, 39.954529 ], [ -75.229845, 39.954741 ], [ -75.229957, 39.954755 ], [ -75.231895, 39.955006 ], [ -75.231997, 39.955018 ], [ -75.232768, 39.955107 ], [ -75.23295, 39.955131 ], [ -75.233664, 39.955226 ], [ -75.233959, 39.955257 ], [ -75.234054, 39.955257 ], [ -75.234188, 39.955258 ], [ -75.234793, 39.955336 ], [ -75.234945, 39.954614 ], [ -75.236216, 39.954771 ], [ -75.236114, 39.955283 ], [ -75.236061, 39.955528 ], [ -75.237908, 39.955735 ], [ -75.238001, 39.955749 ], [ -75.238343, 39.955802 ], [ -75.23988, 39.955984 ], [ -75.239977, 39.956005 ], [ -75.240007, 39.955875 ], [ -75.241624, 39.956073 ], [ -75.24154, 39.956509 ], [ -75.241888, 39.956552 ], [ -75.242283, 39.956601 ], [ -75.242343, 39.956281 ], [ -75.243832, 39.956473 ], [ -75.243926, 39.956485 ], [ -75.245806, 39.95673 ], [ -75.245905, 39.956742 ], [ -75.247476, 39.956926 ], [ -75.247407, 39.957233 ] ] ] } },
{ "type": "Feature", "properties": { "ZCTA5CE20": "19140", "TFID": 216593625, "STATEFP20": "42", "COUNTYFP20": "101", "TRACTCE20": "019502", "BLKGRPCE20": "1", "BLOCKCE20": "1002", "SUFFIX1CE": null, "UACE20": "69076", "PUMACE20": "03225", "STATEFP": "42", "COUNTYFP": "101", "TRACTCE": "019502", "BLKGRPCE": "1", "COUSUBFP": "60000", "SUBMCDFP": null, "ESTATEFP": null, "CONCTYFP": null, "PLACEFP": "60000", "AIANNHFP": null, "AIANNHCE": null, "COMPTYP": null, "TRSUBFP": null, "TRSUBCE": null, "ANRCFP": null, "TTRACTCE": null, "TBLKGPCE": null, "ELSDLEA": null, "SCSDLEA": null, "UNSDLEA": "18990", "SDADMLEA": null, "CD118FP": "02", "SLDUST": "002", "SLDLST": "197", "CSAFP": "428", "CBSAFP": "37980", "METDIVFP": "37964", "LWFLAG": "L", "OFFSET": "N", "ATOTAL": 12240, "INTPTLAT": "+40.0043089", "INTPTLON": "-75.1348200", "DP04_DP04_0001E_x": "23104", "DP04_DP04_0002E_x": "20557", "DP04_DP04_0003E_x": "2547", "DP04_DP04_0089E_x": "101100", "DP04_DP04_0126E_x": "8887", "DP04_DP04_0134E_x": "1085", "DP04_DP04_0001E_y": "23104", "DP04_DP04_0002E_y": "20557", "DP04_DP04_0003E_y": "2547", "DP04_DP04_0089E_y": "101100", "DP04_DP04_0126E_y": "8887", "DP04_DP04_0134E_y": "1085", "DP03_DP03_0002E": "20603", "DP03_DP03_0007E": "20612", "DP03_DP03_0062E": "33149", "DP03_DP03_0063E": "51112", "DP03_DP03_0064E": "12896", "DP03_DP03_0086E": "39901", "DP03_DP03_0087E": "58216", "DP03_DP03_0088E": "19271", "DP03_DP03_0119PE": "34.5", "DP02_DP02_0001E": "20557", "DP02_DP02_0016E": "2.58", "DP02_DP02_0017E": "3.30", "DP02_DP02_0053E": "12138", "DP02_DP02_0059E": "35899", "DP02_DP02_0067E": "26026", "DP02_DP02_0068E": "3371", "DP1_DP1_0001C": "52124", "DP1_DP1_0025C": "24701", "DP1_DP1_0049C": "27423", "DP1_DP1_0076C": "52124", "DP1_DP1_0084C": "5228" }, "geometry": { "type": "Polygon", "coordinates": [ [ [ -75.162273, 40.003434 ], [ -75.162241, 40.003628 ], [ -75.16223, 40.003657 ], [ -75.16283, 40.003745 ], [ -75.164103, 40.003912 ], [ -75.164165, 40.003623 ], [ -75.164232, 40.003316 ], [ -75.164286, 40.003072 ], [ -75.165896, 40.003269 ], [ -75.165793, 40.003796 ], [ -75.165758, 40.003952 ], [ -75.165554, 40.004859 ], [ -75.166029, 40.004926 ], [ -75.166422, 40.004978 ], [ -75.166653, 40.005001 ], [ -75.167108, 40.00508 ], [ -75.167322, 40.005144 ], [ -75.167536, 40.005265 ], [ -75.169788, 40.007727 ], [ -75.170357, 40.008406 ], [ -75.169741, 40.008585 ], [ -75.16925, 40.00877 ], [ -75.16914, 40.008832 ], [ -75.16902, 40.008901 ], [ -75.168488, 40.008299 ], [ -75.16845, 40.008375 ], [ -75.168496, 40.008428 ], [ -75.16834, 40.009202 ], [ -75.167945, 40.009378 ], [ -75.167292, 40.009695 ], [ -75.166871, 40.009901 ], [ -75.167442, 40.010617 ], [ -75.167639, 40.010905 ], [ -75.167776, 40.011086 ], [ -75.167651, 40.01115 ], [ -75.16526, 40.01235 ], [ -75.163972, 40.012997 ], [ -75.161919, 40.014029 ], [ -75.161891, 40.014042 ], [ -75.161897, 40.014519 ], [ -75.161901, 40.015045 ], [ -75.161908, 40.015572 ], [ -75.161912, 40.016098 ], [ -75.161913, 40.017151 ], [ -75.16191, 40.017678 ], [ -75.161906, 40.017941 ], [ -75.161898, 40.018204 ], [ -75.161882, 40.018467 ], [ -75.16186, 40.01873 ], [ -75.161829, 40.018992 ], [ -75.161787, 40.019253 ], [ -75.161737, 40.019514 ], [ -75.161678, 40.019774 ], [ -75.161656, 40.019865 ], [ -75.161013, 40.020056 ], [ -75.160733, 40.020139 ], [ -75.16068, 40.020146 ], [ -75.160656, 40.020266 ], [ -75.160638, 40.020333 ], [ -75.160587, 40.020472 ], [ -75.160467, 40.020738 ], [ -75.160205, 40.021311 ], [ -75.159574, 40.020923 ], [ -75.158599, 40.02131 ], [ -75.158022, 40.02154 ], [ -75.158272, 40.021859 ], [ -75.159035, 40.0228 ], [ -75.157904, 40.023703 ], [ -75.157828, 40.023753 ], [ -75.157241, 40.024088 ], [ -75.157153, 40.02413 ], [ -75.156965, 40.024221 ], [ -75.156049, 40.02469 ], [ -75.154245, 40.025634 ], [ -75.153761, 40.025871 ], [ -75.153282, 40.026127 ], [ -75.150935, 40.025799 ], [ -75.151007, 40.025497 ], [ -75.150217, 40.025405 ], [ -75.149984, 40.02539 ], [ -75.149552, 40.024785 ], [ -75.149486, 40.025072 ], [ -75.148688, 40.024961 ], [ -75.148754, 40.024671 ], [ -75.147894, 40.024553 ], [ -75.146912, 40.024428 ], [ -75.146507, 40.024379 ], [ -75.146417, 40.024781 ], [ -75.145726, 40.024692 ], [ -75.145626, 40.024675 ], [ -75.145504, 40.024654 ], [ -75.145465, 40.024831 ], [ -75.145147, 40.024788 ], [ -75.145191, 40.024589 ], [ -75.14483, 40.02455 ], [ -75.144709, 40.024537 ], [ -75.144051, 40.024446 ], [ -75.143939, 40.024431 ], [ -75.143263, 40.024338 ], [ -75.142588, 40.024245 ], [ -75.142481, 40.024208 ], [ -75.142557, 40.023867 ], [ -75.141771, 40.023763 ], [ -75.14142, 40.025357 ], [ -75.140638, 40.025262 ], [ -75.140979, 40.023667 ], [ -75.140193, 40.023566 ], [ -75.139367, 40.023459 ], [ -75.138418, 40.023328 ], [ -75.137775, 40.023261 ], [ -75.137135, 40.023186 ], [ -75.136836, 40.02314 ], [ -75.136659, 40.023218 ], [ -75.136426, 40.02332 ], [ -75.135724, 40.023602 ], [ -75.135679, 40.023382 ], [ -75.135426, 40.023439 ], [ -75.135113, 40.023505 ], [ -75.133262, 40.023895 ], [ -75.133278, 40.023821 ], [ -75.133287, 40.023784 ], [ -75.133331, 40.023529 ], [ -75.13445, 40.023295 ], [ -75.135151, 40.023123 ], [ -75.135172, 40.022888 ], [ -75.133518, 40.022698 ], [ -75.132665, 40.022604 ], [ -75.131654, 40.022465 ], [ -75.131327, 40.022418 ], [ -75.131256, 40.022723 ], [ -75.13061, 40.022635 ], [ -75.130676, 40.022325 ], [ -75.130381, 40.022288 ], [ -75.130355, 40.022412 ], [ -75.130277, 40.022763 ], [ -75.129912, 40.022716 ], [ -75.128842, 40.022576 ], [ -75.128863, 40.02243 ], [ -75.128258, 40.022356 ], [ -75.128328, 40.022036 ], [ -75.127922, 40.021979 ], [ -75.127699, 40.022886 ], [ -75.127113, 40.022816 ], [ -75.127128, 40.022734 ], [ -75.126617, 40.022687 ], [ -75.126634, 40.022598 ], [ -75.126299, 40.022559 ], [ -75.126381, 40.022139 ], [ -75.125996, 40.022087 ], [ -75.126061, 40.02175 ], [ -75.125646, 40.02171 ], [ -75.12514, 40.022306 ], [ -75.124732, 40.022106 ], [ -75.12476, 40.022051 ], [ -75.12425, 40.021993 ], [ -75.124346, 40.021552 ], [ -75.124419, 40.021205 ], [ -75.124094, 40.021171 ], [ -75.124112, 40.021081 ], [ -75.123977, 40.021063 ], [ -75.124045, 40.020751 ], [ -75.124064, 40.020665 ], [ -75.124149, 40.020274 ], [ -75.124248, 40.020286 ], [ -75.124309, 40.02 ], [ -75.124169, 40.019979 ], [ -75.124189, 40.019888 ], [ -75.124483, 40.018553 ], [ -75.124519, 40.018383 ], [ -75.125023, 40.018435 ], [ -75.125092, 40.018105 ], [ -75.12526, 40.017304 ], [ -75.125332, 40.01696 ], [ -75.125988, 40.013862 ], [ -75.126201, 40.012979 ], [ -75.126634, 40.010816 ], [ -75.127137, 40.008406 ], [ -75.127287, 40.007695 ], [ -75.127818, 40.005262 ], [ -75.127863, 40.005057 ], [ -75.128022, 40.004328 ], [ -75.127388, 40.004248 ], [ -75.127427, 40.004063 ], [ -75.127721, 40.004019 ], [ -75.127813, 40.00367 ], [ -75.12792, 40.003184 ], [ -75.127939, 40.003071 ], [ -75.128282, 40.003116 ], [ -75.128332, 40.002879 ], [ -75.128152, 40.002869 ], [ -75.127972, 40.002838 ], [ -75.128132, 40.002156 ], [ -75.128257, 40.001654 ], [ -75.128276, 40.001579 ], [ -75.128292, 40.001514 ], [ -75.128332, 40.001325 ], [ -75.128457, 40.000728 ], [ -75.128525, 40.000355 ], [ -75.128488, 40.000351 ], [ -75.128542, 40.000082 ], [ -75.128554, 40.00002 ], [ -75.128592, 39.999844 ], [ -75.128623, 39.999848 ], [ -75.128679, 39.999517 ], [ -75.12866, 39.999514 ], [ -75.128734, 39.999205 ], [ -75.128839, 39.998826 ], [ -75.12909, 39.998858 ], [ -75.129191, 39.998859 ], [ -75.12926, 39.998539 ], [ -75.129802, 39.998613 ], [ -75.13032, 39.998677 ], [ -75.129971, 40.000267 ], [ -75.130445, 40.000327 ], [ -75.13091, 40.000389 ], [ -75.13125, 39.998806 ], [ -75.132172, 39.998913 ], [ -75.131834, 40.000511 ], [ -75.13236, 40.000572 ], [ -75.132701, 39.998985 ], [ -75.133236, 39.999057 ], [ -75.133829, 39.999129 ], [ -75.134412, 39.999207 ], [ -75.134075, 40.000794 ], [ -75.135302, 40.000959 ], [ -75.135652, 39.999375 ], [ -75.135969, 39.999416 ], [ -75.138524, 39.999743 ], [ -75.13907, 39.999811 ], [ -75.139527, 39.999876 ], [ -75.139987, 39.999932 ], [ -75.140318, 39.999971 ], [ -75.140412, 39.999983 ], [ -75.140498, 39.999993 ], [ -75.140477, 40.000093 ], [ -75.140519, 40.000125 ], [ -75.140757, 40.000315 ], [ -75.140997, 40.000503 ], [ -75.141353, 40.000539 ], [ -75.141655, 40.000577 ], [ -75.141664, 40.000536 ], [ -75.142073, 40.000589 ], [ -75.142162, 40.0006 ], [ -75.142433, 40.000634 ], [ -75.142644, 40.000662 ], [ -75.142855, 40.000689 ], [ -75.142958, 40.000886 ], [ -75.141984, 40.001248 ], [ -75.141929, 40.001269 ], [ -75.141866, 40.001291 ], [ -75.14204, 40.00148 ], [ -75.142218, 40.001704 ], [ -75.142399, 40.001928 ], [ -75.142416, 40.00195 ], [ -75.143027, 40.001733 ], [ -75.143647, 40.00151 ], [ -75.143797, 40.001455 ], [ -75.143958, 40.001398 ], [ -75.144884, 40.001057 ], [ -75.14519, 40.000941 ], [ -75.145499, 40.000826 ], [ -75.146418, 40.000475 ], [ -75.14703, 40.000239 ], [ -75.14724, 40.000159 ], [ -75.147717, 39.999974 ], [ -75.147794, 40.000153 ], [ -75.148032, 40.000706 ], [ -75.148148, 40.000987 ], [ -75.148741, 40.001054 ], [ -75.148699, 40.001263 ], [ -75.148794, 40.001508 ], [ -75.150533, 40.001729 ], [ -75.150617, 40.001755 ], [ -75.150712, 40.001785 ], [ -75.151524, 40.001885 ], [ -75.151626, 40.001426 ], [ -75.152926, 40.001592 ], [ -75.153453, 40.001661 ], [ -75.153796, 40.001706 ], [ -75.153691, 40.00218 ], [ -75.154049, 40.002226 ], [ -75.154032, 40.002295 ], [ -75.154345, 40.002338 ], [ -75.154437, 40.002354 ], [ -75.154532, 40.002371 ], [ -75.155001, 40.002433 ], [ -75.154942, 40.002692 ], [ -75.155197, 40.002724 ], [ -75.155882, 40.002807 ], [ -75.155935, 40.002556 ], [ -75.156007, 40.002575 ], [ -75.15608, 40.002594 ], [ -75.156787, 40.002681 ], [ -75.156891, 40.002108 ], [ -75.157703, 40.00221 ], [ -75.159461, 40.002448 ], [ -75.159685, 40.002479 ], [ -75.159765, 40.002717 ], [ -75.159849, 40.002973 ], [ -75.160013, 40.003484 ], [ -75.160096, 40.003739 ], [ -75.160237, 40.004181 ], [ -75.160495, 40.004215 ], [ -75.160601, 40.003699 ], [ -75.160709, 40.003241 ], [ -75.160727, 40.003172 ], [ -75.160754, 40.003043 ], [ -75.160909, 40.003068 ], [ -75.160921, 40.003011 ], [ -75.160993, 40.003022 ], [ -75.161906, 40.003142 ], [ -75.161888, 40.003228 ], [ -75.162307, 40.003286 ], [ -75.162273, 40.003434 ] ] ] } },
{ "type": "Feature", "properties": { "ZCTA5CE20": "19141", "TFID": 216591052, "STATEFP20": "42", "COUNTYFP20": "101", "TRACTCE20": "028100", "BLKGRPCE20": "2", "BLOCKCE20": "2012", "SUFFIX1CE": null, "UACE20": "69076", "PUMACE20": "03224", "STATEFP": "42", "COUNTYFP": "101", "TRACTCE": "028100", "BLKGRPCE": "2", "COUSUBFP": "60000", "SUBMCDFP": null, "ESTATEFP": null, "CONCTYFP": null, "PLACEFP": "60000", "AIANNHFP": null, "AIANNHCE": null, "COMPTYP": null, "TRSUBFP": null, "TRSUBCE": null, "ANRCFP": null, "TTRACTCE": null, "TBLKGPCE": null, "ELSDLEA": null, "SCSDLEA": null, "UNSDLEA": "18990", "SDADMLEA": null, "CD118FP": "03", "SLDUST": "003", "SLDLST": "198", "CSAFP": "428", "CBSAFP": "37980", "METDIVFP": "37964", "LWFLAG": "L", "OFFSET": "N", "ATOTAL": 13423, "INTPTLAT": "+40.0280768", "INTPTLON": "-75.1500486", "DP04_DP04_0001E_x": "16290", "DP04_DP04_0002E_x": "15201", "DP04_DP04_0003E_x": "1089", "DP04_DP04_0089E_x": "143400", "DP04_DP04_0126E_x": "6969", "DP04_DP04_0134E_x": "1009", "DP04_DP04_0001E_y": "16290", "DP04_DP04_0002E_y": "15201", "DP04_DP04_0003E_y": "1089", "DP04_DP04_0089E_y": "143400", "DP04_DP04_0126E_y": "6969", "DP04_DP04_0134E_y": "1009", "DP03_DP03_0002E": "15806", "DP03_DP03_0007E": "11892", "DP03_DP03_0062E": "42461", "DP03_DP03_0063E": "55773", "DP03_DP03_0064E": "10450", "DP03_DP03_0086E": "49860", "DP03_DP03_0087E": "68291", "DP03_DP03_0088E": "25398", "DP03_DP03_0119PE": "27.7", "DP02_DP02_0001E": "15201", "DP02_DP02_0016E": "2.16", "DP02_DP02_0017E": "3.10", "DP02_DP02_0053E": "7589", "DP02_DP02_0059E": "23490", "DP02_DP02_0067E": "20431", "DP02_DP02_0068E": "3859", "DP1_DP1_0001C": "31047", "DP1_DP1_0025C": "14050", "DP1_DP1_0049C": "16997", "DP1_DP1_0076C": "31047", "DP1_DP1_0084C": "1201" }, "geometry": { "type": "Polygon", "coordinates": [ [ [ -75.154489, 40.026778 ], [ -75.15536, 40.026324 ], [ -75.155694, 40.02613 ], [ -75.155502, 40.027069 ], [ -75.155455, 40.027299 ], [ -75.155376, 40.027682 ], [ -75.155284, 40.028173 ], [ -75.155171, 40.028674 ], [ -75.155961, 40.028768 ], [ -75.156331, 40.028819 ], [ -75.15622, 40.029376 ], [ -75.156062, 40.030089 ], [ -75.156381, 40.030129 ], [ -75.156498, 40.03014 ], [ -75.156498, 40.03038 ], [ -75.156513, 40.030457 ], [ -75.156508, 40.031111 ], [ -75.154776, 40.031452 ], [ -75.155516, 40.032183 ], [ -75.155642, 40.032347 ], [ -75.155722, 40.032502 ], [ -75.155791, 40.03269 ], [ -75.155822, 40.032877 ], [ -75.155819, 40.033075 ], [ -75.155326, 40.0353 ], [ -75.155304, 40.035515 ], [ -75.155329, 40.035715 ], [ -75.155426, 40.03596 ], [ -75.155518, 40.036101 ], [ -75.155181, 40.036366 ], [ -75.155057, 40.036521 ], [ -75.155001, 40.036749 ], [ -75.154415, 40.039493 ], [ -75.154326, 40.039893 ], [ -75.154226, 40.039872 ], [ -75.153944, 40.039837 ], [ -75.153723, 40.040842 ], [ -75.15389, 40.040931 ], [ -75.154068, 40.041016 ], [ -75.153961, 40.041067 ], [ -75.153938, 40.041345 ], [ -75.15356, 40.041145 ], [ -75.153499, 40.041885 ], [ -75.153473, 40.042197 ], [ -75.153661, 40.042504 ], [ -75.153726, 40.042507 ], [ -75.153683, 40.042784 ], [ -75.153763, 40.042762 ], [ -75.153828, 40.042753 ], [ -75.153946, 40.042752 ], [ -75.153911, 40.043293 ], [ -75.153883, 40.043659 ], [ -75.153828, 40.044501 ], [ -75.153491, 40.044491 ], [ -75.153407, 40.045272 ], [ -75.153476, 40.045276 ], [ -75.153448, 40.04544 ], [ -75.153437, 40.045587 ], [ -75.153673, 40.045596 ], [ -75.153662, 40.045754 ], [ -75.153752, 40.04579 ], [ -75.153691, 40.04655 ], [ -75.153605, 40.04728 ], [ -75.153563, 40.047678 ], [ -75.153527, 40.047985 ], [ -75.153489, 40.048347 ], [ -75.153438, 40.048524 ], [ -75.153235, 40.048842 ], [ -75.153174, 40.049484 ], [ -75.153153, 40.049847 ], [ -75.153101, 40.050412 ], [ -75.152989, 40.051742 ], [ -75.151865, 40.051678 ], [ -75.151734, 40.051673 ], [ -75.151148, 40.051635 ], [ -75.15068, 40.051614 ], [ -75.150555, 40.051653 ], [ -75.150472, 40.051729 ], [ -75.150293, 40.051647 ], [ -75.150142, 40.051578 ], [ -75.15, 40.051498 ], [ -75.149774, 40.05137 ], [ -75.149672, 40.051471 ], [ -75.149627, 40.051493 ], [ -75.149564, 40.051507 ], [ -75.149452, 40.051493 ], [ -75.148578, 40.051383 ], [ -75.147004, 40.051175 ], [ -75.146221, 40.051075 ], [ -75.145917, 40.051038 ], [ -75.145428, 40.050973 ], [ -75.144639, 40.050871 ], [ -75.143841, 40.050771 ], [ -75.143594, 40.050739 ], [ -75.142214, 40.050563 ], [ -75.142164, 40.050556 ], [ -75.142085, 40.050546 ], [ -75.142033, 40.050539 ], [ -75.141138, 40.050422 ], [ -75.141047, 40.050416 ], [ -75.140018, 40.050277 ], [ -75.139246, 40.050076 ], [ -75.13848, 40.049878 ], [ -75.137422, 40.049592 ], [ -75.136384, 40.049326 ], [ -75.135042, 40.048954 ], [ -75.134705, 40.048931 ], [ -75.134714, 40.04868 ], [ -75.134718, 40.048417 ], [ -75.134723, 40.047364 ], [ -75.134724, 40.046134 ], [ -75.134726, 40.045785 ], [ -75.134726, 40.045258 ], [ -75.134727, 40.044995 ], [ -75.134726, 40.044851 ], [ -75.134727, 40.044732 ], [ -75.134728, 40.043416 ], [ -75.134726, 40.043241 ], [ -75.13472, 40.042626 ], [ -75.134724, 40.042362 ], [ -75.134732, 40.0421 ], [ -75.13475, 40.041837 ], [ -75.134757, 40.041759 ], [ -75.134776, 40.041575 ], [ -75.13479, 40.04146 ], [ -75.1348, 40.041307 ], [ -75.134823, 40.041001 ], [ -75.134844, 40.040767 ], [ -75.134867, 40.040497 ], [ -75.134899, 40.040179 ], [ -75.134967, 40.039756 ], [ -75.13503, 40.039454 ], [ -75.135113, 40.039074 ], [ -75.135257, 40.03864 ], [ -75.135444, 40.038183 ], [ -75.135575, 40.037876 ], [ -75.135746, 40.03755 ], [ -75.135957, 40.037139 ], [ -75.136052, 40.036972 ], [ -75.136211, 40.036739 ], [ -75.136386, 40.036513 ], [ -75.136479, 40.036398 ], [ -75.136567, 40.036289 ], [ -75.136754, 40.036068 ], [ -75.13695, 40.035852 ], [ -75.137154, 40.035641 ], [ -75.137367, 40.035434 ], [ -75.137588, 40.035233 ], [ -75.137819, 40.035038 ], [ -75.13806, 40.034852 ], [ -75.138129, 40.034805 ], [ -75.138317, 40.034678 ], [ -75.138583, 40.034513 ], [ -75.138801, 40.034384 ], [ -75.138855, 40.034353 ], [ -75.139407, 40.03404 ], [ -75.139684, 40.033886 ], [ -75.139719, 40.033868 ], [ -75.139493, 40.033555 ], [ -75.139464, 40.033516 ], [ -75.139409, 40.033525 ], [ -75.13907, 40.033561 ], [ -75.138729, 40.033575 ], [ -75.138387, 40.033574 ], [ -75.137701, 40.033557 ], [ -75.137359, 40.033544 ], [ -75.137018, 40.03352 ], [ -75.136679, 40.033486 ], [ -75.13634, 40.033448 ], [ -75.136211, 40.033432 ], [ -75.136244, 40.033294 ], [ -75.136328, 40.03292 ], [ -75.136414, 40.03251 ], [ -75.136486, 40.032185 ], [ -75.136555, 40.031868 ], [ -75.136618, 40.031589 ], [ -75.137079, 40.031668 ], [ -75.137087, 40.031626 ], [ -75.137221, 40.03102 ], [ -75.137491, 40.029802 ], [ -75.137027, 40.029738 ], [ -75.137091, 40.029412 ], [ -75.137598, 40.029477 ], [ -75.137782, 40.028637 ], [ -75.137801, 40.028549 ], [ -75.137858, 40.028278 ], [ -75.137924, 40.02798 ], [ -75.137933, 40.027897 ], [ -75.138211, 40.026597 ], [ -75.138237, 40.026482 ], [ -75.138475, 40.025441 ], [ -75.138557, 40.024992 ], [ -75.138078, 40.024927 ], [ -75.138418, 40.023328 ], [ -75.139367, 40.023459 ], [ -75.140193, 40.023566 ], [ -75.140979, 40.023667 ], [ -75.140638, 40.025262 ], [ -75.14142, 40.025357 ], [ -75.141771, 40.023763 ], [ -75.142557, 40.023867 ], [ -75.142481, 40.024208 ], [ -75.142588, 40.024245 ], [ -75.143263, 40.024338 ], [ -75.143939, 40.024431 ], [ -75.144051, 40.024446 ], [ -75.144709, 40.024537 ], [ -75.14483, 40.02455 ], [ -75.145191, 40.024589 ], [ -75.145147, 40.024788 ], [ -75.145465, 40.024831 ], [ -75.145504, 40.024654 ], [ -75.145626, 40.024675 ], [ -75.145726, 40.024692 ], [ -75.146417, 40.024781 ], [ -75.146507, 40.024379 ], [ -75.146912, 40.024428 ], [ -75.147894, 40.024553 ], [ -75.148754, 40.024671 ], [ -75.148688, 40.024961 ], [ -75.149486, 40.025072 ], [ -75.149552, 40.024785 ], [ -75.149984, 40.02539 ], [ -75.150217, 40.025405 ], [ -75.151007, 40.025497 ], [ -75.150935, 40.025799 ], [ -75.153282, 40.026127 ], [ -75.153761, 40.025871 ], [ -75.154245, 40.025634 ], [ -75.154124, 40.025919 ], [ -75.154064, 40.026198 ], [ -75.154012, 40.026445 ], [ -75.153906, 40.026939 ], [ -75.154175, 40.02693 ], [ -75.154489, 40.026778 ] ] ] } },
{ "type": "Feature", "properties": { "ZCTA5CE20": "19142", "TFID": 216590366, "STATEFP20": "42", "COUNTYFP20": "101", "TRACTCE20": "006400", "BLKGRPCE20": "3", "BLOCKCE20": "3023", "SUFFIX1CE": null, "UACE20": "69076", "PUMACE20": "03229", "STATEFP": "42", "COUNTYFP": "101", "TRACTCE": "006400", "BLKGRPCE": "3", "COUSUBFP": "60000", "SUBMCDFP": null, "ESTATEFP": null, "CONCTYFP": null, "PLACEFP": "60000", "AIANNHFP": null, "AIANNHCE": null, "COMPTYP": null, "TRSUBFP": null, "TRSUBCE": null, "ANRCFP": null, "TTRACTCE": null, "TBLKGPCE": null, "ELSDLEA": null, "SCSDLEA": null, "UNSDLEA": "18990", "SDADMLEA": null, "CD118FP": "05", "SLDUST": "008", "SLDLST": "191", "CSAFP": "428", "CBSAFP": "37980", "METDIVFP": "37964", "LWFLAG": "P", "OFFSET": "N", "ATOTAL": 6797, "INTPTLAT": "+39.9228996", "INTPTLON": "-75.2467033", "DP04_DP04_0001E_x": "12943", "DP04_DP04_0002E_x": "11754", "DP04_DP04_0003E_x": "1189", "DP04_DP04_0089E_x": "110400", "DP04_DP04_0126E_x": "5883", "DP04_DP04_0134E_x": "1269", "DP04_DP04_0001E_y": "12943", "DP04_DP04_0002E_y": "11754", "DP04_DP04_0003E_y": "1189", "DP04_DP04_0089E_y": "110400", "DP04_DP04_0126E_y": "5883", "DP04_DP04_0134E_y": "1269", "DP03_DP03_0002E": "15771", "DP03_DP03_0007E": "7156", "DP03_DP03_0062E": "42812", "DP03_DP03_0063E": "54242", "DP03_DP03_0064E": "9345", "DP03_DP03_0086E": "47597", "DP03_DP03_0087E": "60170", "DP03_DP03_0088E": "21506", "DP03_DP03_0119PE": "23.2", "DP02_DP02_0001E": "11754", "DP02_DP02_0016E": "2.56", "DP02_DP02_0017E": "3.34", "DP02_DP02_0053E": "8171", "DP02_DP02_0059E": "19358", "DP02_DP02_0067E": "15898", "DP02_DP02_0068E": "2436", "DP1_DP1_0001C": "29565", "DP1_DP1_0025C": "13809", "DP1_DP1_0049C": "15756", "DP1_DP1_0076C": "29565", "DP1_DP1_0084C": "1125" }, "geometry": { "type": "Polygon", "coordinates": [ [ [ -75.243849, 39.914089 ], [ -75.244132, 39.914445 ], [ -75.244662, 39.91511 ], [ -75.244935, 39.91545 ], [ -75.244957, 39.915439 ], [ -75.245249, 39.915302 ], [ -75.245543, 39.915169 ], [ -75.24584, 39.915039 ], [ -75.246141, 39.914914 ], [ -75.246445, 39.914792 ], [ -75.247053, 39.914552 ], [ -75.247327, 39.914449 ], [ -75.247359, 39.914436 ], [ -75.247411, 39.914418 ], [ -75.247592, 39.914362 ], [ -75.247569, 39.914488 ], [ -75.247583, 39.914563 ], [ -75.247594, 39.914611 ], [ -75.247631, 39.914636 ], [ -75.247706, 39.914722 ], [ -75.247715, 39.914837 ], [ -75.247654, 39.914955 ], [ -75.247555, 39.915078 ], [ -75.247485, 39.915213 ], [ -75.247347, 39.915399 ], [ -75.247187, 39.915632 ], [ -75.247136, 39.915727 ], [ -75.247056, 39.915851 ], [ -75.246987, 39.91593 ], [ -75.246919, 39.916005 ], [ -75.246842, 39.916087 ], [ -75.246781, 39.916165 ], [ -75.246752, 39.916232 ], [ -75.246763, 39.916329 ], [ -75.246787, 39.916448 ], [ -75.246834, 39.916559 ], [ -75.246882, 39.91672 ], [ -75.24694, 39.916871 ], [ -75.246974, 39.916939 ], [ -75.247, 39.916967 ], [ -75.247039, 39.916991 ], [ -75.247102, 39.917027 ], [ -75.247155, 39.917062 ], [ -75.247187, 39.917094 ], [ -75.2472, 39.917135 ], [ -75.24721, 39.917182 ], [ -75.247192, 39.917211 ], [ -75.247172, 39.917236 ], [ -75.247239, 39.917402 ], [ -75.247303, 39.917615 ], [ -75.247307, 39.917633 ], [ -75.247347, 39.917785 ], [ -75.247357, 39.917993 ], [ -75.247347, 39.91843 ], [ -75.247341, 39.918541 ], [ -75.247377, 39.918688 ], [ -75.247423, 39.918825 ], [ -75.247551, 39.91902 ], [ -75.247601, 39.919076 ], [ -75.247456, 39.919079 ], [ -75.24745, 39.919159 ], [ -75.247484, 39.919242 ], [ -75.247496, 39.91927 ], [ -75.247583, 39.919399 ], [ -75.247622, 39.919517 ], [ -75.247623, 39.919668 ], [ -75.247595, 39.919902 ], [ -75.247581, 39.919982 ], [ -75.247527, 39.920103 ], [ -75.247487, 39.920206 ], [ -75.247476, 39.920328 ], [ -75.247465, 39.920454 ], [ -75.247462, 39.92052 ], [ -75.24746, 39.920586 ], [ -75.247468, 39.920718 ], [ -75.247468, 39.920972 ], [ -75.247459, 39.921343 ], [ -75.247484, 39.921499 ], [ -75.247507, 39.92161 ], [ -75.247633, 39.921563 ], [ -75.247704, 39.921561 ], [ -75.247759, 39.921708 ], [ -75.24769, 39.921792 ], [ -75.247547, 39.921909 ], [ -75.247452, 39.922062 ], [ -75.247338, 39.922166 ], [ -75.247321, 39.922178 ], [ -75.247356, 39.922437 ], [ -75.247244, 39.922521 ], [ -75.247149, 39.9226 ], [ -75.247015, 39.922701 ], [ -75.24672, 39.922936 ], [ -75.2466, 39.923038 ], [ -75.246439, 39.923181 ], [ -75.246341, 39.923282 ], [ -75.246257, 39.923401 ], [ -75.246219, 39.923531 ], [ -75.24619, 39.923683 ], [ -75.246157, 39.923958 ], [ -75.246118, 39.924051 ], [ -75.246087, 39.924159 ], [ -75.246054, 39.924232 ], [ -75.246041, 39.92426 ], [ -75.246028, 39.924291 ], [ -75.246001, 39.924351 ], [ -75.245993, 39.924369 ], [ -75.245943, 39.924449 ], [ -75.245928, 39.924474 ], [ -75.245865, 39.924581 ], [ -75.245815, 39.924662 ], [ -75.245794, 39.924697 ], [ -75.245748, 39.924782 ], [ -75.245725, 39.924823 ], [ -75.245679, 39.924882 ], [ -75.245636, 39.924938 ], [ -75.24558, 39.92501 ], [ -75.245552, 39.925045 ], [ -75.245437, 39.925164 ], [ -75.245263, 39.925415 ], [ -75.245197, 39.925549 ], [ -75.245127, 39.925661 ], [ -75.24505, 39.925767 ], [ -75.244991, 39.925841 ], [ -75.244868, 39.925895 ], [ -75.244762, 39.925954 ], [ -75.244625, 39.926003 ], [ -75.244519, 39.926061 ], [ -75.2444, 39.926134 ], [ -75.244336, 39.92625 ], [ -75.244301, 39.926353 ], [ -75.244329, 39.926476 ], [ -75.244412, 39.926572 ], [ -75.244499, 39.926642 ], [ -75.244507, 39.926649 ], [ -75.244576, 39.926754 ], [ -75.244596, 39.926858 ], [ -75.244579, 39.927003 ], [ -75.244579, 39.927177 ], [ -75.24455, 39.927275 ], [ -75.244498, 39.927406 ], [ -75.244481, 39.927434 ], [ -75.244426, 39.927527 ], [ -75.244341, 39.927656 ], [ -75.244269, 39.927796 ], [ -75.244199, 39.927888 ], [ -75.24412, 39.928009 ], [ -75.244055, 39.928149 ], [ -75.244001, 39.928364 ], [ -75.243985, 39.928476 ], [ -75.243965, 39.928645 ], [ -75.243967, 39.928805 ], [ -75.24397, 39.929177 ], [ -75.243966, 39.929428 ], [ -75.243967, 39.929468 ], [ -75.243967, 39.929499 ], [ -75.243966, 39.929532 ], [ -75.243967, 39.929604 ], [ -75.243976, 39.929678 ], [ -75.243981, 39.929713 ], [ -75.244009, 39.929793 ], [ -75.244099, 39.929857 ], [ -75.244189, 39.929901 ], [ -75.244278, 39.929964 ], [ -75.244355, 39.930041 ], [ -75.244405, 39.93016 ], [ -75.244427, 39.930287 ], [ -75.244381, 39.930399 ], [ -75.244274, 39.930486 ], [ -75.244131, 39.930563 ], [ -75.243949, 39.930653 ], [ -75.243813, 39.93073 ], [ -75.243694, 39.930821 ], [ -75.243643, 39.930897 ], [ -75.243635, 39.930908 ], [ -75.243608, 39.931079 ], [ -75.243564, 39.931197 ], [ -75.243526, 39.93134 ], [ -75.243488, 39.931468 ], [ -75.243451, 39.931577 ], [ -75.243438, 39.931686 ], [ -75.243425, 39.931779 ], [ -75.243423, 39.931837 ], [ -75.243369, 39.931908 ], [ -75.243306, 39.931975 ], [ -75.243213, 39.932032 ], [ -75.243133, 39.932085 ], [ -75.243079, 39.932175 ], [ -75.242969, 39.932299 ], [ -75.242881, 39.932441 ], [ -75.242763, 39.932612 ], [ -75.242669, 39.932779 ], [ -75.242577, 39.932879 ], [ -75.242503, 39.932964 ], [ -75.242402, 39.933088 ], [ -75.242342, 39.933187 ], [ -75.242296, 39.933288 ], [ -75.242229, 39.933378 ], [ -75.242186, 39.933426 ], [ -75.242075, 39.933491 ], [ -75.241952, 39.933535 ], [ -75.241909, 39.933544 ], [ -75.241847, 39.93347 ], [ -75.241774, 39.933482 ], [ -75.241736, 39.933579 ], [ -75.241678, 39.933582 ], [ -75.241521, 39.933588 ], [ -75.241363, 39.933608 ], [ -75.241158, 39.933629 ], [ -75.240944, 39.933649 ], [ -75.240736, 39.933646 ], [ -75.240693, 39.933638 ], [ -75.2405, 39.933604 ], [ -75.240447, 39.933588 ], [ -75.240296, 39.933541 ], [ -75.240239, 39.933523 ], [ -75.240161, 39.933492 ], [ -75.239999, 39.933432 ], [ -75.23992, 39.933402 ], [ -75.239647, 39.933315 ], [ -75.239468, 39.933221 ], [ -75.239344, 39.933125 ], [ -75.239184, 39.933001 ], [ -75.238947, 39.93282 ], [ -75.238759, 39.932704 ], [ -75.238611, 39.93264 ], [ -75.238444, 39.932597 ], [ -75.238268, 39.932552 ], [ -75.238104, 39.932508 ], [ -75.23795, 39.932472 ], [ -75.237734, 39.932497 ], [ -75.237617, 39.932526 ], [ -75.237508, 39.932582 ], [ -75.237407, 39.932648 ], [ -75.237313, 39.93275 ], [ -75.237207, 39.93286 ], [ -75.237105, 39.932996 ], [ -75.236987, 39.933168 ], [ -75.236913, 39.933305 ], [ -75.236852, 39.933436 ], [ -75.236832, 39.933641 ], [ -75.236831, 39.933665 ], [ -75.236833, 39.933768 ], [ -75.236647, 39.933897 ], [ -75.23656, 39.933962 ], [ -75.235917, 39.934441 ], [ -75.235249, 39.934997 ], [ -75.234823, 39.935535 ], [ -75.234499, 39.93613 ], [ -75.234304, 39.936497 ], [ -75.233796, 39.936046 ], [ -75.234113, 39.935823 ], [ -75.233618, 39.935395 ], [ -75.233425, 39.93524 ], [ -75.233213, 39.935057 ], [ -75.233027, 39.93489 ], [ -75.232723, 39.934637 ], [ -75.232128, 39.934135 ], [ -75.231958, 39.933985 ], [ -75.231533, 39.933634 ], [ -75.231264, 39.933406 ], [ -75.231003, 39.933598 ], [ -75.230118, 39.932839 ], [ -75.229952, 39.932766 ], [ -75.229829, 39.932711 ], [ -75.228907, 39.931932 ], [ -75.228964, 39.931893 ], [ -75.228685, 39.931657 ], [ -75.228586, 39.931573 ], [ -75.227944, 39.931033 ], [ -75.228127, 39.930904 ], [ -75.228203, 39.930831 ], [ -75.227589, 39.930313 ], [ -75.227213, 39.930395 ], [ -75.225473, 39.930804 ], [ -75.2248, 39.930963 ], [ -75.22427, 39.931087 ], [ -75.223302, 39.931315 ], [ -75.222696, 39.930808 ], [ -75.22278, 39.930749 ], [ -75.223003, 39.930551 ], [ -75.223226, 39.930351 ], [ -75.223436, 39.930142 ], [ -75.223635, 39.929927 ], [ -75.223817, 39.929705 ], [ -75.223955, 39.929465 ], [ -75.224038, 39.929209 ], [ -75.224071, 39.928947 ], [ -75.224034, 39.928685 ], [ -75.223972, 39.928426 ], [ -75.223896, 39.928169 ], [ -75.223805, 39.927915 ], [ -75.223693, 39.927665 ], [ -75.223663, 39.927626 ], [ -75.223518, 39.927442 ], [ -75.223307, 39.927234 ], [ -75.223247, 39.927178 ], [ -75.221954, 39.928075 ], [ -75.221457, 39.927647 ], [ -75.221056, 39.927312 ], [ -75.220368, 39.926722 ], [ -75.219939, 39.927362 ], [ -75.219763, 39.927567 ], [ -75.219521, 39.927969 ], [ -75.219434, 39.928082 ], [ -75.21931, 39.928012 ], [ -75.217674, 39.927338 ], [ -75.216768, 39.926956 ], [ -75.219196, 39.923409 ], [ -75.21964, 39.922769 ], [ -75.221873, 39.919551 ], [ -75.223236, 39.917589 ], [ -75.224201, 39.916197 ], [ -75.224608, 39.915609 ], [ -75.224988, 39.915064 ], [ -75.225226, 39.914719 ], [ -75.225532, 39.914278 ], [ -75.225713, 39.914018 ], [ -75.225871, 39.913785 ], [ -75.226495, 39.912847 ], [ -75.226649, 39.912613 ], [ -75.226806, 39.912378 ], [ -75.226961, 39.912144 ], [ -75.227118, 39.911909 ], [ -75.227273, 39.911675 ], [ -75.22759, 39.911209 ], [ -75.227913, 39.910745 ], [ -75.228076, 39.910514 ], [ -75.228242, 39.910284 ], [ -75.228412, 39.910056 ], [ -75.228587, 39.90983 ], [ -75.22877, 39.909607 ], [ -75.22885, 39.909511 ], [ -75.229002, 39.909331 ], [ -75.229144, 39.909166 ], [ -75.22918, 39.909127 ], [ -75.229266, 39.909028 ], [ -75.230417, 39.911046 ], [ -75.230507, 39.911203 ], [ -75.230635, 39.911381 ], [ -75.230792, 39.911549 ], [ -75.23108, 39.911791 ], [ -75.231662, 39.912252 ], [ -75.232217, 39.912755 ], [ -75.232825, 39.913228 ], [ -75.233027, 39.913408 ], [ -75.23349, 39.913818 ], [ -75.233976, 39.913458 ], [ -75.234263, 39.913709 ], [ -75.234306, 39.914013 ], [ -75.2344, 39.913867 ], [ -75.234377, 39.913721 ], [ -75.234349, 39.913696 ], [ -75.234547, 39.913556 ], [ -75.234675, 39.91366 ], [ -75.234864, 39.913523 ], [ -75.234927, 39.913578 ], [ -75.234944, 39.913679 ], [ -75.235049, 39.913663 ], [ -75.235165, 39.913646 ], [ -75.23516, 39.913616 ], [ -75.235356, 39.913476 ], [ -75.235477, 39.913578 ], [ -75.235727, 39.913555 ], [ -75.235912, 39.913509 ], [ -75.236202, 39.913758 ], [ -75.236456, 39.913576 ], [ -75.237566, 39.912785 ], [ -75.237899, 39.91256 ], [ -75.238899, 39.91341 ], [ -75.238947, 39.913421 ], [ -75.239017, 39.913457 ], [ -75.23906, 39.913484 ], [ -75.239109, 39.913501 ], [ -75.23918, 39.913505 ], [ -75.239258, 39.913504 ], [ -75.2394, 39.913507 ], [ -75.239594, 39.913535 ], [ -75.23981, 39.913368 ], [ -75.240333, 39.912999 ], [ -75.240596, 39.913233 ], [ -75.241019, 39.912949 ], [ -75.243103, 39.91275 ], [ -75.243226, 39.913112 ], [ -75.243367, 39.913005 ], [ -75.243582, 39.912867 ], [ -75.243836, 39.913081 ], [ -75.244287, 39.913476 ], [ -75.244513, 39.91366 ], [ -75.244378, 39.913714 ], [ -75.243849, 39.914089 ] ] ] } },
{ "type": "Feature", "properties": { "ZCTA5CE20": "19143", "TFID": 216589999, "STATEFP20": "42", "COUNTYFP20": "101", "TRACTCE20": "008200", "BLKGRPCE20": "2", "BLOCKCE20": "2005", "SUFFIX1CE": null, "UACE20": "69076", "PUMACE20": "03227", "STATEFP": "42", "COUNTYFP": "101", "TRACTCE": "008200", "BLKGRPCE": "2", "COUSUBFP": "60000", "SUBMCDFP": null, "ESTATEFP": null, "CONCTYFP": null, "PLACEFP": "60000", "AIANNHFP": null, "AIANNHCE": null, "COMPTYP": null, "TRSUBFP": null, "TRSUBCE": null, "ANRCFP": null, "TTRACTCE": null, "TBLKGPCE": null, "ELSDLEA": null, "SCSDLEA": null, "UNSDLEA": "18990", "SDADMLEA": null, "CD118FP": "03", "SLDUST": "008", "SLDLST": "191", "CSAFP": "428", "CBSAFP": "37980", "METDIVFP": "37964", "LWFLAG": "L", "OFFSET": "N", "ATOTAL": 8839, "INTPTLAT": "+39.9482859", "INTPTLON": "-75.2405740", "DP04_DP04_0001E_x": "31391", "DP04_DP04_0002E_x": "27135", "DP04_DP04_0003E_x": "4256", "DP04_DP04_0089E_x": "152000", "DP04_DP04_0126E_x": "12922", "DP04_DP04_0134E_x": "1235", "DP04_DP04_0001E_y": "31391", "DP04_DP04_0002E_y": "27135", "DP04_DP04_0003E_y": "4256", "DP04_DP04_0089E_y": "152000", "DP04_DP04_0126E_y": "12922", "DP04_DP04_0134E_y": "1235", "DP03_DP03_0002E": "31517", "DP03_DP03_0007E": "17775", "DP03_DP03_0062E": "47964", "DP03_DP03_0063E": "70202", "DP03_DP03_0064E": "20568", "DP03_DP03_0086E": "62326", "DP03_DP03_0087E": "85508", "DP03_DP03_0088E": "30983", "DP03_DP03_0119PE": "18.6", "DP02_DP02_0001E": "27135", "DP02_DP02_0016E": "2.28", "DP02_DP02_0017E": "3.28", "DP02_DP02_0053E": "15088", "DP02_DP02_0059E": "42313", "DP02_DP02_0067E": "38574", "DP02_DP02_0068E": "13345", "DP1_DP1_0001C": "64648", "DP1_DP1_0025C": "29024", "DP1_DP1_0049C": "35624", "DP1_DP1_0076C": "64648", "DP1_DP1_0084C": "3311" }, "geometry": { "type": "Polygon", "coordinates": [ [ [ -75.233213, 39.935057 ], [ -75.233425, 39.93524 ], [ -75.233618, 39.935395 ], [ -75.234113, 39.935823 ], [ -75.233796, 39.936046 ], [ -75.234304, 39.936497 ], [ -75.234499, 39.93613 ], [ -75.234823, 39.935535 ], [ -75.235249, 39.934997 ], [ -75.235917, 39.934441 ], [ -75.23656, 39.933962 ], [ -75.236647, 39.933897 ], [ -75.236833, 39.933768 ], [ -75.236833, 39.933809 ], [ -75.236839, 39.933975 ], [ -75.23683, 39.934037 ], [ -75.236822, 39.934103 ], [ -75.236763, 39.934255 ], [ -75.236713, 39.934417 ], [ -75.236698, 39.934468 ], [ -75.236658, 39.93462 ], [ -75.23659, 39.934802 ], [ -75.236492, 39.935153 ], [ -75.236404, 39.935318 ], [ -75.236238, 39.9354 ], [ -75.236123, 39.935472 ], [ -75.23606, 39.935513 ], [ -75.235889, 39.935616 ], [ -75.235667, 39.935709 ], [ -75.235623, 39.935732 ], [ -75.235458, 39.935823 ], [ -75.235263, 39.93596 ], [ -75.234979, 39.936222 ], [ -75.23492, 39.936333 ], [ -75.234921, 39.936451 ], [ -75.234915, 39.936592 ], [ -75.234845, 39.93668 ], [ -75.234773, 39.936753 ], [ -75.234742, 39.936884 ], [ -75.234787, 39.937041 ], [ -75.23478, 39.937186 ], [ -75.2348, 39.937337 ], [ -75.234868, 39.937456 ], [ -75.234919, 39.937551 ], [ -75.234967, 39.93775 ], [ -75.234981, 39.938023 ], [ -75.235002, 39.938127 ], [ -75.235071, 39.938204 ], [ -75.235161, 39.938271 ], [ -75.235293, 39.938321 ], [ -75.235488, 39.938359 ], [ -75.235779, 39.938393 ], [ -75.235944, 39.938411 ], [ -75.236144, 39.938429 ], [ -75.236345, 39.938457 ], [ -75.236498, 39.938461 ], [ -75.236682, 39.938446 ], [ -75.236878, 39.938432 ], [ -75.237144, 39.938382 ], [ -75.237447, 39.938323 ], [ -75.237621, 39.938275 ], [ -75.237769, 39.93825 ], [ -75.237964, 39.938226 ], [ -75.238172, 39.93823 ], [ -75.238326, 39.938224 ], [ -75.238498, 39.938204 ], [ -75.238736, 39.938181 ], [ -75.238871, 39.938156 ], [ -75.239006, 39.93814 ], [ -75.239183, 39.938149 ], [ -75.239336, 39.938157 ], [ -75.239428, 39.938155 ], [ -75.23957, 39.938039 ], [ -75.239584, 39.938043 ], [ -75.239662, 39.938069 ], [ -75.239761, 39.938109 ], [ -75.239834, 39.938144 ], [ -75.239857, 39.938158 ], [ -75.239926, 39.938166 ], [ -75.240042, 39.9382 ], [ -75.240145, 39.938238 ], [ -75.24021, 39.938283 ], [ -75.240258, 39.938336 ], [ -75.240409, 39.938457 ], [ -75.240591, 39.938635 ], [ -75.240711, 39.938727 ], [ -75.240763, 39.938794 ], [ -75.24076, 39.938869 ], [ -75.240738, 39.938967 ], [ -75.240697, 39.939075 ], [ -75.240626, 39.939191 ], [ -75.240543, 39.939283 ], [ -75.240424, 39.939374 ], [ -75.240342, 39.939462 ], [ -75.24024, 39.939568 ], [ -75.240143, 39.939707 ], [ -75.240016, 39.93984 ], [ -75.23994, 39.939977 ], [ -75.239903, 39.940035 ], [ -75.239879, 39.940072 ], [ -75.239836, 39.940121 ], [ -75.239796, 39.940165 ], [ -75.239636, 39.940302 ], [ -75.239527, 39.940432 ], [ -75.239411, 39.940608 ], [ -75.239398, 39.940744 ], [ -75.239431, 39.94089 ], [ -75.239461, 39.941027 ], [ -75.239494, 39.94116 ], [ -75.239561, 39.941298 ], [ -75.239631, 39.941421 ], [ -75.239735, 39.941593 ], [ -75.239845, 39.941727 ], [ -75.239985, 39.94189 ], [ -75.240074, 39.941995 ], [ -75.240149, 39.942086 ], [ -75.240251, 39.94214 ], [ -75.240367, 39.942171 ], [ -75.240519, 39.942188 ], [ -75.240582, 39.942196 ], [ -75.240789, 39.942223 ], [ -75.240953, 39.942245 ], [ -75.241179, 39.942264 ], [ -75.2414, 39.942273 ], [ -75.241446, 39.942274 ], [ -75.24158, 39.942251 ], [ -75.241823, 39.942234 ], [ -75.242029, 39.94223 ], [ -75.242283, 39.942231 ], [ -75.242599, 39.942247 ], [ -75.242953, 39.942253 ], [ -75.243026, 39.942211 ], [ -75.243113, 39.942232 ], [ -75.243204, 39.942276 ], [ -75.243341, 39.942326 ], [ -75.243364, 39.942355 ], [ -75.243542, 39.942306 ], [ -75.243424, 39.942405 ], [ -75.243531, 39.942442 ], [ -75.243843, 39.942477 ], [ -75.244068, 39.942501 ], [ -75.24441, 39.942551 ], [ -75.244659, 39.942589 ], [ -75.245012, 39.942597 ], [ -75.245226, 39.942616 ], [ -75.245408, 39.94261 ], [ -75.245561, 39.942609 ], [ -75.24574, 39.942604 ], [ -75.245885, 39.942597 ], [ -75.246051, 39.942606 ], [ -75.24619, 39.942613 ], [ -75.246348, 39.942645 ], [ -75.246469, 39.942667 ], [ -75.246566, 39.942702 ], [ -75.246661, 39.942765 ], [ -75.246743, 39.942856 ], [ -75.246822, 39.94297 ], [ -75.246872, 39.943131 ], [ -75.246964, 39.943265 ], [ -75.246978, 39.943292 ], [ -75.247021, 39.943379 ], [ -75.247028, 39.943414 ], [ -75.247041, 39.943478 ], [ -75.247048, 39.94353 ], [ -75.247051, 39.943558 ], [ -75.247076, 39.943616 ], [ -75.247106, 39.943681 ], [ -75.247191, 39.943867 ], [ -75.247208, 39.943904 ], [ -75.247302, 39.94401 ], [ -75.247377, 39.944138 ], [ -75.247397, 39.944208 ], [ -75.247421, 39.94429 ], [ -75.247466, 39.94435 ], [ -75.247508, 39.944405 ], [ -75.247635, 39.944523 ], [ -75.247647, 39.944511 ], [ -75.247767, 39.944637 ], [ -75.247907, 39.944777 ], [ -75.2481, 39.944923 ], [ -75.248176, 39.94501 ], [ -75.248222, 39.9451 ], [ -75.24824, 39.945228 ], [ -75.248327, 39.945342 ], [ -75.248421, 39.945454 ], [ -75.24847, 39.945485 ], [ -75.248507, 39.94551 ], [ -75.248569, 39.945551 ], [ -75.248713, 39.945668 ], [ -75.248902, 39.945828 ], [ -75.249084, 39.945987 ], [ -75.249249, 39.946152 ], [ -75.249431, 39.946312 ], [ -75.249497, 39.946356 ], [ -75.249558, 39.94639 ], [ -75.249618, 39.94641 ], [ -75.249714, 39.946451 ], [ -75.249814, 39.946533 ], [ -75.249921, 39.946626 ], [ -75.24997, 39.946707 ], [ -75.250038, 39.946812 ], [ -75.250118, 39.94697 ], [ -75.250156, 39.947112 ], [ -75.250198, 39.947229 ], [ -75.250205, 39.947244 ], [ -75.250217, 39.947317 ], [ -75.25023, 39.947386 ], [ -75.250235, 39.947409 ], [ -75.250271, 39.947575 ], [ -75.250308, 39.947718 ], [ -75.250338, 39.947846 ], [ -75.250365, 39.947978 ], [ -75.250415, 39.948092 ], [ -75.250473, 39.948178 ], [ -75.250556, 39.948251 ], [ -75.250721, 39.948377 ], [ -75.250661, 39.948437 ], [ -75.250992, 39.948737 ], [ -75.251125, 39.948866 ], [ -75.251251, 39.948972 ], [ -75.251376, 39.949065 ], [ -75.251442, 39.949139 ], [ -75.251496, 39.949251 ], [ -75.251512, 39.949455 ], [ -75.251468, 39.949655 ], [ -75.251368, 39.949856 ], [ -75.25127, 39.949991 ], [ -75.251209, 39.950149 ], [ -75.251165, 39.950289 ], [ -75.251127, 39.950439 ], [ -75.25113, 39.950597 ], [ -75.251122, 39.950701 ], [ -75.251157, 39.95078 ], [ -75.251256, 39.950968 ], [ -75.25134, 39.951065 ], [ -75.251418, 39.951148 ], [ -75.251484, 39.95119 ], [ -75.251534, 39.951218 ], [ -75.25158, 39.951282 ], [ -75.251606, 39.951384 ], [ -75.251609, 39.951466 ], [ -75.251609, 39.9515 ], [ -75.251626, 39.951625 ], [ -75.251646, 39.951747 ], [ -75.251647, 39.951846 ], [ -75.251643, 39.951954 ], [ -75.251612, 39.952045 ], [ -75.251577, 39.952127 ], [ -75.251511, 39.95224 ], [ -75.25141, 39.952377 ], [ -75.251281, 39.952541 ], [ -75.251186, 39.952664 ], [ -75.251152, 39.95275 ], [ -75.251152, 39.952849 ], [ -75.251179, 39.952943 ], [ -75.251206, 39.953031 ], [ -75.251182, 39.953089 ], [ -75.251149, 39.953161 ], [ -75.2511, 39.953228 ], [ -75.251047, 39.953295 ], [ -75.250921, 39.953391 ], [ -75.250816, 39.953475 ], [ -75.250789, 39.953497 ], [ -75.250648, 39.953614 ], [ -75.250487, 39.953737 ], [ -75.250352, 39.953861 ], [ -75.250136, 39.954066 ], [ -75.250047, 39.954151 ], [ -75.250003, 39.954232 ], [ -75.249953, 39.95433 ], [ -75.249887, 39.954378 ], [ -75.249837, 39.954431 ], [ -75.249799, 39.954496 ], [ -75.249767, 39.95457 ], [ -75.249746, 39.95464 ], [ -75.24976, 39.954706 ], [ -75.249766, 39.954761 ], [ -75.24975, 39.954826 ], [ -75.249694, 39.954975 ], [ -75.249613, 39.95518 ], [ -75.249596, 39.955239 ], [ -75.249556, 39.95529 ], [ -75.249494, 39.955352 ], [ -75.249422, 39.955381 ], [ -75.249357, 39.955405 ], [ -75.24928, 39.955415 ], [ -75.249234, 39.955429 ], [ -75.249199, 39.955465 ], [ -75.249163, 39.955514 ], [ -75.249143, 39.95557 ], [ -75.249122, 39.955656 ], [ -75.249134, 39.955756 ], [ -75.249174, 39.95585 ], [ -75.249217, 39.955934 ], [ -75.249262, 39.956043 ], [ -75.249274, 39.956123 ], [ -75.249234, 39.956216 ], [ -75.249113, 39.956326 ], [ -75.249045, 39.956372 ], [ -75.248987, 39.956427 ], [ -75.248956, 39.956516 ], [ -75.248926, 39.956628 ], [ -75.248946, 39.956746 ], [ -75.249006, 39.956907 ], [ -75.249064, 39.956958 ], [ -75.249193, 39.957012 ], [ -75.249314, 39.957067 ], [ -75.2494, 39.95712 ], [ -75.249439, 39.957148 ], [ -75.249499, 39.957189 ], [ -75.249419, 39.957223 ], [ -75.249157, 39.957293 ], [ -75.248908, 39.957318 ], [ -75.248733, 39.957329 ], [ -75.248671, 39.957329 ], [ -75.248463, 39.957321 ], [ -75.248067, 39.957281 ], [ -75.247885, 39.957289 ], [ -75.247407, 39.957233 ], [ -75.247476, 39.956926 ], [ -75.245905, 39.956742 ], [ -75.245806, 39.95673 ], [ -75.243926, 39.956485 ], [ -75.243832, 39.956473 ], [ -75.242343, 39.956281 ], [ -75.242283, 39.956601 ], [ -75.241888, 39.956552 ], [ -75.24154, 39.956509 ], [ -75.241624, 39.956073 ], [ -75.240007, 39.955875 ], [ -75.239977, 39.956005 ], [ -75.23988, 39.955984 ], [ -75.238343, 39.955802 ], [ -75.238001, 39.955749 ], [ -75.237908, 39.955735 ], [ -75.236061, 39.955528 ], [ -75.236114, 39.955283 ], [ -75.236216, 39.954771 ], [ -75.234945, 39.954614 ], [ -75.234793, 39.955336 ], [ -75.234188, 39.955258 ], [ -75.234054, 39.955257 ], [ -75.233959, 39.955257 ], [ -75.233664, 39.955226 ], [ -75.23295, 39.955131 ], [ -75.232768, 39.955107 ], [ -75.231997, 39.955018 ], [ -75.231895, 39.955006 ], [ -75.229957, 39.954755 ], [ -75.229845, 39.954741 ], [ -75.228154, 39.954529 ], [ -75.228048, 39.954504 ], [ -75.227952, 39.954482 ], [ -75.226515, 39.954303 ], [ -75.226439, 39.954644 ], [ -75.226002, 39.954591 ], [ -75.225401, 39.954515 ], [ -75.225465, 39.954183 ], [ -75.224956, 39.954121 ], [ -75.224738, 39.954107 ], [ -75.224752, 39.954037 ], [ -75.224112, 39.953956 ], [ -75.224013, 39.953943 ], [ -75.223277, 39.953854 ], [ -75.223234, 39.953649 ], [ -75.222635, 39.953574 ], [ -75.222598, 39.953737 ], [ -75.222137, 39.953685 ], [ -75.222056, 39.954102 ], [ -75.221059, 39.953979 ], [ -75.220081, 39.953849 ], [ -75.220153, 39.953532 ], [ -75.220048, 39.953497 ], [ -75.219574, 39.953439 ], [ -75.219293, 39.953399 ], [ -75.219212, 39.953366 ], [ -75.219127, 39.953332 ], [ -75.218208, 39.953238 ], [ -75.218133, 39.953613 ], [ -75.217602, 39.953547 ], [ -75.217657, 39.953243 ], [ -75.21671, 39.953127 ], [ -75.216733, 39.953 ], [ -75.216327, 39.952951 ], [ -75.216343, 39.952875 ], [ -75.216236, 39.952863 ], [ -75.2157, 39.952805 ], [ -75.215711, 39.952751 ], [ -75.214771, 39.952634 ], [ -75.214747, 39.952745 ], [ -75.214341, 39.952694 ], [ -75.214242, 39.952681 ], [ -75.213787, 39.952619 ], [ -75.213812, 39.952523 ], [ -75.213332, 39.952462 ], [ -75.21336, 39.9523 ], [ -75.212791, 39.952228 ], [ -75.212838, 39.952004 ], [ -75.212866, 39.951869 ], [ -75.21288, 39.951802 ], [ -75.212704, 39.95178 ], [ -75.212768, 39.951469 ], [ -75.212921, 39.951487 ], [ -75.212979, 39.951203 ], [ -75.213029, 39.951112 ], [ -75.213065, 39.951046 ], [ -75.21319, 39.95045 ], [ -75.213228, 39.950355 ], [ -75.21349, 39.949009 ], [ -75.21292, 39.949065 ], [ -75.212578, 39.948798 ], [ -75.212275, 39.948543 ], [ -75.212683, 39.948226 ], [ -75.21253, 39.948097 ], [ -75.212693, 39.947983 ], [ -75.212585, 39.947893 ], [ -75.212503, 39.947952 ], [ -75.21234, 39.94781 ], [ -75.212262, 39.947845 ], [ -75.2122, 39.947794 ], [ -75.211774, 39.94812 ], [ -75.211389, 39.947796 ], [ -75.210743, 39.94725 ], [ -75.210103, 39.946697 ], [ -75.209792, 39.946439 ], [ -75.2101, 39.94621 ], [ -75.209019, 39.945261 ], [ -75.2089, 39.945185 ], [ -75.208872, 39.945209 ], [ -75.208595, 39.94545 ], [ -75.208484, 39.945139 ], [ -75.208376, 39.944953 ], [ -75.208259, 39.944844 ], [ -75.208116, 39.944771 ], [ -75.207982, 39.944706 ], [ -75.207856, 39.944632 ], [ -75.207813, 39.944559 ], [ -75.207739, 39.944459 ], [ -75.20767, 39.944416 ], [ -75.207584, 39.944372 ], [ -75.207475, 39.944325 ], [ -75.207358, 39.944294 ], [ -75.207255, 39.944286 ], [ -75.207068, 39.944294 ], [ -75.206934, 39.944294 ], [ -75.206796, 39.944282 ], [ -75.206601, 39.944173 ], [ -75.206445, 39.944069 ], [ -75.206358, 39.944035 ], [ -75.206289, 39.944009 ], [ -75.206216, 39.944004 ], [ -75.206155, 39.944009 ], [ -75.206047, 39.944074 ], [ -75.205956, 39.944169 ], [ -75.205908, 39.944234 ], [ -75.205798, 39.944342 ], [ -75.205778, 39.944329 ], [ -75.205705, 39.944286 ], [ -75.205471, 39.944143 ], [ -75.205428, 39.944121 ], [ -75.205313, 39.944102 ], [ -75.205203, 39.943771 ], [ -75.20506, 39.943624 ], [ -75.205224, 39.943518 ], [ -75.205473, 39.943335 ], [ -75.205715, 39.943149 ], [ -75.205955, 39.942961 ], [ -75.206188, 39.942769 ], [ -75.206417, 39.942573 ], [ -75.206643, 39.942375 ], [ -75.207075, 39.941967 ], [ -75.20729, 39.941762 ], [ -75.20751, 39.94156 ], [ -75.207739, 39.941366 ], [ -75.207838, 39.941286 ], [ -75.207099, 39.941281 ], [ -75.206856, 39.941263 ], [ -75.206081, 39.941204 ], [ -75.205878, 39.941185 ], [ -75.205286, 39.941131 ], [ -75.205185, 39.941116 ], [ -75.205259, 39.940675 ], [ -75.205266, 39.940605 ], [ -75.205284, 39.940446 ], [ -75.205431, 39.93877 ], [ -75.205468, 39.938355 ], [ -75.205578, 39.937111 ], [ -75.205643, 39.936882 ], [ -75.20604, 39.935481 ], [ -75.206072, 39.935371 ], [ -75.206101, 39.935281 ], [ -75.206173, 39.935067 ], [ -75.206204, 39.934974 ], [ -75.206322, 39.934759 ], [ -75.20655, 39.934443 ], [ -75.206837, 39.934086 ], [ -75.207433, 39.933513 ], [ -75.207479, 39.933522 ], [ -75.208706, 39.931531 ], [ -75.211253, 39.928519 ], [ -75.211305, 39.928396 ], [ -75.212428, 39.92523 ], [ -75.213308, 39.92554 ], [ -75.213407, 39.925581 ], [ -75.214806, 39.926166 ], [ -75.214919, 39.926215 ], [ -75.216738, 39.926942 ], [ -75.216768, 39.926956 ], [ -75.217674, 39.927338 ], [ -75.21931, 39.928012 ], [ -75.219434, 39.928082 ], [ -75.219521, 39.927969 ], [ -75.219763, 39.927567 ], [ -75.219939, 39.927362 ], [ -75.220368, 39.926722 ], [ -75.221056, 39.927312 ], [ -75.221457, 39.927647 ], [ -75.221954, 39.928075 ], [ -75.223247, 39.927178 ], [ -75.223307, 39.927234 ], [ -75.223518, 39.927442 ], [ -75.223663, 39.927626 ], [ -75.223693, 39.927665 ], [ -75.223805, 39.927915 ], [ -75.223896, 39.928169 ], [ -75.223972, 39.928426 ], [ -75.224034, 39.928685 ], [ -75.224071, 39.928947 ], [ -75.224038, 39.929209 ], [ -75.223955, 39.929465 ], [ -75.223817, 39.929705 ], [ -75.223635, 39.929927 ], [ -75.223436, 39.930142 ], [ -75.223226, 39.930351 ], [ -75.223003, 39.930551 ], [ -75.22278, 39.930749 ], [ -75.222696, 39.930808 ], [ -75.223302, 39.931315 ], [ -75.22427, 39.931087 ], [ -75.2248, 39.930963 ], [ -75.225473, 39.930804 ], [ -75.227213, 39.930395 ], [ -75.227589, 39.930313 ], [ -75.228203, 39.930831 ], [ -75.228127, 39.930904 ], [ -75.227944, 39.931033 ], [ -75.228586, 39.931573 ], [ -75.228685, 39.931657 ], [ -75.228964, 39.931893 ], [ -75.228907, 39.931932 ], [ -75.229829, 39.932711 ], [ -75.229952, 39.932766 ], [ -75.230118, 39.932839 ], [ -75.231003, 39.933598 ], [ -75.231264, 39.933406 ], [ -75.231533, 39.933634 ], [ -75.231958, 39.933985 ], [ -75.232128, 39.934135 ], [ -75.232723, 39.934637 ], [ -75.233027, 39.93489 ], [ -75.233213, 39.935057 ] ] ] } },
{ "type": "Feature", "properties": { "ZCTA5CE20": "19144", "TFID": 216589941, "STATEFP20": "42", "COUNTYFP20": "101", "TRACTCE20": "980100", "BLKGRPCE20": "1", "BLOCKCE20": "1051", "SUFFIX1CE": null, "UACE20": "69076", "PUMACE20": "03216", "STATEFP": "42", "COUNTYFP": "101", "TRACTCE": "980100", "BLKGRPCE": "1", "COUSUBFP": "60000", "SUBMCDFP": null, "ESTATEFP": null, "CONCTYFP": null, "PLACEFP": "60000", "AIANNHFP": null, "AIANNHCE": null, "COMPTYP": null, "TRSUBFP": null, "TRSUBCE": null, "ANRCFP": null, "TTRACTCE": null, "TBLKGPCE": null, "ELSDLEA": null, "SCSDLEA": null, "UNSDLEA": "18990", "SDADMLEA": null, "CD118FP": "03", "SLDUST": "007", "SLDLST": "194", "CSAFP": "428", "CBSAFP": "37980", "METDIVFP": "37964", "LWFLAG": "L", "OFFSET": "N", "ATOTAL": 16546, "INTPTLAT": "+40.0178918", "INTPTLON": "-75.2020591", "DP04_DP04_0001E_x": "23583", "DP04_DP04_0002E_x": "21686", "DP04_DP04_0003E_x": "1897", "DP04_DP04_0089E_x": "224600", "DP04_DP04_0126E_x": "13822", "DP04_DP04_0134E_x": "1110", "DP04_DP04_0001E_y": "23583", "DP04_DP04_0002E_y": "21686", "DP04_DP04_0003E_y": "1897", "DP04_DP04_0089E_y": "224600", "DP04_DP04_0126E_y": "13822", "DP04_DP04_0134E_y": "1110", "DP03_DP03_0002E": "24184", "DP03_DP03_0007E": "15273", "DP03_DP03_0062E": "45727", "DP03_DP03_0063E": "67573", "DP03_DP03_0064E": "15415", "DP03_DP03_0086E": "71231", "DP03_DP03_0087E": "94996", "DP03_DP03_0088E": "31205", "DP03_DP03_0119PE": "18.7", "DP02_DP02_0001E": "21686", "DP02_DP02_0016E": "2.11", "DP02_DP02_0017E": "3.25", "DP02_DP02_0053E": "12788", "DP02_DP02_0059E": "32332", "DP02_DP02_0067E": "28979", "DP02_DP02_0068E": "11352", "DP1_DP1_0001C": "44481", "DP1_DP1_0025C": "19828", "DP1_DP1_0049C": "24653", "DP1_DP1_0076C": "44481", "DP1_DP1_0084C": "2404" }, "geometry": { "type": "Polygon", "coordinates": [ [ [ -75.202061, 40.017702 ], [ -75.202251, 40.017794 ], [ -75.20237, 40.017851 ], [ -75.202553, 40.017941 ], [ -75.202537, 40.01797 ], [ -75.202528, 40.018014 ], [ -75.20253, 40.018049 ], [ -75.202528, 40.018094 ], [ -75.202522, 40.01812 ], [ -75.202504, 40.018159 ], [ -75.202491, 40.018209 ], [ -75.202473, 40.018261 ], [ -75.202439, 40.018319 ], [ -75.2023, 40.018562 ], [ -75.202234, 40.018688 ], [ -75.202121, 40.018877 ], [ -75.202085, 40.018933 ], [ -75.202039, 40.019001 ], [ -75.202023, 40.019026 ], [ -75.201999, 40.019058 ], [ -75.201984, 40.019109 ], [ -75.201961, 40.019149 ], [ -75.201918, 40.019219 ], [ -75.201868, 40.019303 ], [ -75.201821, 40.019389 ], [ -75.20177, 40.019473 ], [ -75.201735, 40.019527 ], [ -75.20168, 40.019603 ], [ -75.20161, 40.019705 ], [ -75.201571, 40.019758 ], [ -75.201542, 40.019806 ], [ -75.201519, 40.019847 ], [ -75.201479, 40.019927 ], [ -75.201434, 40.020007 ], [ -75.201399, 40.020079 ], [ -75.201354, 40.020152 ], [ -75.201321, 40.020186 ], [ -75.20129, 40.020223 ], [ -75.20125, 40.02028 ], [ -75.201223, 40.020323 ], [ -75.201163, 40.020409 ], [ -75.201106, 40.020525 ], [ -75.201068, 40.020598 ], [ -75.20106, 40.020637 ], [ -75.201003, 40.020728 ], [ -75.200986, 40.02076 ], [ -75.200961, 40.02082 ], [ -75.200929, 40.02091 ], [ -75.200898, 40.020963 ], [ -75.200856, 40.021031 ], [ -75.200839, 40.021061 ], [ -75.200826, 40.021098 ], [ -75.200816, 40.021149 ], [ -75.200805, 40.021241 ], [ -75.20078, 40.021376 ], [ -75.200734, 40.021444 ], [ -75.200701, 40.021509 ], [ -75.200678, 40.021546 ], [ -75.200632, 40.021605 ], [ -75.200581, 40.021657 ], [ -75.200495, 40.021737 ], [ -75.200453, 40.021786 ], [ -75.200419, 40.021824 ], [ -75.200367, 40.021862 ], [ -75.200289, 40.02194 ], [ -75.20019, 40.022028 ], [ -75.2, 40.022178 ], [ -75.199785, 40.02234 ], [ -75.199652, 40.022431 ], [ -75.1996, 40.022458 ], [ -75.199424, 40.022532 ], [ -75.19932, 40.022573 ], [ -75.19924, 40.022593 ], [ -75.199164, 40.022621 ], [ -75.199081, 40.022658 ], [ -75.198988, 40.022684 ], [ -75.198883, 40.022723 ], [ -75.198777, 40.022757 ], [ -75.198457, 40.02285 ], [ -75.198336, 40.022883 ], [ -75.19824, 40.022914 ], [ -75.198135, 40.022958 ], [ -75.198056, 40.022997 ], [ -75.197987, 40.023029 ], [ -75.197887, 40.023069 ], [ -75.197691, 40.023162 ], [ -75.197612, 40.023218 ], [ -75.197537, 40.023257 ], [ -75.197443, 40.023319 ], [ -75.197341, 40.023375 ], [ -75.197221, 40.023431 ], [ -75.197124, 40.02347 ], [ -75.197023, 40.02352 ], [ -75.196919, 40.023574 ], [ -75.196834, 40.023624 ], [ -75.196709, 40.023693 ], [ -75.196582, 40.023769 ], [ -75.196457, 40.023847 ], [ -75.196321, 40.023928 ], [ -75.196221, 40.023985 ], [ -75.196079, 40.024053 ], [ -75.195991, 40.024109 ], [ -75.195947, 40.024136 ], [ -75.195843, 40.024201 ], [ -75.195814, 40.024222 ], [ -75.19579, 40.024237 ], [ -75.195761, 40.024252 ], [ -75.195646, 40.024298 ], [ -75.1956, 40.024321 ], [ -75.195567, 40.024351 ], [ -75.195545, 40.024389 ], [ -75.195527, 40.024433 ], [ -75.195501, 40.024517 ], [ -75.195475, 40.024587 ], [ -75.195454, 40.024636 ], [ -75.195428, 40.024683 ], [ -75.195407, 40.024728 ], [ -75.195383, 40.02477 ], [ -75.195357, 40.024794 ], [ -75.195339, 40.024814 ], [ -75.19534, 40.024846 ], [ -75.195334, 40.024899 ], [ -75.195329, 40.024963 ], [ -75.195332, 40.02501 ], [ -75.195332, 40.025081 ], [ -75.19532, 40.025167 ], [ -75.195314, 40.025244 ], [ -75.195312, 40.025313 ], [ -75.195294, 40.025372 ], [ -75.195263, 40.025442 ], [ -75.195193, 40.025559 ], [ -75.19516, 40.025631 ], [ -75.195131, 40.025714 ], [ -75.19507, 40.025862 ], [ -75.195039, 40.025905 ], [ -75.194979, 40.025941 ], [ -75.194921, 40.025977 ], [ -75.194845, 40.026036 ], [ -75.194776, 40.026087 ], [ -75.194657, 40.026193 ], [ -75.194576, 40.026245 ], [ -75.194507, 40.026288 ], [ -75.194439, 40.026339 ], [ -75.194369, 40.026384 ], [ -75.194296, 40.026425 ], [ -75.194231, 40.026472 ], [ -75.194181, 40.026514 ], [ -75.194135, 40.02656 ], [ -75.194075, 40.026604 ], [ -75.193989, 40.026659 ], [ -75.193847, 40.02674 ], [ -75.193801, 40.026777 ], [ -75.193781, 40.02681 ], [ -75.19377, 40.026849 ], [ -75.193752, 40.026905 ], [ -75.19371, 40.026963 ], [ -75.193656, 40.027015 ], [ -75.193599, 40.027066 ], [ -75.193551, 40.027106 ], [ -75.193528, 40.027124 ], [ -75.193475, 40.027175 ], [ -75.193424, 40.027229 ], [ -75.193382, 40.027289 ], [ -75.193354, 40.027336 ], [ -75.193339, 40.027379 ], [ -75.193327, 40.027424 ], [ -75.193322, 40.027471 ], [ -75.193322, 40.027496 ], [ -75.19332, 40.027515 ], [ -75.19333, 40.027548 ], [ -75.193356, 40.027579 ], [ -75.193385, 40.0276 ], [ -75.19345, 40.027627 ], [ -75.19353, 40.027654 ], [ -75.193624, 40.02767 ], [ -75.193699, 40.027667 ], [ -75.193892, 40.027631 ], [ -75.194003, 40.027615 ], [ -75.194127, 40.027594 ], [ -75.194239, 40.02757 ], [ -75.194337, 40.027536 ], [ -75.194414, 40.027502 ], [ -75.194526, 40.027473 ], [ -75.19465, 40.027449 ], [ -75.19477, 40.027418 ], [ -75.19491, 40.027404 ], [ -75.195048, 40.027402 ], [ -75.19519, 40.027402 ], [ -75.195534, 40.02742 ], [ -75.195693, 40.027436 ], [ -75.195811, 40.027442 ], [ -75.195902, 40.027437 ], [ -75.195988, 40.027436 ], [ -75.196053, 40.027438 ], [ -75.196078, 40.027437 ], [ -75.196207, 40.0274 ], [ -75.196309, 40.027398 ], [ -75.196356, 40.027407 ], [ -75.196422, 40.027397 ], [ -75.196509, 40.027369 ], [ -75.196615, 40.027349 ], [ -75.196717, 40.027349 ], [ -75.196848, 40.027368 ], [ -75.196963, 40.027382 ], [ -75.197081, 40.027399 ], [ -75.197193, 40.027431 ], [ -75.197287, 40.027468 ], [ -75.19738, 40.027513 ], [ -75.19747, 40.027558 ], [ -75.197559, 40.027604 ], [ -75.197641, 40.027636 ], [ -75.19772, 40.027693 ], [ -75.197583, 40.027724 ], [ -75.197633, 40.027797 ], [ -75.197741, 40.028086 ], [ -75.197854, 40.028314 ], [ -75.19789, 40.028395 ], [ -75.197927, 40.028478 ], [ -75.198077, 40.028702 ], [ -75.198158, 40.028911 ], [ -75.198241, 40.029135 ], [ -75.19829, 40.029338 ], [ -75.19829, 40.029526 ], [ -75.198248, 40.029753 ], [ -75.1982, 40.030057 ], [ -75.198137, 40.030358 ], [ -75.198091, 40.030606 ], [ -75.198053, 40.03084 ], [ -75.198081, 40.030983 ], [ -75.198189, 40.031169 ], [ -75.198367, 40.031385 ], [ -75.19857, 40.031605 ], [ -75.198745, 40.031752 ], [ -75.199, 40.031892 ], [ -75.199178, 40.032004 ], [ -75.19937, 40.032147 ], [ -75.199569, 40.032266 ], [ -75.199658, 40.032324 ], [ -75.199596, 40.032388 ], [ -75.19925, 40.032732 ], [ -75.199037, 40.032959 ], [ -75.198677, 40.033102 ], [ -75.197918, 40.033243 ], [ -75.197573, 40.033257 ], [ -75.197266, 40.033283 ], [ -75.197175, 40.03333 ], [ -75.197121, 40.033375 ], [ -75.197301, 40.033625 ], [ -75.197535, 40.033892 ], [ -75.197622, 40.034161 ], [ -75.197646, 40.034269 ], [ -75.197674, 40.034404 ], [ -75.19727, 40.034589 ], [ -75.193981, 40.036098 ], [ -75.19329, 40.03552 ], [ -75.193127, 40.035381 ], [ -75.192935, 40.035463 ], [ -75.190987, 40.037353 ], [ -75.191573, 40.038428 ], [ -75.191129, 40.03884 ], [ -75.190086, 40.038232 ], [ -75.189242, 40.039048 ], [ -75.189361, 40.039338 ], [ -75.189459, 40.03959 ], [ -75.189551, 40.039843 ], [ -75.1896, 40.039987 ], [ -75.189638, 40.040098 ], [ -75.189718, 40.040354 ], [ -75.189795, 40.040611 ], [ -75.189863, 40.040868 ], [ -75.189928, 40.041127 ], [ -75.189989, 40.041386 ], [ -75.190045, 40.041646 ], [ -75.190099, 40.041906 ], [ -75.190149, 40.042166 ], [ -75.190195, 40.042427 ], [ -75.19025, 40.042788 ], [ -75.189479, 40.042307 ], [ -75.188297, 40.041547 ], [ -75.188211, 40.041592 ], [ -75.187755, 40.042063 ], [ -75.187221, 40.042586 ], [ -75.186, 40.04376 ], [ -75.185522, 40.044221 ], [ -75.185553, 40.044312 ], [ -75.185135, 40.044045 ], [ -75.185045, 40.044146 ], [ -75.18371, 40.045445 ], [ -75.18308, 40.045068 ], [ -75.182203, 40.045894 ], [ -75.182797, 40.047074 ], [ -75.181388, 40.048468 ], [ -75.180256, 40.047799 ], [ -75.179194, 40.048872 ], [ -75.178519, 40.049518 ], [ -75.177447, 40.050609 ], [ -75.175804, 40.052241 ], [ -75.175261, 40.051883 ], [ -75.175152, 40.051809 ], [ -75.176758, 40.050201 ], [ -75.176356, 40.049943 ], [ -75.175115, 40.051143 ], [ -75.174593, 40.050808 ], [ -75.174782, 40.050621 ], [ -75.173884, 40.050058 ], [ -75.17326, 40.050667 ], [ -75.172888, 40.050431 ], [ -75.172658, 40.050059 ], [ -75.172182, 40.04926 ], [ -75.171986, 40.049451 ], [ -75.171591, 40.049203 ], [ -75.171667, 40.04913 ], [ -75.171445, 40.048984 ], [ -75.171095, 40.04933 ], [ -75.170884, 40.049199 ], [ -75.170714, 40.049097 ], [ -75.170604, 40.049029 ], [ -75.170327, 40.048347 ], [ -75.170017, 40.047593 ], [ -75.169912, 40.047343 ], [ -75.169795, 40.047095 ], [ -75.169779, 40.047059 ], [ -75.169148, 40.047666 ], [ -75.168631, 40.047305 ], [ -75.16858, 40.047269 ], [ -75.168408, 40.047202 ], [ -75.168073, 40.046992 ], [ -75.168019, 40.046954 ], [ -75.167967, 40.046917 ], [ -75.168082, 40.046807 ], [ -75.167385, 40.046378 ], [ -75.167306, 40.046342 ], [ -75.167226, 40.046306 ], [ -75.166516, 40.045865 ], [ -75.166452, 40.045819 ], [ -75.166383, 40.045771 ], [ -75.166069, 40.045575 ], [ -75.165789, 40.045402 ], [ -75.165385, 40.04581 ], [ -75.16483, 40.045468 ], [ -75.164576, 40.045312 ], [ -75.164708, 40.045175 ], [ -75.164554, 40.04508 ], [ -75.16472, 40.044927 ], [ -75.164938, 40.044715 ], [ -75.164912, 40.044692 ], [ -75.1652, 40.044408 ], [ -75.164974, 40.044263 ], [ -75.164389, 40.044842 ], [ -75.164064, 40.044623 ], [ -75.163969, 40.044576 ], [ -75.163906, 40.044545 ], [ -75.163821, 40.044494 ], [ -75.163873, 40.044443 ], [ -75.163651, 40.044315 ], [ -75.163596, 40.044276 ], [ -75.163553, 40.044246 ], [ -75.163276, 40.044075 ], [ -75.163228, 40.044121 ], [ -75.162994, 40.043969 ], [ -75.162937, 40.043931 ], [ -75.162873, 40.043888 ], [ -75.162845, 40.043917 ], [ -75.161787, 40.043253 ], [ -75.161583, 40.043129 ], [ -75.161526, 40.043093 ], [ -75.161473, 40.043059 ], [ -75.161516, 40.043015 ], [ -75.161453, 40.042987 ], [ -75.161513, 40.042929 ], [ -75.161289, 40.042793 ], [ -75.161472, 40.042617 ], [ -75.161183, 40.042444 ], [ -75.161063, 40.04256 ], [ -75.160764, 40.042378 ], [ -75.161004, 40.042146 ], [ -75.160702, 40.041945 ], [ -75.160188, 40.041603 ], [ -75.160088, 40.041599 ], [ -75.159272, 40.041109 ], [ -75.158675, 40.041691 ], [ -75.158341, 40.042021 ], [ -75.158358, 40.041487 ], [ -75.157951, 40.041258 ], [ -75.156985, 40.040772 ], [ -75.156307, 40.040434 ], [ -75.156339, 40.041274 ], [ -75.155999, 40.041278 ], [ -75.155352, 40.041279 ], [ -75.155063, 40.041263 ], [ -75.154735, 40.041217 ], [ -75.154411, 40.041131 ], [ -75.154068, 40.041016 ], [ -75.15389, 40.040931 ], [ -75.153723, 40.040842 ], [ -75.153944, 40.039837 ], [ -75.154226, 40.039872 ], [ -75.154326, 40.039893 ], [ -75.154415, 40.039493 ], [ -75.155001, 40.036749 ], [ -75.155057, 40.036521 ], [ -75.155181, 40.036366 ], [ -75.155518, 40.036101 ], [ -75.155426, 40.03596 ], [ -75.155329, 40.035715 ], [ -75.155304, 40.035515 ], [ -75.155326, 40.0353 ], [ -75.155819, 40.033075 ], [ -75.155822, 40.032877 ], [ -75.155791, 40.03269 ], [ -75.155722, 40.032502 ], [ -75.155642, 40.032347 ], [ -75.155516, 40.032183 ], [ -75.154776, 40.031452 ], [ -75.156508, 40.031111 ], [ -75.156513, 40.030457 ], [ -75.156498, 40.03038 ], [ -75.156498, 40.03014 ], [ -75.156381, 40.030129 ], [ -75.156062, 40.030089 ], [ -75.15622, 40.029376 ], [ -75.156331, 40.028819 ], [ -75.155961, 40.028768 ], [ -75.155171, 40.028674 ], [ -75.155284, 40.028173 ], [ -75.155376, 40.027682 ], [ -75.155455, 40.027299 ], [ -75.155502, 40.027069 ], [ -75.155694, 40.02613 ], [ -75.15536, 40.026324 ], [ -75.154489, 40.026778 ], [ -75.154175, 40.02693 ], [ -75.153906, 40.026939 ], [ -75.154012, 40.026445 ], [ -75.154064, 40.026198 ], [ -75.154124, 40.025919 ], [ -75.154245, 40.025634 ], [ -75.156049, 40.02469 ], [ -75.156965, 40.024221 ], [ -75.157153, 40.02413 ], [ -75.157241, 40.024088 ], [ -75.157828, 40.023753 ], [ -75.157904, 40.023703 ], [ -75.159035, 40.0228 ], [ -75.158272, 40.021859 ], [ -75.158022, 40.02154 ], [ -75.158599, 40.02131 ], [ -75.159574, 40.020923 ], [ -75.160205, 40.021311 ], [ -75.160467, 40.020738 ], [ -75.160587, 40.020472 ], [ -75.160638, 40.020333 ], [ -75.160656, 40.020266 ], [ -75.16068, 40.020146 ], [ -75.160733, 40.020139 ], [ -75.161013, 40.020056 ], [ -75.161656, 40.019865 ], [ -75.162601, 40.019586 ], [ -75.162647, 40.019571 ], [ -75.163758, 40.019234 ], [ -75.164337, 40.01906 ], [ -75.165382, 40.018764 ], [ -75.166005, 40.01862 ], [ -75.166724, 40.018498 ], [ -75.167, 40.018467 ], [ -75.167889, 40.018367 ], [ -75.169644, 40.018119 ], [ -75.170778, 40.01796 ], [ -75.171944, 40.017724 ], [ -75.172122, 40.01767 ], [ -75.172342, 40.017604 ], [ -75.172937, 40.017403 ], [ -75.173405, 40.017226 ], [ -75.174037, 40.016962 ], [ -75.17486, 40.01653 ], [ -75.175218, 40.016318 ], [ -75.175669, 40.016051 ], [ -75.176493, 40.015561 ], [ -75.176825, 40.015365 ], [ -75.177316, 40.015073 ], [ -75.177869, 40.014687 ], [ -75.178229, 40.014435 ], [ -75.17834, 40.014522 ], [ -75.178464, 40.014619 ], [ -75.177616, 40.015213 ], [ -75.177026, 40.015557 ], [ -75.176832, 40.01567 ], [ -75.17585, 40.016254 ], [ -75.17661, 40.0171 ], [ -75.176997, 40.017534 ], [ -75.177192, 40.01775 ], [ -75.177385, 40.017967 ], [ -75.177566, 40.018191 ], [ -75.177711, 40.01843 ], [ -75.177829, 40.018677 ], [ -75.177932, 40.018928 ], [ -75.178029, 40.019181 ], [ -75.178121, 40.019435 ], [ -75.178218, 40.019688 ], [ -75.178298, 40.019962 ], [ -75.178351, 40.020221 ], [ -75.178352, 40.020258 ], [ -75.178363, 40.020484 ], [ -75.17835, 40.020748 ], [ -75.178322, 40.02101 ], [ -75.178292, 40.021272 ], [ -75.178229, 40.021796 ], [ -75.178162, 40.02232 ], [ -75.178141, 40.022595 ], [ -75.179034, 40.023329 ], [ -75.17945, 40.023046 ], [ -75.179954, 40.023065 ], [ -75.182456, 40.025343 ], [ -75.183996, 40.024772 ], [ -75.184932, 40.024399 ], [ -75.187818, 40.023338 ], [ -75.188079, 40.023242 ], [ -75.188612, 40.023057 ], [ -75.189429, 40.022746 ], [ -75.186991, 40.02066 ], [ -75.187681, 40.020158 ], [ -75.190296, 40.022355 ], [ -75.190401, 40.022294 ], [ -75.190528, 40.022182 ], [ -75.190965, 40.021781 ], [ -75.190539, 40.021408 ], [ -75.190382, 40.021176 ], [ -75.190302, 40.020966 ], [ -75.191707, 40.019869 ], [ -75.192152, 40.020317 ], [ -75.192405, 40.020495 ], [ -75.19309, 40.020954 ], [ -75.193481, 40.021354 ], [ -75.19369, 40.02164 ], [ -75.193976, 40.022004 ], [ -75.194495, 40.022663 ], [ -75.194955, 40.023142 ], [ -75.195011, 40.023198 ], [ -75.196061, 40.022503 ], [ -75.197636, 40.021461 ], [ -75.199854, 40.01937 ], [ -75.201269, 40.017189 ], [ -75.20129, 40.017202 ], [ -75.202061, 40.017702 ] ] ] } },
{ "type": "Feature", "properties": { "ZCTA5CE20": "19145", "TFID": 216590831, "STATEFP20": "42", "COUNTYFP20": "101", "TRACTCE20": "003600", "BLKGRPCE20": "3", "BLOCKCE20": "3036", "SUFFIX1CE": null, "UACE20": "69076", "PUMACE20": "03231", "STATEFP": "42", "COUNTYFP": "101", "TRACTCE": "003600", "BLKGRPCE": "3", "COUSUBFP": "60000", "SUBMCDFP": null, "ESTATEFP": null, "CONCTYFP": null, "PLACEFP": "60000", "AIANNHFP": null, "AIANNHCE": null, "COMPTYP": null, "TRSUBFP": null, "TRSUBCE": null, "ANRCFP": null, "TTRACTCE": null, "TBLKGPCE": null, "ELSDLEA": null, "SCSDLEA": null, "UNSDLEA": "18990", "SDADMLEA": null, "CD118FP": "03", "SLDUST": "008", "SLDLST": "186", "CSAFP": "428", "CBSAFP": "37980", "METDIVFP": "37964", "LWFLAG": "L", "OFFSET": "N", "ATOTAL": 6176, "INTPTLAT": "+39.9216064", "INTPTLON": "-75.1941917", "DP04_DP04_0001E_x": "21295", "DP04_DP04_0002E_x": "19139", "DP04_DP04_0003E_x": "2156", "DP04_DP04_0089E_x": "290100", "DP04_DP04_0126E_x": "7578", "DP04_DP04_0134E_x": "1343", "DP04_DP04_0001E_y": "21295", "DP04_DP04_0002E_y": "19139", "DP04_DP04_0003E_y": "2156", "DP04_DP04_0089E_y": "290100", "DP04_DP04_0126E_y": "7578", "DP04_DP04_0134E_y": "1343", "DP03_DP03_0002E": "23926", "DP03_DP03_0007E": "12462", "DP03_DP03_0062E": "70374", "DP03_DP03_0063E": "87268", "DP03_DP03_0064E": "14718", "DP03_DP03_0086E": "88304", "DP03_DP03_0087E": "102967", "DP03_DP03_0088E": "39120", "DP03_DP03_0119PE": "13.4", "DP02_DP02_0001E": "19139", "DP02_DP02_0016E": "2.23", "DP02_DP02_0017E": "3.01", "DP02_DP02_0053E": "8361", "DP02_DP02_0059E": "32609", "DP02_DP02_0067E": "29005", "DP02_DP02_0068E": "11766", "DP1_DP1_0001C": "47079", "DP1_DP1_0025C": "22500", "DP1_DP1_0049C": "24579", "DP1_DP1_0076C": "47079", "DP1_DP1_0084C": "2330" }, "geometry": { "type": "Polygon", "coordinates": [ [ [ -75.208124, 39.895675 ], [ -75.211762, 39.897747 ], [ -75.211807, 39.897801 ], [ -75.214927, 39.901616 ], [ -75.216123, 39.909637 ], [ -75.21454, 39.910661 ], [ -75.213906, 39.911072 ], [ -75.212149, 39.911151 ], [ -75.206841, 39.911186 ], [ -75.206377, 39.911772 ], [ -75.205718, 39.912717 ], [ -75.2055, 39.91304 ], [ -75.204471, 39.914573 ], [ -75.204342, 39.914772 ], [ -75.204148, 39.915073 ], [ -75.20209, 39.918555 ], [ -75.2017, 39.919834 ], [ -75.203396, 39.921007 ], [ -75.208526, 39.921033 ], [ -75.21079, 39.922095 ], [ -75.212057, 39.923562 ], [ -75.212428, 39.92523 ], [ -75.211305, 39.928396 ], [ -75.211253, 39.928519 ], [ -75.208706, 39.931531 ], [ -75.207479, 39.933522 ], [ -75.207433, 39.933513 ], [ -75.206837, 39.934086 ], [ -75.20655, 39.934443 ], [ -75.206322, 39.934759 ], [ -75.206204, 39.934974 ], [ -75.206173, 39.935067 ], [ -75.206101, 39.935281 ], [ -75.206072, 39.935371 ], [ -75.205723, 39.935453 ], [ -75.205633, 39.935474 ], [ -75.204686, 39.935698 ], [ -75.204324, 39.935785 ], [ -75.204066, 39.935851 ], [ -75.204001, 39.935868 ], [ -75.20368, 39.935958 ], [ -75.203362, 39.936057 ], [ -75.203053, 39.936172 ], [ -75.202763, 39.93631 ], [ -75.202478, 39.936454 ], [ -75.202194, 39.936602 ], [ -75.201634, 39.936904 ], [ -75.201352, 39.937055 ], [ -75.201074, 39.937202 ], [ -75.202477, 39.936182 ], [ -75.202564, 39.93612 ], [ -75.202812, 39.93594 ], [ -75.203065, 39.935762 ], [ -75.20331, 39.935578 ], [ -75.203546, 39.935387 ], [ -75.203763, 39.935184 ], [ -75.203951, 39.934964 ], [ -75.204116, 39.934733 ], [ -75.204254, 39.934492 ], [ -75.204363, 39.934243 ], [ -75.204469, 39.933992 ], [ -75.204588, 39.933745 ], [ -75.204829, 39.933253 ], [ -75.204951, 39.933007 ], [ -75.204646, 39.932998 ], [ -75.204223, 39.932852 ], [ -75.203897, 39.932845 ], [ -75.202392, 39.932505 ], [ -75.200477, 39.932099 ], [ -75.200379, 39.932086 ], [ -75.200008, 39.931997 ], [ -75.199831, 39.931956 ], [ -75.199649, 39.931912 ], [ -75.199679, 39.931963 ], [ -75.199714, 39.932037 ], [ -75.199756, 39.932121 ], [ -75.199767, 39.932158 ], [ -75.199812, 39.932302 ], [ -75.199844, 39.932447 ], [ -75.199855, 39.93266 ], [ -75.199835, 39.932874 ], [ -75.199822, 39.932919 ], [ -75.199729, 39.933269 ], [ -75.199623, 39.933805 ], [ -75.199513, 39.934424 ], [ -75.199503, 39.934508 ], [ -75.19924, 39.934463 ], [ -75.197537, 39.934232 ], [ -75.197022, 39.934176 ], [ -75.196502, 39.934109 ], [ -75.195971, 39.934037 ], [ -75.195437, 39.933973 ], [ -75.195188, 39.933939 ], [ -75.194925, 39.933903 ], [ -75.194408, 39.933822 ], [ -75.193874, 39.93377 ], [ -75.193374, 39.933701 ], [ -75.192826, 39.933628 ], [ -75.192284, 39.933555 ], [ -75.19179, 39.933496 ], [ -75.191261, 39.933424 ], [ -75.190698, 39.933358 ], [ -75.190236, 39.93329 ], [ -75.189688, 39.933227 ], [ -75.18914, 39.933155 ], [ -75.188669, 39.93309 ], [ -75.188115, 39.933014 ], [ -75.187609, 39.932952 ], [ -75.18719, 39.932901 ], [ -75.186548, 39.932819 ], [ -75.186501, 39.932813 ], [ -75.185798, 39.932728 ], [ -75.185289, 39.932651 ], [ -75.184705, 39.932584 ], [ -75.184407, 39.932545 ], [ -75.184361, 39.932794 ], [ -75.183428, 39.932679 ], [ -75.183027, 39.932624 ], [ -75.182944, 39.932613 ], [ -75.181791, 39.932465 ], [ -75.18175, 39.932644 ], [ -75.181324, 39.932589 ], [ -75.181419, 39.932161 ], [ -75.18109, 39.932118 ], [ -75.181036, 39.932383 ], [ -75.179872, 39.932231 ], [ -75.179775, 39.932215 ], [ -75.179487, 39.932169 ], [ -75.179511, 39.932037 ], [ -75.179535, 39.931917 ], [ -75.179318, 39.931892 ], [ -75.178887, 39.931841 ], [ -75.178455, 39.931787 ], [ -75.17791, 39.93172 ], [ -75.177351, 39.931644 ], [ -75.176893, 39.931585 ], [ -75.176337, 39.931505 ], [ -75.175782, 39.931436 ], [ -75.17573, 39.931671 ], [ -75.17527, 39.931618 ], [ -75.175031, 39.931591 ], [ -75.175085, 39.931349 ], [ -75.174764, 39.931307 ], [ -75.174706, 39.931567 ], [ -75.174391, 39.931528 ], [ -75.174213, 39.931505 ], [ -75.174163, 39.931491 ], [ -75.174109, 39.931476 ], [ -75.173693, 39.931423 ], [ -75.173462, 39.931393 ], [ -75.173516, 39.931146 ], [ -75.17319, 39.931104 ], [ -75.172632, 39.931031 ], [ -75.172173, 39.930973 ], [ -75.171628, 39.930894 ], [ -75.171282, 39.930852 ], [ -75.171238, 39.931087 ], [ -75.171015, 39.931057 ], [ -75.170574, 39.930998 ], [ -75.170347, 39.930968 ], [ -75.170389, 39.930739 ], [ -75.170048, 39.930694 ], [ -75.169988, 39.930966 ], [ -75.169279, 39.930875 ], [ -75.169202, 39.930864 ], [ -75.168866, 39.930818 ], [ -75.168923, 39.930545 ], [ -75.168423, 39.930465 ], [ -75.168689, 39.929256 ], [ -75.168819, 39.928658 ], [ -75.168956, 39.928035 ], [ -75.169228, 39.926806 ], [ -75.169494, 39.925596 ], [ -75.169499, 39.925531 ], [ -75.169744, 39.924409 ], [ -75.170023, 39.923138 ], [ -75.170309, 39.921885 ], [ -75.170581, 39.920653 ], [ -75.170854, 39.91941 ], [ -75.171122, 39.918152 ], [ -75.17131, 39.917269 ], [ -75.171395, 39.916885 ], [ -75.171423, 39.916757 ], [ -75.171695, 39.915481 ], [ -75.171817, 39.914884 ], [ -75.171925, 39.914373 ], [ -75.171894, 39.914315 ], [ -75.171877, 39.914256 ], [ -75.171886, 39.914227 ], [ -75.172095, 39.913203 ], [ -75.172136, 39.912986 ], [ -75.172237, 39.912468 ], [ -75.172253, 39.912388 ], [ -75.172271, 39.912332 ], [ -75.172283, 39.912282 ], [ -75.172319, 39.912117 ], [ -75.172409, 39.911729 ], [ -75.172687, 39.910577 ], [ -75.17271, 39.91048 ], [ -75.172953, 39.909351 ], [ -75.172972, 39.909242 ], [ -75.173036, 39.908913 ], [ -75.173074, 39.908718 ], [ -75.173234, 39.908002 ], [ -75.173448, 39.907158 ], [ -75.173481, 39.906941 ], [ -75.173487, 39.906755 ], [ -75.173493, 39.906702 ], [ -75.173533, 39.905594 ], [ -75.173536, 39.90539 ], [ -75.173542, 39.905226 ], [ -75.173557, 39.905048 ], [ -75.173723, 39.904253 ], [ -75.173768, 39.904034 ], [ -75.173832, 39.90379 ], [ -75.173859, 39.903682 ], [ -75.173912, 39.90348 ], [ -75.174006, 39.902911 ], [ -75.174353, 39.901529 ], [ -75.174394, 39.901224 ], [ -75.174486, 39.900766 ], [ -75.17459, 39.900255 ], [ -75.174658, 39.899925 ], [ -75.174781, 39.899334 ], [ -75.174808, 39.899179 ], [ -75.174819, 39.899115 ], [ -75.174833, 39.899035 ], [ -75.174857, 39.8989 ], [ -75.174918, 39.898603 ], [ -75.174959, 39.898488 ], [ -75.175319, 39.898539 ], [ -75.175571, 39.898569 ], [ -75.175885, 39.898606 ], [ -75.176223, 39.898643 ], [ -75.176562, 39.898666 ], [ -75.176903, 39.898652 ], [ -75.177242, 39.898613 ], [ -75.177576, 39.898556 ], [ -75.177907, 39.898494 ], [ -75.178571, 39.898364 ], [ -75.179023, 39.898273 ], [ -75.179563, 39.898166 ], [ -75.179893, 39.898099 ], [ -75.180225, 39.898033 ], [ -75.180555, 39.897966 ], [ -75.182871, 39.897502 ], [ -75.185189, 39.897048 ], [ -75.186185, 39.89686 ], [ -75.186518, 39.896799 ], [ -75.18685, 39.89674 ], [ -75.187183, 39.896682 ], [ -75.187519, 39.896636 ], [ -75.187859, 39.896609 ], [ -75.1882, 39.896584 ], [ -75.188542, 39.89657 ], [ -75.188882, 39.896596 ], [ -75.18922, 39.896641 ], [ -75.189553, 39.896694 ], [ -75.189879, 39.896775 ], [ -75.189993, 39.89681 ], [ -75.190101, 39.896778 ], [ -75.190649, 39.896619 ], [ -75.191547, 39.896251 ], [ -75.19194, 39.896089 ], [ -75.192035, 39.896381 ], [ -75.192048, 39.896421 ], [ -75.192054, 39.896436 ], [ -75.192066, 39.896472 ], [ -75.192073, 39.896496 ], [ -75.192426, 39.897577 ], [ -75.192433, 39.897601 ], [ -75.192509, 39.897724 ], [ -75.19253, 39.897753 ], [ -75.192648, 39.897895 ], [ -75.192699, 39.897951 ], [ -75.192723, 39.89798 ], [ -75.192772, 39.898034 ], [ -75.192796, 39.898063 ], [ -75.192847, 39.898118 ], [ -75.192972, 39.898257 ], [ -75.192995, 39.898286 ], [ -75.19302, 39.898314 ], [ -75.193108, 39.89843 ], [ -75.193171, 39.898519 ], [ -75.19321, 39.898579 ], [ -75.193231, 39.898609 ], [ -75.193251, 39.898639 ], [ -75.193346, 39.898792 ], [ -75.193363, 39.898823 ], [ -75.193399, 39.898885 ], [ -75.19345, 39.898977 ], [ -75.193497, 39.899072 ], [ -75.19351, 39.899104 ], [ -75.193526, 39.899137 ], [ -75.193538, 39.899168 ], [ -75.193554, 39.8992 ], [ -75.193592, 39.899297 ], [ -75.193629, 39.899394 ], [ -75.193639, 39.899426 ], [ -75.193652, 39.89946 ], [ -75.193705, 39.899623 ], [ -75.193714, 39.899655 ], [ -75.193724, 39.899689 ], [ -75.193772, 39.899853 ], [ -75.193795, 39.899953 ], [ -75.193801, 39.899987 ], [ -75.193809, 39.90002 ], [ -75.19382, 39.900086 ], [ -75.193828, 39.900153 ], [ -75.193834, 39.900187 ], [ -75.193836, 39.90022 ], [ -75.193849, 39.900338 ], [ -75.19385, 39.900356 ], [ -75.193858, 39.900426 ], [ -75.19386, 39.900461 ], [ -75.193863, 39.900496 ], [ -75.193867, 39.900567 ], [ -75.193869, 39.900601 ], [ -75.193871, 39.900637 ], [ -75.193874, 39.900778 ], [ -75.193873, 39.900813 ], [ -75.193873, 39.900848 ], [ -75.19387, 39.900953 ], [ -75.193868, 39.900989 ], [ -75.193861, 39.901059 ], [ -75.193844, 39.901199 ], [ -75.193793, 39.901549 ], [ -75.193782, 39.901618 ], [ -75.193775, 39.901654 ], [ -75.19377, 39.901688 ], [ -75.193735, 39.901898 ], [ -75.193731, 39.901933 ], [ -75.193723, 39.901968 ], [ -75.193682, 39.902212 ], [ -75.193677, 39.902248 ], [ -75.193672, 39.902282 ], [ -75.193664, 39.902317 ], [ -75.19366, 39.902352 ], [ -75.193652, 39.902387 ], [ -75.194539, 39.902499 ], [ -75.196687, 39.900857 ], [ -75.196923, 39.900884 ], [ -75.195938, 39.899927 ], [ -75.195421, 39.89903 ], [ -75.195579, 39.89794 ], [ -75.196239, 39.893365 ], [ -75.196166, 39.893114 ], [ -75.195878, 39.892903 ], [ -75.195338, 39.89243 ], [ -75.195514, 39.89184 ], [ -75.19726, 39.892618 ], [ -75.197345, 39.892647 ], [ -75.198744, 39.893114 ], [ -75.205804, 39.894934 ], [ -75.208124, 39.895675 ] ] ] } },
{ "type": "Feature", "properties": { "ZCTA5CE20": "19146", "TFID": 216589744, "STATEFP20": "42", "COUNTYFP20": "101", "TRACTCE20": "001400", "BLKGRPCE20": "1", "BLOCKCE20": "1004", "SUFFIX1CE": null, "UACE20": "69076", "PUMACE20": "03230", "STATEFP": "42", "COUNTYFP": "101", "TRACTCE": "001400", "BLKGRPCE": "1", "COUSUBFP": "60000", "SUBMCDFP": null, "ESTATEFP": null, "CONCTYFP": null, "PLACEFP": "60000", "AIANNHFP": null, "AIANNHCE": null, "COMPTYP": null, "TRSUBFP": null, "TRSUBCE": null, "ANRCFP": null, "TTRACTCE": null, "TBLKGPCE": null, "ELSDLEA": null, "SCSDLEA": null, "UNSDLEA": "18990", "SDADMLEA": null, "CD118FP": "03", "SLDUST": "001", "SLDLST": "182", "CSAFP": "428", "CBSAFP": "37980", "METDIVFP": "37964", "LWFLAG": "L", "OFFSET": "N", "ATOTAL": 7458, "INTPTLAT": "+39.9434321", "INTPTLON": "-75.1729403", "DP04_DP04_0001E_x": "22182", "DP04_DP04_0002E_x": "19029", "DP04_DP04_0003E_x": "3153", "DP04_DP04_0089E_x": "452200", "DP04_DP04_0126E_x": "8659", "DP04_DP04_0134E_x": "1708", "DP04_DP04_0001E_y": "22182", "DP04_DP04_0002E_y": "19029", "DP04_DP04_0003E_y": "3153", "DP04_DP04_0089E_y": "452200", "DP04_DP04_0126E_y": "8659", "DP04_DP04_0134E_y": "1708", "DP03_DP03_0002E": "26853", "DP03_DP03_0007E": "7357", "DP03_DP03_0062E": "99702", "DP03_DP03_0063E": "142992", "DP03_DP03_0064E": "16399", "DP03_DP03_0086E": "118507", "DP03_DP03_0087E": "170075", "DP03_DP03_0088E": "67432", "DP03_DP03_0119PE": "10.4", "DP02_DP02_0001E": "19029", "DP02_DP02_0016E": "2.13", "DP02_DP02_0017E": "2.96", "DP02_DP02_0053E": "8007", "DP02_DP02_0059E": "31087", "DP02_DP02_0067E": "29082", "DP02_DP02_0068E": "20169", "DP1_DP1_0001C": "41920", "DP1_DP1_0025C": "20354", "DP1_DP1_0049C": "21566", "DP1_DP1_0076C": "41920", "DP1_DP1_0084C": "2970" }, "geometry": { "type": "Polygon", "coordinates": [ [ [ -75.199855, 39.93266 ], [ -75.199844, 39.932447 ], [ -75.199812, 39.932302 ], [ -75.199767, 39.932158 ], [ -75.199756, 39.932121 ], [ -75.199714, 39.932037 ], [ -75.199679, 39.931963 ], [ -75.199649, 39.931912 ], [ -75.199831, 39.931956 ], [ -75.200008, 39.931997 ], [ -75.200379, 39.932086 ], [ -75.200477, 39.932099 ], [ -75.202392, 39.932505 ], [ -75.203897, 39.932845 ], [ -75.204223, 39.932852 ], [ -75.204646, 39.932998 ], [ -75.204951, 39.933007 ], [ -75.204829, 39.933253 ], [ -75.204588, 39.933745 ], [ -75.204469, 39.933992 ], [ -75.204363, 39.934243 ], [ -75.204254, 39.934492 ], [ -75.204116, 39.934733 ], [ -75.203951, 39.934964 ], [ -75.203763, 39.935184 ], [ -75.203546, 39.935387 ], [ -75.20331, 39.935578 ], [ -75.203065, 39.935762 ], [ -75.202812, 39.93594 ], [ -75.202564, 39.93612 ], [ -75.202477, 39.936182 ], [ -75.201074, 39.937202 ], [ -75.201352, 39.937055 ], [ -75.201634, 39.936904 ], [ -75.202194, 39.936602 ], [ -75.202478, 39.936454 ], [ -75.202763, 39.93631 ], [ -75.203053, 39.936172 ], [ -75.203362, 39.936057 ], [ -75.20368, 39.935958 ], [ -75.204001, 39.935868 ], [ -75.204066, 39.935851 ], [ -75.204324, 39.935785 ], [ -75.204686, 39.935698 ], [ -75.205633, 39.935474 ], [ -75.205723, 39.935453 ], [ -75.206072, 39.935371 ], [ -75.20604, 39.935481 ], [ -75.205643, 39.936882 ], [ -75.205578, 39.937111 ], [ -75.205468, 39.938355 ], [ -75.205431, 39.93877 ], [ -75.205284, 39.940446 ], [ -75.205266, 39.940605 ], [ -75.205259, 39.940675 ], [ -75.205185, 39.941116 ], [ -75.205087, 39.941508 ], [ -75.205005, 39.941804 ], [ -75.204901, 39.942046 ], [ -75.204756, 39.942287 ], [ -75.204577, 39.942549 ], [ -75.204326, 39.942835 ], [ -75.204149, 39.942991 ], [ -75.203922, 39.943149 ], [ -75.203618, 39.943335 ], [ -75.203156, 39.943591 ], [ -75.20237, 39.943798 ], [ -75.201797, 39.943915 ], [ -75.201315, 39.943977 ], [ -75.200949, 39.943998 ], [ -75.200639, 39.944011 ], [ -75.20037, 39.943991 ], [ -75.20017, 39.943956 ], [ -75.19979, 39.943825 ], [ -75.196871, 39.94273 ], [ -75.195944, 39.942392 ], [ -75.195646, 39.942305 ], [ -75.195234, 39.942217 ], [ -75.194971, 39.942191 ], [ -75.194463, 39.942156 ], [ -75.193985, 39.942154 ], [ -75.193872, 39.9421 ], [ -75.193709, 39.942265 ], [ -75.192676, 39.942679 ], [ -75.191559, 39.943128 ], [ -75.191495, 39.943153 ], [ -75.191452, 39.943199 ], [ -75.18872, 39.946108 ], [ -75.188299, 39.946409 ], [ -75.187304, 39.947123 ], [ -75.187231, 39.947176 ], [ -75.187141, 39.947222 ], [ -75.185634, 39.948021 ], [ -75.185155, 39.948386 ], [ -75.184259, 39.948904 ], [ -75.183288, 39.949512 ], [ -75.182751, 39.949369 ], [ -75.182576, 39.949285 ], [ -75.182214, 39.949222 ], [ -75.181134, 39.949008 ], [ -75.181211, 39.948653 ], [ -75.181299, 39.948295 ], [ -75.182452, 39.948427 ], [ -75.182514, 39.948104 ], [ -75.182601, 39.947738 ], [ -75.182676, 39.947745 ], [ -75.183221, 39.947801 ], [ -75.183246, 39.947803 ], [ -75.183296, 39.947593 ], [ -75.182798, 39.947522 ], [ -75.182717, 39.947525 ], [ -75.182644, 39.947527 ], [ -75.182486, 39.947506 ], [ -75.182505, 39.947421 ], [ -75.182511, 39.947396 ], [ -75.182403, 39.947383 ], [ -75.18214, 39.94735 ], [ -75.181729, 39.9473 ], [ -75.181707, 39.947396 ], [ -75.181594, 39.947381 ], [ -75.181502, 39.947343 ], [ -75.181432, 39.947314 ], [ -75.181221, 39.947286 ], [ -75.180872, 39.94724 ], [ -75.180706, 39.947248 ], [ -75.180548, 39.947227 ], [ -75.180575, 39.947025 ], [ -75.18043, 39.947007 ], [ -75.180383, 39.947209 ], [ -75.180079, 39.947176 ], [ -75.180084, 39.947151 ], [ -75.179461, 39.947061 ], [ -75.179375, 39.947065 ], [ -75.179281, 39.947046 ], [ -75.17903, 39.947004 ], [ -75.178865, 39.946983 ], [ -75.178814, 39.946977 ], [ -75.178778, 39.946973 ], [ -75.178337, 39.946914 ], [ -75.178344, 39.946881 ], [ -75.178221, 39.946862 ], [ -75.17811, 39.946844 ], [ -75.17769, 39.946796 ], [ -75.177693, 39.94678 ], [ -75.177621, 39.946772 ], [ -75.177595, 39.94691 ], [ -75.177461, 39.946893 ], [ -75.177405, 39.946882 ], [ -75.177321, 39.946865 ], [ -75.177345, 39.946744 ], [ -75.177074, 39.94671 ], [ -75.176718, 39.946669 ], [ -75.176687, 39.94683 ], [ -75.176602, 39.946812 ], [ -75.176523, 39.946795 ], [ -75.176416, 39.946782 ], [ -75.176424, 39.946749 ], [ -75.176313, 39.946736 ], [ -75.176316, 39.946718 ], [ -75.176145, 39.946697 ], [ -75.176168, 39.94659 ], [ -75.175825, 39.946546 ], [ -75.175796, 39.946693 ], [ -75.175738, 39.946687 ], [ -75.175768, 39.946539 ], [ -75.175675, 39.946529 ], [ -75.175635, 39.946524 ], [ -75.175607, 39.946655 ], [ -75.175553, 39.946649 ], [ -75.175563, 39.946604 ], [ -75.175507, 39.946597 ], [ -75.1755, 39.946628 ], [ -75.175342, 39.946608 ], [ -75.175344, 39.946595 ], [ -75.175233, 39.946581 ], [ -75.175257, 39.946476 ], [ -75.175201, 39.946469 ], [ -75.17518, 39.946553 ], [ -75.175124, 39.946546 ], [ -75.175118, 39.946572 ], [ -75.175063, 39.946564 ], [ -75.17507, 39.946531 ], [ -75.174961, 39.946518 ], [ -75.174927, 39.946675 ], [ -75.174752, 39.946653 ], [ -75.174654, 39.94664 ], [ -75.174582, 39.94663 ], [ -75.1746, 39.94655 ], [ -75.17445, 39.946523 ], [ -75.174456, 39.946491 ], [ -75.174298, 39.946469 ], [ -75.174334, 39.9463 ], [ -75.174347, 39.946244 ], [ -75.173957, 39.946192 ], [ -75.173911, 39.946395 ], [ -75.173738, 39.94637 ], [ -75.173755, 39.94629 ], [ -75.173302, 39.946231 ], [ -75.173287, 39.9463 ], [ -75.173218, 39.946291 ], [ -75.173225, 39.946255 ], [ -75.173128, 39.946229 ], [ -75.171554, 39.946013 ], [ -75.169995, 39.945805 ], [ -75.168421, 39.945591 ], [ -75.168443, 39.945524 ], [ -75.168102, 39.945468 ], [ -75.167659, 39.945412 ], [ -75.16731, 39.945377 ], [ -75.167218, 39.945365 ], [ -75.166872, 39.945321 ], [ -75.166174, 39.945231 ], [ -75.16608, 39.945673 ], [ -75.165153, 39.945557 ], [ -75.165304, 39.944842 ], [ -75.165341, 39.944664 ], [ -75.165433, 39.944232 ], [ -75.165464, 39.94409 ], [ -75.165466, 39.944076 ], [ -75.165575, 39.943664 ], [ -75.165672, 39.9432 ], [ -75.165778, 39.942785 ], [ -75.165823, 39.942533 ], [ -75.165846, 39.94241 ], [ -75.165988, 39.94182 ], [ -75.166204, 39.940813 ], [ -75.166275, 39.940441 ], [ -75.16636, 39.94003 ], [ -75.166466, 39.939537 ], [ -75.166569, 39.939062 ], [ -75.166816, 39.937869 ], [ -75.166967, 39.937188 ], [ -75.167083, 39.936742 ], [ -75.167303, 39.935695 ], [ -75.16764, 39.93415 ], [ -75.167879, 39.932934 ], [ -75.16815, 39.931701 ], [ -75.168423, 39.930465 ], [ -75.168923, 39.930545 ], [ -75.168866, 39.930818 ], [ -75.169202, 39.930864 ], [ -75.169279, 39.930875 ], [ -75.169988, 39.930966 ], [ -75.170048, 39.930694 ], [ -75.170389, 39.930739 ], [ -75.170347, 39.930968 ], [ -75.170574, 39.930998 ], [ -75.171015, 39.931057 ], [ -75.171238, 39.931087 ], [ -75.171282, 39.930852 ], [ -75.171628, 39.930894 ], [ -75.172173, 39.930973 ], [ -75.172632, 39.931031 ], [ -75.17319, 39.931104 ], [ -75.173516, 39.931146 ], [ -75.173462, 39.931393 ], [ -75.173693, 39.931423 ], [ -75.174109, 39.931476 ], [ -75.174163, 39.931491 ], [ -75.174213, 39.931505 ], [ -75.174391, 39.931528 ], [ -75.174706, 39.931567 ], [ -75.174764, 39.931307 ], [ -75.175085, 39.931349 ], [ -75.175031, 39.931591 ], [ -75.17527, 39.931618 ], [ -75.17573, 39.931671 ], [ -75.175782, 39.931436 ], [ -75.176337, 39.931505 ], [ -75.176893, 39.931585 ], [ -75.177351, 39.931644 ], [ -75.17791, 39.93172 ], [ -75.178455, 39.931787 ], [ -75.178887, 39.931841 ], [ -75.179318, 39.931892 ], [ -75.179535, 39.931917 ], [ -75.179511, 39.932037 ], [ -75.179487, 39.932169 ], [ -75.179775, 39.932215 ], [ -75.179872, 39.932231 ], [ -75.181036, 39.932383 ], [ -75.18109, 39.932118 ], [ -75.181419, 39.932161 ], [ -75.181324, 39.932589 ], [ -75.18175, 39.932644 ], [ -75.181791, 39.932465 ], [ -75.182944, 39.932613 ], [ -75.183027, 39.932624 ], [ -75.183428, 39.932679 ], [ -75.184361, 39.932794 ], [ -75.184407, 39.932545 ], [ -75.184705, 39.932584 ], [ -75.185289, 39.932651 ], [ -75.185798, 39.932728 ], [ -75.186501, 39.932813 ], [ -75.186548, 39.932819 ], [ -75.18719, 39.932901 ], [ -75.187609, 39.932952 ], [ -75.188115, 39.933014 ], [ -75.188669, 39.93309 ], [ -75.18914, 39.933155 ], [ -75.189688, 39.933227 ], [ -75.190236, 39.93329 ], [ -75.190698, 39.933358 ], [ -75.191261, 39.933424 ], [ -75.19179, 39.933496 ], [ -75.192284, 39.933555 ], [ -75.192826, 39.933628 ], [ -75.193374, 39.933701 ], [ -75.193874, 39.93377 ], [ -75.194408, 39.933822 ], [ -75.194925, 39.933903 ], [ -75.195188, 39.933939 ], [ -75.195437, 39.933973 ], [ -75.195971, 39.934037 ], [ -75.196502, 39.934109 ], [ -75.197022, 39.934176 ], [ -75.197537, 39.934232 ], [ -75.19924, 39.934463 ], [ -75.199503, 39.934508 ], [ -75.199513, 39.934424 ], [ -75.199623, 39.933805 ], [ -75.199729, 39.933269 ], [ -75.199822, 39.932919 ], [ -75.199835, 39.932874 ], [ -75.199855, 39.93266 ] ] ] } },
{ "type": "Feature", "properties": { "ZCTA5CE20": "19147", "TFID": 249057162, "STATEFP20": "42", "COUNTYFP20": "101", "TRACTCE20": "001800", "BLKGRPCE20": "2", "BLOCKCE20": "2007", "SUFFIX1CE": null, "UACE20": "69076", "PUMACE20": "03230", "STATEFP": "42", "COUNTYFP": "101", "TRACTCE": "001800", "BLKGRPCE": "2", "COUSUBFP": "60000", "SUBMCDFP": null, "ESTATEFP": null, "CONCTYFP": null, "PLACEFP": "60000", "AIANNHFP": null, "AIANNHCE": null, "COMPTYP": null, "TRSUBFP": null, "TRSUBCE": null, "ANRCFP": null, "TTRACTCE": null, "TBLKGPCE": null, "ELSDLEA": null, "SCSDLEA": null, "UNSDLEA": "18990", "SDADMLEA": null, "CD118FP": "03", "SLDUST": "001", "SLDLST": "182", "CSAFP": "428", "CBSAFP": "37980", "METDIVFP": "37964", "LWFLAG": "L", "OFFSET": "N", "ATOTAL": 730, "INTPTLAT": "+39.9413116", "INTPTLON": "-75.1659809", "DP04_DP04_0001E_x": "20735", "DP04_DP04_0002E_x": "19329", "DP04_DP04_0003E_x": "1406", "DP04_DP04_0089E_x": "524900", "DP04_DP04_0126E_x": "8623", "DP04_DP04_0134E_x": "1679", "DP04_DP04_0001E_y": "20735", "DP04_DP04_0002E_y": "19329", "DP04_DP04_0003E_y": "1406", "DP04_DP04_0089E_y": "524900", "DP04_DP04_0126E_y": "8623", "DP04_DP04_0134E_y": "1679", "DP03_DP03_0002E": "25201", "DP03_DP03_0007E": "7594", "DP03_DP03_0062E": "104190", "DP03_DP03_0063E": "158798", "DP03_DP03_0064E": "16323", "DP03_DP03_0086E": "168079", "DP03_DP03_0087E": "228382", "DP03_DP03_0088E": "79074", "DP03_DP03_0119PE": "7.6", "DP02_DP02_0001E": "19329", "DP02_DP02_0016E": "2.00", "DP02_DP02_0017E": "2.78", "DP02_DP02_0053E": "6608", "DP02_DP02_0059E": "30335", "DP02_DP02_0067E": "28230", "DP02_DP02_0068E": "20981", "DP1_DP1_0001C": "41096", "DP1_DP1_0025C": "20221", "DP1_DP1_0049C": "20875", "DP1_DP1_0076C": "41096", "DP1_DP1_0084C": "3076" }, "geometry": { "type": "Polygon", "coordinates": [ [ [ -75.166246, 39.930207 ], [ -75.166813, 39.930285 ], [ -75.166761, 39.930522 ], [ -75.167003, 39.930557 ], [ -75.167328, 39.930593 ], [ -75.167378, 39.930359 ], [ -75.167706, 39.930394 ], [ -75.168319, 39.93048 ], [ -75.168423, 39.930465 ], [ -75.16815, 39.931701 ], [ -75.167879, 39.932934 ], [ -75.16764, 39.93415 ], [ -75.167303, 39.935695 ], [ -75.167083, 39.936742 ], [ -75.166967, 39.937188 ], [ -75.166816, 39.937869 ], [ -75.166569, 39.939062 ], [ -75.166466, 39.939537 ], [ -75.16636, 39.94003 ], [ -75.166275, 39.940441 ], [ -75.166204, 39.940813 ], [ -75.165988, 39.94182 ], [ -75.165846, 39.94241 ], [ -75.165823, 39.942533 ], [ -75.165778, 39.942785 ], [ -75.165672, 39.9432 ], [ -75.165575, 39.943664 ], [ -75.165466, 39.944076 ], [ -75.165464, 39.94409 ], [ -75.165433, 39.944232 ], [ -75.165341, 39.944664 ], [ -75.165304, 39.944842 ], [ -75.165153, 39.945557 ], [ -75.165071, 39.945555 ], [ -75.164996, 39.945555 ], [ -75.164322, 39.945469 ], [ -75.164382, 39.945198 ], [ -75.164067, 39.945151 ], [ -75.164024, 39.945109 ], [ -75.163448, 39.945038 ], [ -75.163069, 39.944991 ], [ -75.163011, 39.944963 ], [ -75.162937, 39.945299 ], [ -75.16268, 39.945266 ], [ -75.162755, 39.944917 ], [ -75.162576, 39.944895 ], [ -75.162228, 39.944852 ], [ -75.162195, 39.944997 ], [ -75.161871, 39.944953 ], [ -75.161404, 39.944897 ], [ -75.161191, 39.944872 ], [ -75.161201, 39.944824 ], [ -75.160968, 39.944788 ], [ -75.160976, 39.944748 ], [ -75.160756, 39.944717 ], [ -75.160733, 39.944823 ], [ -75.160619, 39.944804 ], [ -75.160652, 39.944639 ], [ -75.160284, 39.944597 ], [ -75.159939, 39.944558 ], [ -75.159868, 39.944544 ], [ -75.159841, 39.944663 ], [ -75.159732, 39.944649 ], [ -75.159734, 39.944633 ], [ -75.159714, 39.944631 ], [ -75.15973, 39.944557 ], [ -75.159426, 39.944518 ], [ -75.159415, 39.944566 ], [ -75.159364, 39.94456 ], [ -75.159357, 39.944593 ], [ -75.159257, 39.94458 ], [ -75.159262, 39.944556 ], [ -75.15916, 39.944543 ], [ -75.159155, 39.944568 ], [ -75.159093, 39.944561 ], [ -75.159111, 39.944477 ], [ -75.158991, 39.944462 ], [ -75.15897, 39.944559 ], [ -75.158908, 39.944552 ], [ -75.15893, 39.944454 ], [ -75.158658, 39.944419 ], [ -75.158629, 39.944554 ], [ -75.158557, 39.944544 ], [ -75.158587, 39.944411 ], [ -75.158523, 39.944402 ], [ -75.1585, 39.944524 ], [ -75.158419, 39.944513 ], [ -75.158407, 39.944566 ], [ -75.158346, 39.944559 ], [ -75.158248, 39.944546 ], [ -75.158288, 39.944355 ], [ -75.158239, 39.944358 ], [ -75.157506, 39.944272 ], [ -75.157517, 39.944214 ], [ -75.156836, 39.944136 ], [ -75.156729, 39.94412 ], [ -75.156764, 39.943965 ], [ -75.155738, 39.943835 ], [ -75.155688, 39.944066 ], [ -75.155144, 39.943988 ], [ -75.155169, 39.943865 ], [ -75.154477, 39.943782 ], [ -75.153663, 39.943675 ], [ -75.153595, 39.943664 ], [ -75.153545, 39.943888 ], [ -75.153346, 39.943841 ], [ -75.153357, 39.943788 ], [ -75.153163, 39.943763 ], [ -75.153096, 39.943753 ], [ -75.153084, 39.943815 ], [ -75.153016, 39.943807 ], [ -75.15302, 39.943787 ], [ -75.152958, 39.943779 ], [ -75.152962, 39.943759 ], [ -75.152905, 39.943747 ], [ -75.15289, 39.943815 ], [ -75.152636, 39.943781 ], [ -75.152527, 39.94376 ], [ -75.15255, 39.943653 ], [ -75.152488, 39.943644 ], [ -75.152464, 39.943756 ], [ -75.152377, 39.943744 ], [ -75.152384, 39.943713 ], [ -75.152068, 39.943672 ], [ -75.151971, 39.943695 ], [ -75.151981, 39.94365 ], [ -75.152026, 39.943455 ], [ -75.151962, 39.943462 ], [ -75.151805, 39.943442 ], [ -75.151647, 39.943423 ], [ -75.151491, 39.943401 ], [ -75.151332, 39.943384 ], [ -75.15112, 39.943357 ], [ -75.151078, 39.943557 ], [ -75.151013, 39.943549 ], [ -75.151, 39.943606 ], [ -75.150552, 39.943549 ], [ -75.150522, 39.943692 ], [ -75.150452, 39.943682 ], [ -75.150339, 39.94373 ], [ -75.150426, 39.943349 ], [ -75.150539, 39.942822 ], [ -75.148946, 39.942627 ], [ -75.148764, 39.943523 ], [ -75.147838, 39.943411 ], [ -75.147189, 39.943335 ], [ -75.147216, 39.943204 ], [ -75.146832, 39.943163 ], [ -75.146904, 39.942805 ], [ -75.146537, 39.942759 ], [ -75.146488, 39.942982 ], [ -75.146365, 39.942968 ], [ -75.146284, 39.942957 ], [ -75.146276, 39.943005 ], [ -75.146151, 39.942986 ], [ -75.14582, 39.94295 ], [ -75.145819, 39.943162 ], [ -75.145598, 39.943134 ], [ -75.14538, 39.943106 ], [ -75.145243, 39.943087 ], [ -75.145106, 39.943068 ], [ -75.143641, 39.942885 ], [ -75.143521, 39.943453 ], [ -75.143366, 39.944145 ], [ -75.143335, 39.944306 ], [ -75.142959, 39.944256 ], [ -75.142863, 39.944243 ], [ -75.142609, 39.94421 ], [ -75.142962, 39.942439 ], [ -75.143105, 39.940848 ], [ -75.142802, 39.940818 ], [ -75.142384, 39.940779 ], [ -75.14223, 39.940764 ], [ -75.14221, 39.940762 ], [ -75.142142, 39.940756 ], [ -75.142091, 39.940751 ], [ -75.14203, 39.940745 ], [ -75.141954, 39.940738 ], [ -75.141931, 39.939562 ], [ -75.141821, 39.939563 ], [ -75.141816, 39.939377 ], [ -75.140048, 39.939092 ], [ -75.140019, 39.939079 ], [ -75.14001, 39.93878 ], [ -75.140024, 39.938762 ], [ -75.140045, 39.938755 ], [ -75.1418, 39.93903 ], [ -75.141808, 39.938875 ], [ -75.141926, 39.93887 ], [ -75.141921, 39.93863 ], [ -75.14002, 39.938279 ], [ -75.139996, 39.938269 ], [ -75.139988, 39.93825 ], [ -75.139983, 39.938023 ], [ -75.140003, 39.938004 ], [ -75.141677, 39.938304 ], [ -75.141722, 39.938283 ], [ -75.14179, 39.938286 ], [ -75.141837, 39.938265 ], [ -75.141851, 39.93822 ], [ -75.141817, 39.938177 ], [ -75.141743, 39.938141 ], [ -75.141645, 39.938107 ], [ -75.141503, 39.938072 ], [ -75.141142, 39.938022 ], [ -75.141139, 39.937878 ], [ -75.141183, 39.937888 ], [ -75.141221, 39.937895 ], [ -75.141727, 39.937945 ], [ -75.141774, 39.937947 ], [ -75.142109, 39.937957 ], [ -75.14209, 39.936226 ], [ -75.14211, 39.936103 ], [ -75.142152, 39.935793 ], [ -75.142308, 39.935374 ], [ -75.142585, 39.934851 ], [ -75.142562, 39.934846 ], [ -75.14247, 39.934836 ], [ -75.142338, 39.934832 ], [ -75.142056, 39.934741 ], [ -75.142104, 39.934699 ], [ -75.142099, 39.934587 ], [ -75.142056, 39.934578 ], [ -75.142013, 39.934559 ], [ -75.141979, 39.93454 ], [ -75.141949, 39.934509 ], [ -75.141914, 39.934479 ], [ -75.141894, 39.934442 ], [ -75.141883, 39.934401 ], [ -75.141878, 39.934357 ], [ -75.141875, 39.934311 ], [ -75.141877, 39.934263 ], [ -75.141883, 39.934214 ], [ -75.141881, 39.934156 ], [ -75.140734, 39.934007 ], [ -75.140846, 39.933439 ], [ -75.140866, 39.93343 ], [ -75.141675, 39.933541 ], [ -75.141741, 39.933551 ], [ -75.141749, 39.933516 ], [ -75.141779, 39.933522 ], [ -75.141744, 39.933673 ], [ -75.14181, 39.933682 ], [ -75.141911, 39.933201 ], [ -75.141378, 39.93313 ], [ -75.141204, 39.933106 ], [ -75.141206, 39.933077 ], [ -75.14216, 39.933207 ], [ -75.14287, 39.933305 ], [ -75.143156, 39.933333 ], [ -75.143419, 39.933222 ], [ -75.143596, 39.932413 ], [ -75.143873, 39.931113 ], [ -75.144014, 39.930457 ], [ -75.144191, 39.929802 ], [ -75.144298, 39.929296 ], [ -75.144358, 39.929031 ], [ -75.144431, 39.928766 ], [ -75.144484, 39.928579 ], [ -75.144494, 39.928543 ], [ -75.144584, 39.928229 ], [ -75.144653, 39.927984 ], [ -75.144705, 39.927749 ], [ -75.144758, 39.927493 ], [ -75.144779, 39.927365 ], [ -75.144923, 39.927384 ], [ -75.145012, 39.927396 ], [ -75.146091, 39.927548 ], [ -75.14628, 39.927573 ], [ -75.146411, 39.92759 ], [ -75.146665, 39.927623 ], [ -75.146985, 39.927665 ], [ -75.14694, 39.927863 ], [ -75.147693, 39.928081 ], [ -75.147745, 39.927946 ], [ -75.14776, 39.927935 ], [ -75.147798, 39.927943 ], [ -75.147843, 39.927947 ], [ -75.148044, 39.927987 ], [ -75.148048, 39.927977 ], [ -75.148093, 39.927983 ], [ -75.148129, 39.927889 ], [ -75.148151, 39.927821 ], [ -75.148701, 39.927896 ], [ -75.148989, 39.927933 ], [ -75.148897, 39.928158 ], [ -75.148951, 39.928174 ], [ -75.148979, 39.928105 ], [ -75.149139, 39.928152 ], [ -75.149119, 39.928204 ], [ -75.149219, 39.928238 ], [ -75.149202, 39.928283 ], [ -75.149305, 39.928317 ], [ -75.149345, 39.928208 ], [ -75.149521, 39.928231 ], [ -75.150148, 39.928369 ], [ -75.150256, 39.928097 ], [ -75.150706, 39.928156 ], [ -75.150614, 39.928391 ], [ -75.150812, 39.92842 ], [ -75.151732, 39.928552 ], [ -75.151785, 39.928292 ], [ -75.152131, 39.928336 ], [ -75.152392, 39.928374 ], [ -75.152333, 39.928631 ], [ -75.153337, 39.928761 ], [ -75.153389, 39.928515 ], [ -75.153707, 39.928559 ], [ -75.154114, 39.928612 ], [ -75.154059, 39.928875 ], [ -75.154865, 39.928981 ], [ -75.154923, 39.928717 ], [ -75.155274, 39.928763 ], [ -75.155795, 39.928836 ], [ -75.155748, 39.929063 ], [ -75.155795, 39.929072 ], [ -75.155982, 39.929097 ], [ -75.15597, 39.929146 ], [ -75.156391, 39.929202 ], [ -75.156415, 39.929092 ], [ -75.156544, 39.929107 ], [ -75.156576, 39.928935 ], [ -75.156836, 39.928969 ], [ -75.157405, 39.929041 ], [ -75.157409, 39.929096 ], [ -75.157366, 39.92928 ], [ -75.157416, 39.929288 ], [ -75.157745, 39.929331 ], [ -75.15775, 39.929308 ], [ -75.1578, 39.929314 ], [ -75.158113, 39.929354 ], [ -75.158164, 39.929145 ], [ -75.158393, 39.929177 ], [ -75.158665, 39.929212 ], [ -75.158607, 39.929469 ], [ -75.159594, 39.929602 ], [ -75.159655, 39.92934 ], [ -75.159956, 39.92938 ], [ -75.160287, 39.929424 ], [ -75.160234, 39.929687 ], [ -75.161153, 39.929808 ], [ -75.161202, 39.929546 ], [ -75.161529, 39.92959 ], [ -75.161799, 39.929624 ], [ -75.161754, 39.92988 ], [ -75.162365, 39.92996 ], [ -75.162644, 39.930002 ], [ -75.16265, 39.92997 ], [ -75.162708, 39.929978 ], [ -75.162755, 39.929748 ], [ -75.163091, 39.929792 ], [ -75.163361, 39.929835 ], [ -75.163504, 39.92983 ], [ -75.163662, 39.929896 ], [ -75.163685, 39.92995 ], [ -75.16394, 39.930217 ], [ -75.164125, 39.930105 ], [ -75.164202, 39.930187 ], [ -75.164619, 39.930245 ], [ -75.164674, 39.929998 ], [ -75.165166, 39.930068 ], [ -75.165584, 39.93012 ], [ -75.166246, 39.930207 ] ] ] } },
{ "type": "Feature", "properties": { "ZCTA5CE20": "19148", "TFID": 216591806, "STATEFP20": "42", "COUNTYFP20": "101", "TRACTCE20": "002900", "BLKGRPCE20": "2", "BLOCKCE20": "2006", "SUFFIX1CE": null, "UACE20": "69076", "PUMACE20": "03231", "STATEFP": "42", "COUNTYFP": "101", "TRACTCE": "002900", "BLKGRPCE": "2", "COUSUBFP": "60000", "SUBMCDFP": null, "ESTATEFP": null, "CONCTYFP": null, "PLACEFP": "60000", "AIANNHFP": null, "AIANNHCE": null, "COMPTYP": null, "TRSUBFP": null, "TRSUBCE": null, "ANRCFP": null, "TTRACTCE": null, "TBLKGPCE": null, "ELSDLEA": null, "SCSDLEA": null, "UNSDLEA": "18990", "SDADMLEA": null, "CD118FP": "03", "SLDUST": "001", "SLDLST": "184", "CSAFP": "428", "CBSAFP": "37980", "METDIVFP": "37964", "LWFLAG": "L", "OFFSET": "N", "ATOTAL": 7177, "INTPTLAT": "+39.9298306", "INTPTLON": "-75.1681412", "DP04_DP04_0001E_x": "22944", "DP04_DP04_0002E_x": "21102", "DP04_DP04_0003E_x": "1842", "DP04_DP04_0089E_x": "296800", "DP04_DP04_0126E_x": "6631", "DP04_DP04_0134E_x": "1492", "DP04_DP04_0001E_y": "22944", "DP04_DP04_0002E_y": "21102", "DP04_DP04_0003E_y": "1842", "DP04_DP04_0089E_y": "296800", "DP04_DP04_0126E_y": "6631", "DP04_DP04_0134E_y": "1492", "DP03_DP03_0002E": "27727", "DP03_DP03_0007E": "13409", "DP03_DP03_0062E": "80469", "DP03_DP03_0063E": "95813", "DP03_DP03_0064E": "17205", "DP03_DP03_0086E": "90711", "DP03_DP03_0087E": "106753", "DP03_DP03_0088E": "39081", "DP03_DP03_0119PE": "12.8", "DP02_DP02_0001E": "21102", "DP02_DP02_0016E": "2.39", "DP02_DP02_0017E": "3.06", "DP02_DP02_0053E": "10680", "DP02_DP02_0059E": "37472", "DP02_DP02_0067E": "31867", "DP02_DP02_0068E": "14710", "DP1_DP1_0001C": "53976", "DP1_DP1_0025C": "26696", "DP1_DP1_0049C": "27280", "DP1_DP1_0076C": "53976", "DP1_DP1_0084C": "3131" }, "geometry": { "type": "Polygon", "coordinates": [ [ [ -75.174918, 39.898603 ], [ -75.174857, 39.8989 ], [ -75.174833, 39.899035 ], [ -75.174819, 39.899115 ], [ -75.174808, 39.899179 ], [ -75.174781, 39.899334 ], [ -75.174658, 39.899925 ], [ -75.17459, 39.900255 ], [ -75.174486, 39.900766 ], [ -75.174394, 39.901224 ], [ -75.174353, 39.901529 ], [ -75.174006, 39.902911 ], [ -75.173912, 39.90348 ], [ -75.173859, 39.903682 ], [ -75.173832, 39.90379 ], [ -75.173768, 39.904034 ], [ -75.173723, 39.904253 ], [ -75.173557, 39.905048 ], [ -75.173542, 39.905226 ], [ -75.173536, 39.90539 ], [ -75.173533, 39.905594 ], [ -75.173493, 39.906702 ], [ -75.173487, 39.906755 ], [ -75.173481, 39.906941 ], [ -75.173448, 39.907158 ], [ -75.173234, 39.908002 ], [ -75.173074, 39.908718 ], [ -75.173036, 39.908913 ], [ -75.172972, 39.909242 ], [ -75.172953, 39.909351 ], [ -75.17271, 39.91048 ], [ -75.172687, 39.910577 ], [ -75.172409, 39.911729 ], [ -75.172319, 39.912117 ], [ -75.172283, 39.912282 ], [ -75.172271, 39.912332 ], [ -75.172253, 39.912388 ], [ -75.172237, 39.912468 ], [ -75.172136, 39.912986 ], [ -75.172095, 39.913203 ], [ -75.171886, 39.914227 ], [ -75.171877, 39.914256 ], [ -75.171894, 39.914315 ], [ -75.171925, 39.914373 ], [ -75.171817, 39.914884 ], [ -75.171695, 39.915481 ], [ -75.171423, 39.916757 ], [ -75.171395, 39.916885 ], [ -75.17131, 39.917269 ], [ -75.171122, 39.918152 ], [ -75.170854, 39.91941 ], [ -75.170581, 39.920653 ], [ -75.170309, 39.921885 ], [ -75.170023, 39.923138 ], [ -75.169744, 39.924409 ], [ -75.169499, 39.925531 ], [ -75.169494, 39.925596 ], [ -75.169228, 39.926806 ], [ -75.168956, 39.928035 ], [ -75.168819, 39.928658 ], [ -75.168689, 39.929256 ], [ -75.168423, 39.930465 ], [ -75.168319, 39.93048 ], [ -75.167706, 39.930394 ], [ -75.167378, 39.930359 ], [ -75.167328, 39.930593 ], [ -75.167003, 39.930557 ], [ -75.166761, 39.930522 ], [ -75.166813, 39.930285 ], [ -75.166246, 39.930207 ], [ -75.165584, 39.93012 ], [ -75.165166, 39.930068 ], [ -75.164674, 39.929998 ], [ -75.164619, 39.930245 ], [ -75.164202, 39.930187 ], [ -75.164125, 39.930105 ], [ -75.16394, 39.930217 ], [ -75.163685, 39.92995 ], [ -75.163662, 39.929896 ], [ -75.163504, 39.92983 ], [ -75.163361, 39.929835 ], [ -75.163091, 39.929792 ], [ -75.162755, 39.929748 ], [ -75.162708, 39.929978 ], [ -75.16265, 39.92997 ], [ -75.162644, 39.930002 ], [ -75.162365, 39.92996 ], [ -75.161754, 39.92988 ], [ -75.161799, 39.929624 ], [ -75.161529, 39.92959 ], [ -75.161202, 39.929546 ], [ -75.161153, 39.929808 ], [ -75.160234, 39.929687 ], [ -75.160287, 39.929424 ], [ -75.159956, 39.92938 ], [ -75.159655, 39.92934 ], [ -75.159594, 39.929602 ], [ -75.158607, 39.929469 ], [ -75.158665, 39.929212 ], [ -75.158393, 39.929177 ], [ -75.158164, 39.929145 ], [ -75.158113, 39.929354 ], [ -75.1578, 39.929314 ], [ -75.15775, 39.929308 ], [ -75.157745, 39.929331 ], [ -75.157416, 39.929288 ], [ -75.157366, 39.92928 ], [ -75.157409, 39.929096 ], [ -75.157405, 39.929041 ], [ -75.156836, 39.928969 ], [ -75.156576, 39.928935 ], [ -75.156544, 39.929107 ], [ -75.156415, 39.929092 ], [ -75.156391, 39.929202 ], [ -75.15597, 39.929146 ], [ -75.155982, 39.929097 ], [ -75.155795, 39.929072 ], [ -75.155748, 39.929063 ], [ -75.155795, 39.928836 ], [ -75.155274, 39.928763 ], [ -75.154923, 39.928717 ], [ -75.154865, 39.928981 ], [ -75.154059, 39.928875 ], [ -75.154114, 39.928612 ], [ -75.153707, 39.928559 ], [ -75.153389, 39.928515 ], [ -75.153337, 39.928761 ], [ -75.152333, 39.928631 ], [ -75.152392, 39.928374 ], [ -75.152131, 39.928336 ], [ -75.151785, 39.928292 ], [ -75.151732, 39.928552 ], [ -75.150812, 39.92842 ], [ -75.150614, 39.928391 ], [ -75.150706, 39.928156 ], [ -75.150256, 39.928097 ], [ -75.150148, 39.928369 ], [ -75.149521, 39.928231 ], [ -75.149345, 39.928208 ], [ -75.149305, 39.928317 ], [ -75.149202, 39.928283 ], [ -75.149219, 39.928238 ], [ -75.149119, 39.928204 ], [ -75.149139, 39.928152 ], [ -75.148979, 39.928105 ], [ -75.148951, 39.928174 ], [ -75.148897, 39.928158 ], [ -75.148989, 39.927933 ], [ -75.148701, 39.927896 ], [ -75.148151, 39.927821 ], [ -75.148129, 39.927889 ], [ -75.148093, 39.927983 ], [ -75.148048, 39.927977 ], [ -75.148044, 39.927987 ], [ -75.147843, 39.927947 ], [ -75.147798, 39.927943 ], [ -75.14776, 39.927935 ], [ -75.147745, 39.927946 ], [ -75.147693, 39.928081 ], [ -75.14694, 39.927863 ], [ -75.146985, 39.927665 ], [ -75.146665, 39.927623 ], [ -75.146411, 39.92759 ], [ -75.14628, 39.927573 ], [ -75.146091, 39.927548 ], [ -75.145012, 39.927396 ], [ -75.144923, 39.927384 ], [ -75.144779, 39.927365 ], [ -75.143547, 39.927205 ], [ -75.142098, 39.927016 ], [ -75.141876, 39.927317 ], [ -75.141822, 39.927406 ], [ -75.141664, 39.927482 ], [ -75.141509, 39.927445 ], [ -75.140894, 39.927227 ], [ -75.14088, 39.927122 ], [ -75.140827, 39.927022 ], [ -75.140585, 39.926437 ], [ -75.140261, 39.926353 ], [ -75.134301, 39.925781 ], [ -75.132755, 39.922531 ], [ -75.132433, 39.921851 ], [ -75.132376, 39.921733 ], [ -75.132344, 39.921666 ], [ -75.131631, 39.920143 ], [ -75.131187, 39.919192 ], [ -75.13035, 39.917404 ], [ -75.13012, 39.917049 ], [ -75.129532, 39.916181 ], [ -75.129342, 39.9159 ], [ -75.12887, 39.914781 ], [ -75.128821, 39.914666 ], [ -75.128601, 39.913989 ], [ -75.128253, 39.913164 ], [ -75.128381, 39.910717 ], [ -75.128462, 39.910288 ], [ -75.128537, 39.909095 ], [ -75.128673, 39.908632 ], [ -75.128887, 39.907446 ], [ -75.128902, 39.907406 ], [ -75.128927, 39.907338 ], [ -75.129247, 39.906468 ], [ -75.129308, 39.906202 ], [ -75.129515, 39.905302 ], [ -75.129544, 39.905224 ], [ -75.12956, 39.90518 ], [ -75.129584, 39.905066 ], [ -75.129634, 39.904826 ], [ -75.129734, 39.903941 ], [ -75.129911, 39.903378 ], [ -75.130054, 39.90239 ], [ -75.130724, 39.900555 ], [ -75.13081, 39.900363 ], [ -75.131363, 39.899138 ], [ -75.131919, 39.898288 ], [ -75.131995, 39.898188 ], [ -75.134696, 39.894614 ], [ -75.1354, 39.893057 ], [ -75.135429, 39.893009 ], [ -75.141533, 39.895062 ], [ -75.144184, 39.895633 ], [ -75.144225, 39.895648 ], [ -75.14425, 39.895662 ], [ -75.144277, 39.895682 ], [ -75.145587, 39.895857 ], [ -75.145924, 39.895901 ], [ -75.147111, 39.89606 ], [ -75.151526, 39.896647 ], [ -75.153669, 39.896932 ], [ -75.154006, 39.896976 ], [ -75.154342, 39.897024 ], [ -75.15468, 39.897064 ], [ -75.15502, 39.897076 ], [ -75.155362, 39.897082 ], [ -75.156728, 39.897122 ], [ -75.157071, 39.897131 ], [ -75.158436, 39.897171 ], [ -75.158778, 39.89718 ], [ -75.160827, 39.897239 ], [ -75.161169, 39.897248 ], [ -75.165609, 39.897377 ], [ -75.16595, 39.897388 ], [ -75.166975, 39.897418 ], [ -75.167315, 39.897429 ], [ -75.167658, 39.897439 ], [ -75.167998, 39.89745 ], [ -75.16834, 39.89746 ], [ -75.169705, 39.897504 ], [ -75.170046, 39.897521 ], [ -75.170095, 39.89752 ], [ -75.170389, 39.897542 ], [ -75.170726, 39.897583 ], [ -75.17106, 39.897639 ], [ -75.17139, 39.897711 ], [ -75.17171, 39.897799 ], [ -75.172028, 39.897896 ], [ -75.172343, 39.897998 ], [ -75.172657, 39.898102 ], [ -75.172972, 39.898205 ], [ -75.174063, 39.89836 ], [ -75.174862, 39.898474 ], [ -75.174959, 39.898488 ], [ -75.174918, 39.898603 ] ] ] } },
{ "type": "Feature", "properties": { "ZCTA5CE20": "19149", "TFID": 216597572, "STATEFP20": "42", "COUNTYFP20": "101", "TRACTCE20": "031700", "BLKGRPCE20": "5", "BLOCKCE20": "5005", "SUFFIX1CE": null, "UACE20": "69076", "PUMACE20": "03223", "STATEFP": "42", "COUNTYFP": "101", "TRACTCE": "031700", "BLKGRPCE": "5", "COUSUBFP": "60000", "SUBMCDFP": null, "ESTATEFP": null, "CONCTYFP": null, "PLACEFP": "60000", "AIANNHFP": null, "AIANNHCE": null, "COMPTYP": null, "TRSUBFP": null, "TRSUBCE": null, "ANRCFP": null, "TTRACTCE": null, "TBLKGPCE": null, "ELSDLEA": null, "SCSDLEA": null, "UNSDLEA": "18990", "SDADMLEA": null, "CD118FP": "02", "SLDUST": "002", "SLDLST": "202", "CSAFP": "428", "CBSAFP": "37980", "METDIVFP": "37964", "LWFLAG": "L", "OFFSET": "N", "ATOTAL": 71023, "INTPTLAT": "+40.0300603", "INTPTLON": "-75.0718353", "DP04_DP04_0001E_x": "20810", "DP04_DP04_0002E_x": "19436", "DP04_DP04_0003E_x": "1374", "DP04_DP04_0089E_x": "198200", "DP04_DP04_0126E_x": "7925", "DP04_DP04_0134E_x": "1484", "DP04_DP04_0001E_y": "20810", "DP04_DP04_0002E_y": "19436", "DP04_DP04_0003E_y": "1374", "DP04_DP04_0089E_y": "198200", "DP04_DP04_0126E_y": "7925", "DP04_DP04_0134E_y": "1484", "DP03_DP03_0002E": "28574", "DP03_DP03_0007E": "14176", "DP03_DP03_0062E": "54679", "DP03_DP03_0063E": "70864", "DP03_DP03_0064E": "16273", "DP03_DP03_0086E": "59546", "DP03_DP03_0087E": "77375", "DP03_DP03_0088E": "24334", "DP03_DP03_0119PE": "18.6", "DP02_DP02_0001E": "19436", "DP02_DP02_0016E": "2.94", "DP02_DP02_0017E": "3.52", "DP02_DP02_0053E": "14697", "DP02_DP02_0059E": "37032", "DP02_DP02_0067E": "28188", "DP02_DP02_0068E": "5627", "DP1_DP1_0001C": "60408", "DP1_DP1_0025C": "29488", "DP1_DP1_0049C": "30920", "DP1_DP1_0076C": "60408", "DP1_DP1_0084C": "6413" }, "geometry": { "type": "Polygon", "coordinates": [ [ [ -75.083358, 40.031326 ], [ -75.083513, 40.031756 ], [ -75.084111, 40.031618 ], [ -75.084197, 40.031438 ], [ -75.084371, 40.031555 ], [ -75.084487, 40.031634 ], [ -75.084554, 40.031682 ], [ -75.084601, 40.031716 ], [ -75.084691, 40.031765 ], [ -75.084754, 40.032028 ], [ -75.084832, 40.032349 ], [ -75.084953, 40.032308 ], [ -75.085055, 40.032275 ], [ -75.085157, 40.032232 ], [ -75.085321, 40.032147 ], [ -75.08648, 40.0329 ], [ -75.086129, 40.033085 ], [ -75.086598, 40.033374 ], [ -75.087699, 40.034096 ], [ -75.087786, 40.034134 ], [ -75.087893, 40.034167 ], [ -75.088712, 40.034619 ], [ -75.089153, 40.03488 ], [ -75.089282, 40.034954 ], [ -75.090835, 40.035794 ], [ -75.090626, 40.036005 ], [ -75.090437, 40.036204 ], [ -75.090234, 40.036406 ], [ -75.090057, 40.036587 ], [ -75.089808, 40.036834 ], [ -75.089595, 40.037065 ], [ -75.089404, 40.037263 ], [ -75.090101, 40.037673 ], [ -75.090739, 40.038027 ], [ -75.091228, 40.038341 ], [ -75.091334, 40.038409 ], [ -75.091311, 40.038586 ], [ -75.090543, 40.039142 ], [ -75.089973, 40.038846 ], [ -75.08945, 40.038541 ], [ -75.089248, 40.03842 ], [ -75.088875, 40.038211 ], [ -75.088892, 40.038086 ], [ -75.088709, 40.03795 ], [ -75.088731, 40.038236 ], [ -75.088728, 40.038248 ], [ -75.088566, 40.039096 ], [ -75.08838, 40.039857 ], [ -75.088243, 40.040305 ], [ -75.088237, 40.040327 ], [ -75.088197, 40.040527 ], [ -75.088184, 40.040767 ], [ -75.088203, 40.040957 ], [ -75.088209, 40.041037 ], [ -75.088241, 40.041125 ], [ -75.088373, 40.041772 ], [ -75.088402, 40.041925 ], [ -75.088239, 40.04164 ], [ -75.087821, 40.041449 ], [ -75.085962, 40.040396 ], [ -75.08565, 40.040217 ], [ -75.085335, 40.040044 ], [ -75.084895, 40.039799 ], [ -75.084412, 40.039499 ], [ -75.085589, 40.038272 ], [ -75.085036, 40.037983 ], [ -75.084774, 40.037837 ], [ -75.084464, 40.037657 ], [ -75.084022, 40.038135 ], [ -75.08329, 40.038897 ], [ -75.083138, 40.038791 ], [ -75.082627, 40.038516 ], [ -75.081978, 40.038163 ], [ -75.081281, 40.037782 ], [ -75.0806, 40.037404 ], [ -75.07991, 40.03701 ], [ -75.079871, 40.036949 ], [ -75.079836, 40.036921 ], [ -75.079547, 40.037221 ], [ -75.07935, 40.037433 ], [ -75.079265, 40.037516 ], [ -75.079158, 40.037621 ], [ -75.078999, 40.037796 ], [ -75.07862, 40.038205 ], [ -75.078389, 40.038433 ], [ -75.07821, 40.038617 ], [ -75.078658, 40.038857 ], [ -75.078587, 40.038883 ], [ -75.078262, 40.039233 ], [ -75.078222, 40.039276 ], [ -75.07809, 40.039417 ], [ -75.078111, 40.039428 ], [ -75.077991, 40.039558 ], [ -75.077845, 40.039714 ], [ -75.077797, 40.039765 ], [ -75.077616, 40.039959 ], [ -75.077594, 40.039947 ], [ -75.077432, 40.040123 ], [ -75.077258, 40.040312 ], [ -75.078331, 40.04091 ], [ -75.078152, 40.041096 ], [ -75.07794, 40.041319 ], [ -75.077744, 40.041536 ], [ -75.076237, 40.040685 ], [ -75.075834, 40.041095 ], [ -75.076247, 40.04133 ], [ -75.076193, 40.041363 ], [ -75.076053, 40.041513 ], [ -75.075915, 40.041661 ], [ -75.075857, 40.04171 ], [ -75.075816, 40.041745 ], [ -75.075524, 40.042049 ], [ -75.075473, 40.042164 ], [ -75.075427, 40.042268 ], [ -75.074969, 40.042753 ], [ -75.074896, 40.042807 ], [ -75.074838, 40.042851 ], [ -75.074388, 40.043324 ], [ -75.074267, 40.0434 ], [ -75.074168, 40.043463 ], [ -75.07372, 40.043944 ], [ -75.073658, 40.044015 ], [ -75.07315, 40.04459 ], [ -75.073095, 40.044653 ], [ -75.072545, 40.045284 ], [ -75.07207, 40.045024 ], [ -75.071464, 40.045647 ], [ -75.070887, 40.046218 ], [ -75.071356, 40.046478 ], [ -75.070886, 40.047005 ], [ -75.070798, 40.047103 ], [ -75.070414, 40.047532 ], [ -75.070315, 40.047476 ], [ -75.070136, 40.047663 ], [ -75.070237, 40.047719 ], [ -75.070194, 40.047764 ], [ -75.069669, 40.04832 ], [ -75.069588, 40.048275 ], [ -75.069519, 40.048354 ], [ -75.069448, 40.048435 ], [ -75.068974, 40.048937 ], [ -75.068918, 40.048977 ], [ -75.068831, 40.049039 ], [ -75.068381, 40.049515 ], [ -75.06831, 40.04959 ], [ -75.067771, 40.050161 ], [ -75.067717, 40.050217 ], [ -75.067195, 40.05076 ], [ -75.067154, 40.050804 ], [ -75.066624, 40.051365 ], [ -75.066532, 40.051461 ], [ -75.066045, 40.051181 ], [ -75.065755, 40.051008 ], [ -75.065402, 40.050809 ], [ -75.065131, 40.050664 ], [ -75.064843, 40.050494 ], [ -75.064561, 40.050338 ], [ -75.064186, 40.050129 ], [ -75.062425, 40.05199 ], [ -75.060654, 40.050999 ], [ -75.058284, 40.049688 ], [ -75.058105, 40.049866 ], [ -75.056656, 40.049084 ], [ -75.055032, 40.048171 ], [ -75.053331, 40.047221 ], [ -75.052797, 40.046922 ], [ -75.052455, 40.046732 ], [ -75.053954, 40.045307 ], [ -75.053961, 40.045296 ], [ -75.054646, 40.044645 ], [ -75.05449, 40.044559 ], [ -75.054433, 40.044528 ], [ -75.054287, 40.044448 ], [ -75.054262, 40.044435 ], [ -75.054061, 40.044325 ], [ -75.053114, 40.043764 ], [ -75.052228, 40.043271 ], [ -75.051886, 40.043624 ], [ -75.050387, 40.042797 ], [ -75.050288, 40.042713 ], [ -75.050227, 40.04266 ], [ -75.048772, 40.041847 ], [ -75.048663, 40.041794 ], [ -75.048572, 40.04175 ], [ -75.047757, 40.041303 ], [ -75.047718, 40.041338 ], [ -75.047343, 40.041121 ], [ -75.047772, 40.040696 ], [ -75.047424, 40.040497 ], [ -75.047339, 40.040593 ], [ -75.047074, 40.040873 ], [ -75.046655, 40.040634 ], [ -75.045943, 40.040255 ], [ -75.045584, 40.039891 ], [ -75.045514, 40.039769 ], [ -75.045111, 40.039868 ], [ -75.044604, 40.039988 ], [ -75.044945, 40.039629 ], [ -75.044587, 40.039412 ], [ -75.043936, 40.039021 ], [ -75.0439, 40.038977 ], [ -75.043762, 40.038915 ], [ -75.043635, 40.038859 ], [ -75.043218, 40.038622 ], [ -75.042571, 40.038256 ], [ -75.04221, 40.038051 ], [ -75.042089, 40.037983 ], [ -75.041692, 40.038218 ], [ -75.040594, 40.036859 ], [ -75.040667, 40.036834 ], [ -75.04086, 40.036757 ], [ -75.041488, 40.037119 ], [ -75.041692, 40.036894 ], [ -75.041782, 40.036945 ], [ -75.042069, 40.036665 ], [ -75.04219, 40.036629 ], [ -75.042257, 40.036609 ], [ -75.042283, 40.036591 ], [ -75.042323, 40.036613 ], [ -75.04248, 40.03645 ], [ -75.042808, 40.036278 ], [ -75.042909, 40.036226 ], [ -75.043, 40.03618 ], [ -75.04354, 40.035893 ], [ -75.043687, 40.035816 ], [ -75.043773, 40.035771 ], [ -75.044436, 40.035428 ], [ -75.044546, 40.035371 ], [ -75.045292, 40.034982 ], [ -75.04541, 40.034911 ], [ -75.046127, 40.034483 ], [ -75.046234, 40.034418 ], [ -75.046312, 40.03437 ], [ -75.046344, 40.034388 ], [ -75.046669, 40.03421 ], [ -75.046724, 40.03424 ], [ -75.046951, 40.034002 ], [ -75.047056, 40.03387 ], [ -75.046854, 40.033757 ], [ -75.04677, 40.033683 ], [ -75.047718, 40.033301 ], [ -75.048574, 40.032982 ], [ -75.048701, 40.032945 ], [ -75.04991, 40.03261 ], [ -75.050972, 40.032324 ], [ -75.052075, 40.032932 ], [ -75.052662, 40.032319 ], [ -75.052998, 40.03193 ], [ -75.053179, 40.031782 ], [ -75.053249, 40.0317 ], [ -75.05385, 40.032029 ], [ -75.054147, 40.031705 ], [ -75.054422, 40.031503 ], [ -75.054514, 40.031436 ], [ -75.054584, 40.031385 ], [ -75.054866, 40.031182 ], [ -75.054996, 40.031255 ], [ -75.055216, 40.031019 ], [ -75.055299, 40.030919 ], [ -75.0548, 40.030642 ], [ -75.05527, 40.03022 ], [ -75.055416, 40.030086 ], [ -75.056039, 40.030432 ], [ -75.056359, 40.030109 ], [ -75.056614, 40.029868 ], [ -75.056692, 40.029796 ], [ -75.057231, 40.030094 ], [ -75.057874, 40.030454 ], [ -75.058176, 40.030119 ], [ -75.058716, 40.030418 ], [ -75.059306, 40.029802 ], [ -75.058209, 40.029202 ], [ -75.058184, 40.029228 ], [ -75.057871, 40.028689 ], [ -75.057871, 40.02852 ], [ -75.05795, 40.028592 ], [ -75.058407, 40.028849 ], [ -75.058822, 40.028413 ], [ -75.058958, 40.028262 ], [ -75.059227, 40.027909 ], [ -75.059982, 40.027793 ], [ -75.060274, 40.027972 ], [ -75.06048, 40.028098 ], [ -75.060606, 40.028169 ], [ -75.060717, 40.02814 ], [ -75.061538, 40.028025 ], [ -75.061597, 40.028094 ], [ -75.061782, 40.027904 ], [ -75.062486, 40.028284 ], [ -75.062426, 40.027979 ], [ -75.062388, 40.027701 ], [ -75.062391, 40.027584 ], [ -75.062394, 40.027444 ], [ -75.062526, 40.027425 ], [ -75.062567, 40.02742 ], [ -75.062644, 40.027409 ], [ -75.062924, 40.027371 ], [ -75.063041, 40.027547 ], [ -75.063146, 40.027701 ], [ -75.064004, 40.028165 ], [ -75.06432, 40.027822 ], [ -75.064616, 40.027514 ], [ -75.06487, 40.027248 ], [ -75.064911, 40.02717 ], [ -75.065108, 40.027073 ], [ -75.065403, 40.027033 ], [ -75.06709, 40.026776 ], [ -75.067957, 40.026583 ], [ -75.071065, 40.028306 ], [ -75.073733, 40.029784 ], [ -75.074033, 40.029117 ], [ -75.072942, 40.028498 ], [ -75.074782, 40.026556 ], [ -75.074944, 40.026691 ], [ -75.075141, 40.026848 ], [ -75.075367, 40.027038 ], [ -75.075488, 40.027071 ], [ -75.075637, 40.02708 ], [ -75.076774, 40.027381 ], [ -75.07703, 40.027445 ], [ -75.076808, 40.027689 ], [ -75.077535, 40.028095 ], [ -75.077594, 40.028153 ], [ -75.077679, 40.028236 ], [ -75.078139, 40.028494 ], [ -75.078182, 40.028516 ], [ -75.078261, 40.028556 ], [ -75.078719, 40.028818 ], [ -75.078791, 40.028858 ], [ -75.079425, 40.029214 ], [ -75.079487, 40.029167 ], [ -75.079651, 40.028995 ], [ -75.079693, 40.028894 ], [ -75.079985, 40.02906 ], [ -75.079721, 40.029335 ], [ -75.080609, 40.029823 ], [ -75.080708, 40.029877 ], [ -75.082295, 40.030772 ], [ -75.082348, 40.030716 ], [ -75.082443, 40.030773 ], [ -75.083358, 40.031326 ] ] ] } },
{ "type": "Feature", "properties": { "ZCTA5CE20": "19150", "TFID": 216590949, "STATEFP20": "42", "COUNTYFP20": "101", "TRACTCE20": "025800", "BLKGRPCE20": "1", "BLOCKCE20": "1006", "SUFFIX1CE": null, "UACE20": "69076", "PUMACE20": "03224", "STATEFP": "42", "COUNTYFP": "101", "TRACTCE": "025800", "BLKGRPCE": "1", "COUSUBFP": "60000", "SUBMCDFP": null, "ESTATEFP": null, "CONCTYFP": null, "PLACEFP": "60000", "AIANNHFP": null, "AIANNHCE": null, "COMPTYP": null, "TRSUBFP": null, "TRSUBCE": null, "ANRCFP": null, "TTRACTCE": null, "TBLKGPCE": null, "ELSDLEA": null, "SCSDLEA": null, "UNSDLEA": "18990", "SDADMLEA": null, "CD118FP": "03", "SLDUST": "004", "SLDLST": "200", "CSAFP": "428", "CBSAFP": "37980", "METDIVFP": "37964", "LWFLAG": "L", "OFFSET": "N", "ATOTAL": 9072, "INTPTLAT": "+40.0733402", "INTPTLON": "-75.1875467", "DP04_DP04_0001E_x": "10868", "DP04_DP04_0002E_x": "10288", "DP04_DP04_0003E_x": "580", "DP04_DP04_0089E_x": "225400", "DP04_DP04_0126E_x": "2097", "DP04_DP04_0134E_x": "1282", "DP04_DP04_0001E_y": "10868", "DP04_DP04_0002E_y": "10288", "DP04_DP04_0003E_y": "580", "DP04_DP04_0089E_y": "225400", "DP04_DP04_0126E_y": "2097", "DP04_DP04_0134E_y": "1282", "DP03_DP03_0002E": "12322", "DP03_DP03_0007E": "7286", "DP03_DP03_0062E": "61257", "DP03_DP03_0063E": "75276", "DP03_DP03_0064E": "7680", "DP03_DP03_0086E": "77295", "DP03_DP03_0087E": "91997", "DP03_DP03_0088E": "34250", "DP03_DP03_0119PE": "9.1", "DP02_DP02_0001E": "10288", "DP02_DP02_0016E": "2.29", "DP02_DP02_0017E": "3.03", "DP02_DP02_0053E": "4082", "DP02_DP02_0059E": "17356", "DP02_DP02_0067E": "15799", "DP02_DP02_0068E": "4932", "DP1_DP1_0001C": "23126", "DP1_DP1_0025C": "10053", "DP1_DP1_0049C": "13073", "DP1_DP1_0076C": "23126", "DP1_DP1_0084C": "817" }, "geometry": { "type": "Polygon", "coordinates": [ [ [ -75.178913, 40.066826 ], [ -75.178977, 40.066831 ], [ -75.179499, 40.067146 ], [ -75.179568, 40.067217 ], [ -75.17964, 40.067291 ], [ -75.180775, 40.067973 ], [ -75.180545, 40.06819 ], [ -75.1809, 40.068411 ], [ -75.181751, 40.068902 ], [ -75.182219, 40.069159 ], [ -75.182514, 40.069338 ], [ -75.182644, 40.069406 ], [ -75.182895, 40.069553 ], [ -75.183212, 40.069749 ], [ -75.183385, 40.069849 ], [ -75.183648, 40.06999 ], [ -75.183911, 40.070144 ], [ -75.184654, 40.070565 ], [ -75.185511, 40.071045 ], [ -75.185901, 40.070659 ], [ -75.186639, 40.071119 ], [ -75.186734, 40.071172 ], [ -75.186353, 40.071535 ], [ -75.18656, 40.071657 ], [ -75.186954, 40.071881 ], [ -75.187276, 40.072061 ], [ -75.187695, 40.072301 ], [ -75.188052, 40.072503 ], [ -75.188461, 40.07275 ], [ -75.187065, 40.074177 ], [ -75.186096, 40.075123 ], [ -75.185988, 40.07523 ], [ -75.185837, 40.075378 ], [ -75.185379, 40.075821 ], [ -75.185036, 40.076153 ], [ -75.184952, 40.076237 ], [ -75.183399, 40.077789 ], [ -75.183113, 40.078064 ], [ -75.182898, 40.078276 ], [ -75.182617, 40.078552 ], [ -75.182053, 40.079102 ], [ -75.181819, 40.079329 ], [ -75.181473, 40.07967 ], [ -75.180901, 40.080219 ], [ -75.180792, 40.080325 ], [ -75.180583, 40.08053 ], [ -75.180275, 40.08083 ], [ -75.180019, 40.081075 ], [ -75.179756, 40.081333 ], [ -75.179214, 40.081867 ], [ -75.178711, 40.082367 ], [ -75.178223, 40.082855 ], [ -75.177696, 40.083378 ], [ -75.176481, 40.084607 ], [ -75.176438, 40.084649 ], [ -75.17617, 40.08449 ], [ -75.175873, 40.084309 ], [ -75.175331, 40.083988 ], [ -75.175072, 40.083835 ], [ -75.174782, 40.083664 ], [ -75.174156, 40.083294 ], [ -75.173592, 40.082958 ], [ -75.172951, 40.082581 ], [ -75.171906, 40.081987 ], [ -75.171717, 40.08188 ], [ -75.171661, 40.081848 ], [ -75.171601, 40.081813 ], [ -75.171348, 40.081664 ], [ -75.169914, 40.080818 ], [ -75.168243, 40.079834 ], [ -75.167641, 40.079479 ], [ -75.16497, 40.077869 ], [ -75.163399, 40.07695 ], [ -75.161957, 40.07613 ], [ -75.161285, 40.075764 ], [ -75.160429, 40.075301 ], [ -75.158417, 40.074169 ], [ -75.155834, 40.072733 ], [ -75.154694, 40.072084 ], [ -75.154076, 40.071732 ], [ -75.154344, 40.071428 ], [ -75.154475, 40.071284 ], [ -75.1547, 40.07124 ], [ -75.155213, 40.07115 ], [ -75.155276, 40.071058 ], [ -75.155757, 40.070534 ], [ -75.155744, 40.070487 ], [ -75.155488, 40.070354 ], [ -75.155433, 40.070238 ], [ -75.155691, 40.070149 ], [ -75.156533, 40.069705 ], [ -75.156278, 40.069459 ], [ -75.15633, 40.069376 ], [ -75.156288, 40.06926 ], [ -75.15692, 40.06916 ], [ -75.157447, 40.069066 ], [ -75.157476, 40.069157 ], [ -75.157574, 40.069478 ], [ -75.158965, 40.06924 ], [ -75.158879, 40.068949 ], [ -75.158862, 40.068815 ], [ -75.159111, 40.068566 ], [ -75.159135, 40.068523 ], [ -75.159017, 40.068467 ], [ -75.159625, 40.068023 ], [ -75.160171, 40.067463 ], [ -75.160831, 40.066777 ], [ -75.161291, 40.066295 ], [ -75.161488, 40.066095 ], [ -75.161724, 40.065853 ], [ -75.161911, 40.065656 ], [ -75.16216, 40.065401 ], [ -75.161432, 40.064982 ], [ -75.162923, 40.063409 ], [ -75.16344, 40.063595 ], [ -75.163786, 40.063711 ], [ -75.164304, 40.063896 ], [ -75.165209, 40.062955 ], [ -75.165355, 40.062803 ], [ -75.166333, 40.061802 ], [ -75.166413, 40.06172 ], [ -75.167111, 40.060991 ], [ -75.166657, 40.060734 ], [ -75.166968, 40.060413 ], [ -75.167487, 40.060706 ], [ -75.167844, 40.060912 ], [ -75.168324, 40.061185 ], [ -75.168641, 40.061373 ], [ -75.169379, 40.061797 ], [ -75.169797, 40.062034 ], [ -75.170063, 40.062186 ], [ -75.170474, 40.062422 ], [ -75.170787, 40.0626 ], [ -75.171176, 40.062819 ], [ -75.17145, 40.062988 ], [ -75.171833, 40.06321 ], [ -75.172073, 40.063345 ], [ -75.172159, 40.063394 ], [ -75.172475, 40.063582 ], [ -75.172568, 40.063639 ], [ -75.172906, 40.063821 ], [ -75.173725, 40.064289 ], [ -75.174028, 40.064458 ], [ -75.174165, 40.064547 ], [ -75.174443, 40.064713 ], [ -75.174934, 40.064999 ], [ -75.175327, 40.065216 ], [ -75.175738, 40.065454 ], [ -75.176526, 40.065896 ], [ -75.176953, 40.06615 ], [ -75.177114, 40.066243 ], [ -75.17726, 40.06633 ], [ -75.177646, 40.066546 ], [ -75.178008, 40.066743 ], [ -75.178474, 40.067005 ], [ -75.17874, 40.066722 ], [ -75.178913, 40.066826 ] ] ] } },
{ "type": "Feature", "properties": { "ZCTA5CE20": "19151", "TFID": 216589918, "STATEFP20": "42", "COUNTYFP20": "101", "TRACTCE20": "980800", "BLKGRPCE20": "1", "BLOCKCE20": "1018", "SUFFIX1CE": null, "UACE20": "69076", "PUMACE20": "03227", "STATEFP": "42", "COUNTYFP": "101", "TRACTCE": "980800", "BLKGRPCE": "1", "COUSUBFP": "60000", "SUBMCDFP": null, "ESTATEFP": null, "CONCTYFP": null, "PLACEFP": "60000", "AIANNHFP": null, "AIANNHCE": null, "COMPTYP": null, "TRSUBFP": null, "TRSUBCE": null, "ANRCFP": null, "TTRACTCE": null, "TBLKGPCE": null, "ELSDLEA": null, "SCSDLEA": null, "UNSDLEA": "18990", "SDADMLEA": null, "CD118FP": "03", "SLDUST": "007", "SLDLST": "192", "CSAFP": "428", "CBSAFP": "37980", "METDIVFP": "37964", "LWFLAG": "P", "OFFSET": "N", "ATOTAL": 3310, "INTPTLAT": "+39.9655151", "INTPTLON": "-75.2632249", "DP04_DP04_0001E_x": "15084", "DP04_DP04_0002E_x": "13203", "DP04_DP04_0003E_x": "1881", "DP04_DP04_0089E_x": "181200", "DP04_DP04_0126E_x": "4199", "DP04_DP04_0134E_x": "1167", "DP04_DP04_0001E_y": "15084", "DP04_DP04_0002E_y": "13203", "DP04_DP04_0003E_y": "1881", "DP04_DP04_0089E_y": "181200", "DP04_DP04_0126E_y": "4199", "DP04_DP04_0134E_y": "1167", "DP03_DP03_0002E": "16599", "DP03_DP03_0007E": "8840", "DP03_DP03_0062E": "58046", "DP03_DP03_0063E": "74357", "DP03_DP03_0064E": "10339", "DP03_DP03_0086E": "84841", "DP03_DP03_0087E": "91240", "DP03_DP03_0088E": "30882", "DP03_DP03_0119PE": "16.5", "DP02_DP02_0001E": "13203", "DP02_DP02_0016E": "2.46", "DP02_DP02_0017E": "3.21", "DP02_DP02_0053E": "9471", "DP02_DP02_0059E": "21456", "DP02_DP02_0067E": "20023", "DP02_DP02_0068E": "6066", "DP1_DP1_0001C": "30394", "DP1_DP1_0025C": "13616", "DP1_DP1_0049C": "16778", "DP1_DP1_0076C": "30394", "DP1_DP1_0084C": "1174" }, "geometry": { "type": "Polygon", "coordinates": [ [ [ -75.262382, 39.965739 ], [ -75.262422, 39.965676 ], [ -75.262457, 39.965633 ], [ -75.262512, 39.965611 ], [ -75.262559, 39.965617 ], [ -75.262618, 39.965626 ], [ -75.262679, 39.965638 ], [ -75.262766, 39.965647 ], [ -75.262836, 39.965639 ], [ -75.262919, 39.965609 ], [ -75.262961, 39.965579 ], [ -75.263028, 39.965531 ], [ -75.263092, 39.965486 ], [ -75.263144, 39.965459 ], [ -75.263195, 39.965457 ], [ -75.263251, 39.965474 ], [ -75.263307, 39.965505 ], [ -75.263383, 39.965545 ], [ -75.263467, 39.965577 ], [ -75.26353, 39.965605 ], [ -75.263614, 39.965621 ], [ -75.263696, 39.965614 ], [ -75.26377, 39.965596 ], [ -75.263855, 39.965556 ], [ -75.263928, 39.965529 ], [ -75.26399, 39.965491 ], [ -75.264016, 39.965457 ], [ -75.264056, 39.965421 ], [ -75.264131, 39.965373 ], [ -75.264242, 39.965312 ], [ -75.264373, 39.965242 ], [ -75.264496, 39.965195 ], [ -75.264553, 39.965181 ], [ -75.264644, 39.965179 ], [ -75.264758, 39.965184 ], [ -75.264918, 39.965189 ], [ -75.265058, 39.965192 ], [ -75.265252, 39.965207 ], [ -75.265388, 39.965224 ], [ -75.265448, 39.965257 ], [ -75.265528, 39.96535 ], [ -75.265566, 39.965404 ], [ -75.265598, 39.965448 ], [ -75.265656, 39.965526 ], [ -75.265744, 39.965626 ], [ -75.265806, 39.965716 ], [ -75.265858, 39.965791 ], [ -75.265921, 39.96586 ], [ -75.266048, 39.965926 ], [ -75.266062, 39.96593 ], [ -75.266193, 39.965968 ], [ -75.266313, 39.966004 ], [ -75.266395, 39.966018 ], [ -75.266545, 39.966021 ], [ -75.266707, 39.966021 ], [ -75.266795, 39.966009 ], [ -75.266909, 39.966008 ], [ -75.267024, 39.966025 ], [ -75.2671, 39.96605 ], [ -75.267138, 39.966062 ], [ -75.267214, 39.966092 ], [ -75.267245, 39.966117 ], [ -75.267386, 39.966215 ], [ -75.267475, 39.96626 ], [ -75.267538, 39.966272 ], [ -75.267598, 39.966273 ], [ -75.26767, 39.966298 ], [ -75.267779, 39.966341 ], [ -75.267818, 39.966359 ], [ -75.267909, 39.9664 ], [ -75.268129, 39.966491 ], [ -75.268393, 39.966589 ], [ -75.268461, 39.966618 ], [ -75.268513, 39.966651 ], [ -75.268568, 39.966691 ], [ -75.268701, 39.966796 ], [ -75.268773, 39.96686 ], [ -75.268846, 39.966946 ], [ -75.268916, 39.967041 ], [ -75.269016, 39.967235 ], [ -75.269044, 39.967285 ], [ -75.26908, 39.96733 ], [ -75.269125, 39.967361 ], [ -75.269157, 39.967374 ], [ -75.269206, 39.967381 ], [ -75.269272, 39.967391 ], [ -75.269357, 39.967402 ], [ -75.269445, 39.967388 ], [ -75.269498, 39.967375 ], [ -75.269548, 39.967355 ], [ -75.269614, 39.967331 ], [ -75.26967, 39.967317 ], [ -75.269741, 39.967315 ], [ -75.269801, 39.967326 ], [ -75.269857, 39.967344 ], [ -75.269919, 39.96738 ], [ -75.269961, 39.967425 ], [ -75.270002, 39.967479 ], [ -75.27003, 39.967552 ], [ -75.270054, 39.967653 ], [ -75.270073, 39.967729 ], [ -75.27014, 39.967872 ], [ -75.270192, 39.967977 ], [ -75.270297, 39.968184 ], [ -75.270388, 39.968322 ], [ -75.270402, 39.968357 ], [ -75.270413, 39.968428 ], [ -75.270422, 39.968479 ], [ -75.270447, 39.968528 ], [ -75.270501, 39.968585 ], [ -75.270522, 39.968602 ], [ -75.27057, 39.968638 ], [ -75.270598, 39.96866 ], [ -75.270651, 39.968675 ], [ -75.270718, 39.968671 ], [ -75.270773, 39.968663 ], [ -75.270838, 39.968644 ], [ -75.270913, 39.968619 ], [ -75.270986, 39.968603 ], [ -75.271043, 39.968609 ], [ -75.271109, 39.968619 ], [ -75.271168, 39.968633 ], [ -75.271241, 39.968663 ], [ -75.271327, 39.968691 ], [ -75.271407, 39.968704 ], [ -75.271491, 39.968709 ], [ -75.27159, 39.968715 ], [ -75.271698, 39.968729 ], [ -75.271802, 39.968756 ], [ -75.271863, 39.968805 ], [ -75.271922, 39.968859 ], [ -75.271985, 39.968944 ], [ -75.272024, 39.968985 ], [ -75.272086, 39.969011 ], [ -75.272196, 39.969047 ], [ -75.272344, 39.969094 ], [ -75.272505, 39.969131 ], [ -75.272625, 39.969178 ], [ -75.272726, 39.969217 ], [ -75.272815, 39.969244 ], [ -75.272957, 39.969293 ], [ -75.273054, 39.969305 ], [ -75.273185, 39.969305 ], [ -75.27328, 39.969294 ], [ -75.273415, 39.969281 ], [ -75.273492, 39.969276 ], [ -75.273569, 39.969278 ], [ -75.273681, 39.969287 ], [ -75.27381, 39.969297 ], [ -75.273912, 39.96931 ], [ -75.274012, 39.969315 ], [ -75.27415, 39.969317 ], [ -75.274326, 39.969316 ], [ -75.274488, 39.96931 ], [ -75.274808, 39.969293 ], [ -75.274889, 39.969287 ], [ -75.275027, 39.969289 ], [ -75.275084, 39.969297 ], [ -75.275197, 39.969325 ], [ -75.275266, 39.969364 ], [ -75.275322, 39.969416 ], [ -75.275362, 39.969503 ], [ -75.275394, 39.969575 ], [ -75.275456, 39.969778 ], [ -75.275494, 39.969929 ], [ -75.275567, 39.970125 ], [ -75.275606, 39.970211 ], [ -75.275652, 39.970259 ], [ -75.275705, 39.970293 ], [ -75.275819, 39.97031 ], [ -75.276005, 39.970312 ], [ -75.276186, 39.970324 ], [ -75.276245, 39.97033 ], [ -75.276277, 39.970342 ], [ -75.276302, 39.970351 ], [ -75.27637, 39.970388 ], [ -75.276411, 39.970416 ], [ -75.276438, 39.970468 ], [ -75.276467, 39.97052 ], [ -75.276508, 39.97059 ], [ -75.276553, 39.970672 ], [ -75.276611, 39.970776 ], [ -75.27664, 39.970828 ], [ -75.276656, 39.970862 ], [ -75.276667, 39.970907 ], [ -75.276674, 39.970945 ], [ -75.276662, 39.970983 ], [ -75.276636, 39.971016 ], [ -75.276587, 39.971056 ], [ -75.276528, 39.971095 ], [ -75.276471, 39.971135 ], [ -75.276485, 39.971178 ], [ -75.276524, 39.971224 ], [ -75.276583, 39.971262 ], [ -75.276689, 39.971253 ], [ -75.27676, 39.971244 ], [ -75.276825, 39.971215 ], [ -75.276896, 39.971175 ], [ -75.277073, 39.971105 ], [ -75.277136, 39.971089 ], [ -75.277198, 39.971082 ], [ -75.277266, 39.971082 ], [ -75.277338, 39.971083 ], [ -75.277421, 39.971097 ], [ -75.277491, 39.97111 ], [ -75.27754, 39.971127 ], [ -75.277576, 39.97115 ], [ -75.277611, 39.971175 ], [ -75.277656, 39.971209 ], [ -75.277687, 39.971247 ], [ -75.277704, 39.971284 ], [ -75.277713, 39.971321 ], [ -75.277688, 39.971345 ], [ -75.277646, 39.971362 ], [ -75.277596, 39.971377 ], [ -75.277551, 39.971386 ], [ -75.277523, 39.971401 ], [ -75.277509, 39.971424 ], [ -75.277503, 39.971452 ], [ -75.277505, 39.971487 ], [ -75.277513, 39.971518 ], [ -75.277529, 39.971555 ], [ -75.277553, 39.971583 ], [ -75.277591, 39.971615 ], [ -75.277641, 39.971643 ], [ -75.277676, 39.971659 ], [ -75.277765, 39.971678 ], [ -75.277886, 39.971693 ], [ -75.277967, 39.971714 ], [ -75.278018, 39.971751 ], [ -75.278297, 39.971928 ], [ -75.278352, 39.972013 ], [ -75.278449, 39.972106 ], [ -75.278537, 39.972185 ], [ -75.278609, 39.972263 ], [ -75.278657, 39.972332 ], [ -75.278697, 39.972414 ], [ -75.278703, 39.972442 ], [ -75.278724, 39.97253 ], [ -75.278759, 39.972634 ], [ -75.278777, 39.972692 ], [ -75.27878, 39.972745 ], [ -75.278784, 39.972841 ], [ -75.278795, 39.97295 ], [ -75.27881, 39.973051 ], [ -75.27883, 39.973162 ], [ -75.278859, 39.973247 ], [ -75.278916, 39.973315 ], [ -75.278952, 39.973359 ], [ -75.278971, 39.973446 ], [ -75.278998, 39.973526 ], [ -75.279046, 39.973618 ], [ -75.279081, 39.973691 ], [ -75.279109, 39.973812 ], [ -75.279123, 39.973913 ], [ -75.27917, 39.973986 ], [ -75.279242, 39.974031 ], [ -75.279359, 39.974072 ], [ -75.279465, 39.974122 ], [ -75.2796, 39.974185 ], [ -75.279805, 39.97432 ], [ -75.279955, 39.974424 ], [ -75.280027, 39.974502 ], [ -75.280044, 39.97454 ], [ -75.280085, 39.974624 ], [ -75.28013, 39.974735 ], [ -75.280192, 39.974835 ], [ -75.28023, 39.974888 ], [ -75.280266, 39.974964 ], [ -75.27951, 39.975349 ], [ -75.279137, 39.975552 ], [ -75.278938, 39.975654 ], [ -75.278186, 39.976041 ], [ -75.277669, 39.976312 ], [ -75.276482, 39.976959 ], [ -75.276131, 39.977127 ], [ -75.275871, 39.977245 ], [ -75.275468, 39.977429 ], [ -75.275284, 39.977512 ], [ -75.273552, 39.978279 ], [ -75.273154, 39.978455 ], [ -75.273026, 39.978512 ], [ -75.272255, 39.978855 ], [ -75.27153, 39.979176 ], [ -75.271309, 39.979275 ], [ -75.269257, 39.980186 ], [ -75.267973, 39.980757 ], [ -75.267398, 39.981014 ], [ -75.26725, 39.981079 ], [ -75.266251, 39.981525 ], [ -75.265566, 39.981832 ], [ -75.265511, 39.981857 ], [ -75.264748, 39.982193 ], [ -75.264386, 39.982356 ], [ -75.264351, 39.982372 ], [ -75.263687, 39.982658 ], [ -75.262946, 39.983045 ], [ -75.262794, 39.983124 ], [ -75.262512, 39.98328 ], [ -75.26078, 39.984241 ], [ -75.260689, 39.984295 ], [ -75.259476, 39.984955 ], [ -75.259284, 39.985073 ], [ -75.258842, 39.985348 ], [ -75.258705, 39.985428 ], [ -75.258545, 39.985527 ], [ -75.25695, 39.98671 ], [ -75.256874, 39.986771 ], [ -75.256287, 39.98719 ], [ -75.256119, 39.987301 ], [ -75.255676, 39.987499 ], [ -75.253999, 39.988304 ], [ -75.2516, 39.989429 ], [ -75.251546, 39.989454 ], [ -75.251438, 39.989504 ], [ -75.250786, 39.989803 ], [ -75.250336, 39.990017 ], [ -75.25013, 39.990116 ], [ -75.25, 39.99018 ], [ -75.249558, 39.989441 ], [ -75.249437, 39.989266 ], [ -75.249045, 39.98873 ], [ -75.248618, 39.988188 ], [ -75.248346, 39.987874 ], [ -75.247895, 39.987422 ], [ -75.247587, 39.987145 ], [ -75.24644, 39.986174 ], [ -75.246349, 39.98611 ], [ -75.245833, 39.985763 ], [ -75.245574, 39.98559 ], [ -75.245313, 39.98542 ], [ -75.245047, 39.985254 ], [ -75.244774, 39.985095 ], [ -75.244497, 39.984942 ], [ -75.244214, 39.984793 ], [ -75.243927, 39.98465 ], [ -75.243635, 39.984511 ], [ -75.24334, 39.984377 ], [ -75.243043, 39.984249 ], [ -75.242741, 39.984124 ], [ -75.242436, 39.984003 ], [ -75.24213, 39.983885 ], [ -75.241824, 39.983769 ], [ -75.241209, 39.983538 ], [ -75.24059, 39.983313 ], [ -75.239347, 39.982871 ], [ -75.239038, 39.982759 ], [ -75.238612, 39.982602 ], [ -75.238744, 39.982382 ], [ -75.239042, 39.98195 ], [ -75.239335, 39.981447 ], [ -75.239417, 39.981283 ], [ -75.239473, 39.981114 ], [ -75.239467, 39.980914 ], [ -75.239379, 39.980424 ], [ -75.239302, 39.980015 ], [ -75.239258, 39.979754 ], [ -75.239189, 39.979415 ], [ -75.239124, 39.979069 ], [ -75.23905, 39.978653 ], [ -75.239006, 39.978423 ], [ -75.238891, 39.977818 ], [ -75.238844, 39.977557 ], [ -75.238792, 39.97728 ], [ -75.238689, 39.976727 ], [ -75.23857, 39.976101 ], [ -75.238508, 39.975776 ], [ -75.237977, 39.975837 ], [ -75.237946, 39.975631 ], [ -75.238359, 39.975585 ], [ -75.238247, 39.974995 ], [ -75.238029, 39.97502 ], [ -75.238017, 39.974954 ], [ -75.238005, 39.974889 ], [ -75.237871, 39.974903 ], [ -75.237825, 39.974691 ], [ -75.23794, 39.974677 ], [ -75.237923, 39.974591 ], [ -75.237859, 39.974271 ], [ -75.237675, 39.973286 ], [ -75.237927, 39.973257 ], [ -75.238036, 39.973247 ], [ -75.237983, 39.972957 ], [ -75.237931, 39.972684 ], [ -75.237578, 39.972723 ], [ -75.23741, 39.971812 ], [ -75.237395, 39.971716 ], [ -75.237741, 39.971678 ], [ -75.237455, 39.970141 ], [ -75.237406, 39.969877 ], [ -75.237391, 39.969798 ], [ -75.236932, 39.969855 ], [ -75.23689, 39.96964 ], [ -75.237116, 39.969616 ], [ -75.237046, 39.96931 ], [ -75.23704, 39.969283 ], [ -75.237004, 39.969105 ], [ -75.237145, 39.969071 ], [ -75.23724, 39.968977 ], [ -75.237283, 39.968899 ], [ -75.237341, 39.96862 ], [ -75.237018, 39.968534 ], [ -75.237153, 39.967905 ], [ -75.237173, 39.967811 ], [ -75.237502, 39.967854 ], [ -75.238021, 39.967913 ], [ -75.238191, 39.967937 ], [ -75.238489, 39.967974 ], [ -75.23879, 39.96801 ], [ -75.239479, 39.968097 ], [ -75.240464, 39.968217 ], [ -75.241452, 39.96834 ], [ -75.242123, 39.968424 ], [ -75.242755, 39.9685 ], [ -75.243427, 39.968583 ], [ -75.244416, 39.968706 ], [ -75.245473, 39.968836 ], [ -75.246531, 39.968967 ], [ -75.246856, 39.969008 ], [ -75.246917, 39.968729 ], [ -75.247235, 39.96877 ], [ -75.247178, 39.969049 ], [ -75.247518, 39.969093 ], [ -75.247579, 39.968803 ], [ -75.247677, 39.968819 ], [ -75.248565, 39.968935 ], [ -75.248507, 39.969214 ], [ -75.249495, 39.969333 ], [ -75.249579, 39.969349 ], [ -75.249991, 39.969401 ], [ -75.250481, 39.96946 ], [ -75.250801, 39.967937 ], [ -75.250828, 39.967794 ], [ -75.250918, 39.967427 ], [ -75.250985, 39.967115 ], [ -75.251119, 39.966398 ], [ -75.250935, 39.966366 ], [ -75.250601, 39.966326 ], [ -75.250397, 39.966307 ], [ -75.250218, 39.966292 ], [ -75.250133, 39.966299 ], [ -75.249291, 39.966192 ], [ -75.248752, 39.966126 ], [ -75.248157, 39.966051 ], [ -75.247169, 39.965927 ], [ -75.247464, 39.964508 ], [ -75.247463, 39.964452 ], [ -75.247446, 39.96439 ], [ -75.247399, 39.964341 ], [ -75.247308, 39.964305 ], [ -75.247208, 39.96429 ], [ -75.247109, 39.964294 ], [ -75.247003, 39.964315 ], [ -75.246863, 39.964328 ], [ -75.246425, 39.964276 ], [ -75.246682, 39.963044 ], [ -75.246753, 39.962705 ], [ -75.247194, 39.962749 ], [ -75.247613, 39.962808 ], [ -75.247688, 39.962817 ], [ -75.247642, 39.96295 ], [ -75.247604, 39.962992 ], [ -75.247489, 39.963119 ], [ -75.247418, 39.963191 ], [ -75.247399, 39.963249 ], [ -75.247405, 39.963327 ], [ -75.247434, 39.963417 ], [ -75.247479, 39.963528 ], [ -75.247564, 39.963638 ], [ -75.247685, 39.963777 ], [ -75.247778, 39.963876 ], [ -75.247903, 39.963979 ], [ -75.248056, 39.964074 ], [ -75.248615, 39.964352 ], [ -75.248967, 39.964494 ], [ -75.249465, 39.964721 ], [ -75.249728, 39.96485 ], [ -75.249848, 39.964908 ], [ -75.249912, 39.964947 ], [ -75.24999, 39.965001 ], [ -75.250054, 39.965042 ], [ -75.250133, 39.965067 ], [ -75.250221, 39.965076 ], [ -75.250313, 39.965069 ], [ -75.250447, 39.965018 ], [ -75.250606, 39.964948 ], [ -75.250757, 39.964879 ], [ -75.250913, 39.964837 ], [ -75.251048, 39.964833 ], [ -75.251102, 39.964858 ], [ -75.251201, 39.964912 ], [ -75.251283, 39.965003 ], [ -75.251342, 39.965072 ], [ -75.251336, 39.965138 ], [ -75.251341, 39.965192 ], [ -75.251353, 39.965219 ], [ -75.251368, 39.965249 ], [ -75.251427, 39.965302 ], [ -75.251496, 39.965337 ], [ -75.251603, 39.965356 ], [ -75.251707, 39.965346 ], [ -75.251811, 39.96533 ], [ -75.251923, 39.965318 ], [ -75.252094, 39.965305 ], [ -75.252334, 39.96528 ], [ -75.252636, 39.965251 ], [ -75.252843, 39.965244 ], [ -75.252972, 39.965235 ], [ -75.253077, 39.965214 ], [ -75.253222, 39.965184 ], [ -75.253314, 39.965226 ], [ -75.253407, 39.965261 ], [ -75.253582, 39.9653 ], [ -75.253712, 39.965329 ], [ -75.253936, 39.96539 ], [ -75.254046, 39.965402 ], [ -75.25414, 39.965404 ], [ -75.254223, 39.965337 ], [ -75.254302, 39.965273 ], [ -75.254337, 39.965211 ], [ -75.254381, 39.965127 ], [ -75.254456, 39.965046 ], [ -75.254543, 39.964992 ], [ -75.254632, 39.964925 ], [ -75.254738, 39.96485 ], [ -75.254937, 39.964763 ], [ -75.255112, 39.964691 ], [ -75.255267, 39.964655 ], [ -75.255409, 39.96463 ], [ -75.255543, 39.964595 ], [ -75.255686, 39.964546 ], [ -75.255812, 39.964471 ], [ -75.255852, 39.964437 ], [ -75.255892, 39.964372 ], [ -75.255966, 39.964312 ], [ -75.256083, 39.964242 ], [ -75.256193, 39.964155 ], [ -75.256281, 39.964079 ], [ -75.256383, 39.963974 ], [ -75.256586, 39.963802 ], [ -75.256686, 39.963719 ], [ -75.256746, 39.963688 ], [ -75.256816, 39.963677 ], [ -75.2569, 39.963672 ], [ -75.256981, 39.963688 ], [ -75.25711, 39.963719 ], [ -75.257129, 39.963726 ], [ -75.25725, 39.963753 ], [ -75.257319, 39.963767 ], [ -75.257418, 39.963766 ], [ -75.257487, 39.963744 ], [ -75.257543, 39.963705 ], [ -75.257629, 39.963664 ], [ -75.257705, 39.963631 ], [ -75.257788, 39.963602 ], [ -75.257858, 39.963594 ], [ -75.257933, 39.963624 ], [ -75.257994, 39.963677 ], [ -75.258014, 39.963739 ], [ -75.258012, 39.963854 ], [ -75.258014, 39.963993 ], [ -75.257991, 39.964095 ], [ -75.257962, 39.964161 ], [ -75.257944, 39.964236 ], [ -75.257944, 39.964301 ], [ -75.257976, 39.964377 ], [ -75.258007, 39.964399 ], [ -75.258058, 39.964428 ], [ -75.25812, 39.964446 ], [ -75.258189, 39.96445 ], [ -75.258271, 39.964452 ], [ -75.258339, 39.964449 ], [ -75.258407, 39.964452 ], [ -75.25847, 39.964484 ], [ -75.25851, 39.964535 ], [ -75.258547, 39.964618 ], [ -75.25859, 39.964708 ], [ -75.258637, 39.964766 ], [ -75.258684, 39.964846 ], [ -75.258706, 39.964903 ], [ -75.258713, 39.964965 ], [ -75.258715, 39.965059 ], [ -75.258711, 39.96524 ], [ -75.2587, 39.965324 ], [ -75.258709, 39.965378 ], [ -75.258738, 39.965447 ], [ -75.258767, 39.965516 ], [ -75.258797, 39.965571 ], [ -75.258839, 39.965614 ], [ -75.25889, 39.965648 ], [ -75.258974, 39.965676 ], [ -75.259078, 39.965692 ], [ -75.259214, 39.965697 ], [ -75.259333, 39.965698 ], [ -75.2594, 39.965716 ], [ -75.259423, 39.965761 ], [ -75.259427, 39.965813 ], [ -75.259428, 39.965892 ], [ -75.25945, 39.965947 ], [ -75.259551, 39.96601 ], [ -75.259649, 39.966041 ], [ -75.259779, 39.966081 ], [ -75.259909, 39.966115 ], [ -75.260065, 39.966196 ], [ -75.260309, 39.966257 ], [ -75.260491, 39.966313 ], [ -75.260584, 39.966273 ], [ -75.260662, 39.966269 ], [ -75.260751, 39.96628 ], [ -75.260828, 39.96627 ], [ -75.260932, 39.966242 ], [ -75.261026, 39.966198 ], [ -75.261115, 39.966136 ], [ -75.261161, 39.966081 ], [ -75.261215, 39.966026 ], [ -75.261284, 39.965997 ], [ -75.261386, 39.966001 ], [ -75.261445, 39.966031 ], [ -75.261479, 39.966076 ], [ -75.261547, 39.966116 ], [ -75.261661, 39.966159 ], [ -75.261736, 39.966182 ], [ -75.261811, 39.96619 ], [ -75.261893, 39.966171 ], [ -75.262013, 39.966135 ], [ -75.262093, 39.966087 ], [ -75.262104, 39.966054 ], [ -75.262116, 39.966006 ], [ -75.262138, 39.965965 ], [ -75.262153, 39.96595 ], [ -75.262169, 39.965934 ], [ -75.262242, 39.96588 ], [ -75.262265, 39.965858 ], [ -75.262277, 39.96585 ], [ -75.262342, 39.965784 ], [ -75.262382, 39.965739 ] ] ] } },
{ "type": "Feature", "properties": { "ZCTA5CE20": "19152", "TFID": 249055899, "STATEFP20": "42", "COUNTYFP20": "101", "TRACTCE20": "980200", "BLKGRPCE20": "1", "BLOCKCE20": "1014", "SUFFIX1CE": null, "UACE20": "69076", "PUMACE20": "03222", "STATEFP": "42", "COUNTYFP": "101", "TRACTCE": "980200", "BLKGRPCE": "1", "COUSUBFP": "60000", "SUBMCDFP": null, "ESTATEFP": null, "CONCTYFP": null, "PLACEFP": "60000", "AIANNHFP": null, "AIANNHCE": null, "COMPTYP": null, "TRSUBFP": null, "TRSUBCE": null, "ANRCFP": null, "TTRACTCE": null, "TBLKGPCE": null, "ELSDLEA": null, "SCSDLEA": null, "UNSDLEA": "18990", "SDADMLEA": null, "CD118FP": "02", "SLDUST": "005", "SLDLST": "174", "CSAFP": "428", "CBSAFP": "37980", "METDIVFP": "37964", "LWFLAG": "P", "OFFSET": "N", "ATOTAL": 1022, "INTPTLAT": "+40.0764039", "INTPTLON": "-75.0551739", "DP04_DP04_0001E_x": "13715", "DP04_DP04_0002E_x": "13322", "DP04_DP04_0003E_x": "393", "DP04_DP04_0089E_x": "270000", "DP04_DP04_0126E_x": "5685", "DP04_DP04_0134E_x": "1236", "DP04_DP04_0001E_y": "13715", "DP04_DP04_0002E_y": "13322", "DP04_DP04_0003E_y": "393", "DP04_DP04_0089E_y": "270000", "DP04_DP04_0126E_y": "5685", "DP04_DP04_0134E_y": "1236", "DP03_DP03_0002E": "16888", "DP03_DP03_0007E": "11946", "DP03_DP03_0062E": "57966", "DP03_DP03_0063E": "84884", "DP03_DP03_0064E": "9871", "DP03_DP03_0086E": "76493", "DP03_DP03_0087E": "98638", "DP03_DP03_0088E": "31869", "DP03_DP03_0119PE": "15.7", "DP02_DP02_0001E": "13322", "DP02_DP02_0016E": "2.60", "DP02_DP02_0017E": "3.24", "DP02_DP02_0053E": "8215", "DP02_DP02_0059E": "26034", "DP02_DP02_0067E": "22879", "DP02_DP02_0068E": "7321", "DP1_DP1_0001C": "35911", "DP1_DP1_0025C": "17513", "DP1_DP1_0049C": "18398", "DP1_DP1_0076C": "35911", "DP1_DP1_0084C": "3089" }, "geometry": { "type": "Polygon", "coordinates": [ [ [ -75.064186, 40.050129 ], [ -75.064561, 40.050338 ], [ -75.064843, 40.050494 ], [ -75.065131, 40.050664 ], [ -75.065402, 40.050809 ], [ -75.065755, 40.051008 ], [ -75.066045, 40.051181 ], [ -75.066014, 40.05141 ], [ -75.066052, 40.051565 ], [ -75.066316, 40.05275 ], [ -75.066116, 40.05277 ], [ -75.066038, 40.052786 ], [ -75.065938, 40.052813 ], [ -75.065848, 40.052874 ], [ -75.065646, 40.053043 ], [ -75.065196, 40.053545 ], [ -75.064812, 40.053325 ], [ -75.063884, 40.054313 ], [ -75.063426, 40.054027 ], [ -75.063164, 40.05431 ], [ -75.063647, 40.054577 ], [ -75.062549, 40.055754 ], [ -75.062502, 40.055805 ], [ -75.062506, 40.05586 ], [ -75.062029, 40.055592 ], [ -75.061736, 40.055892 ], [ -75.061784, 40.056006 ], [ -75.062084, 40.056218 ], [ -75.062052, 40.056252 ], [ -75.061814, 40.056504 ], [ -75.061763, 40.056558 ], [ -75.0613, 40.057054 ], [ -75.061217, 40.057143 ], [ -75.060746, 40.057647 ], [ -75.060704, 40.057692 ], [ -75.06065, 40.057751 ], [ -75.06067, 40.057762 ], [ -75.06049, 40.057952 ], [ -75.060195, 40.058268 ], [ -75.060155, 40.058246 ], [ -75.060096, 40.058307 ], [ -75.060026, 40.058379 ], [ -75.060069, 40.058403 ], [ -75.059611, 40.058887 ], [ -75.059552, 40.05895 ], [ -75.059485, 40.059022 ], [ -75.058954, 40.059581 ], [ -75.058877, 40.059663 ], [ -75.058328, 40.060206 ], [ -75.057904, 40.059973 ], [ -75.057343, 40.060585 ], [ -75.057749, 40.060813 ], [ -75.057679, 40.060887 ], [ -75.057163, 40.061438 ], [ -75.056638, 40.061997 ], [ -75.05655, 40.062081 ], [ -75.056443, 40.062184 ], [ -75.056257, 40.062382 ], [ -75.0574, 40.063092 ], [ -75.057501, 40.063155 ], [ -75.058491, 40.063758 ], [ -75.059247, 40.064245 ], [ -75.05932, 40.064301 ], [ -75.05943, 40.064386 ], [ -75.059688, 40.064535 ], [ -75.059722, 40.064509 ], [ -75.060979, 40.065255 ], [ -75.061083, 40.06533 ], [ -75.06119, 40.065408 ], [ -75.061103, 40.065501 ], [ -75.061789, 40.065883 ], [ -75.061876, 40.065925 ], [ -75.061974, 40.065973 ], [ -75.062271, 40.066138 ], [ -75.062342, 40.066183 ], [ -75.062648, 40.066378 ], [ -75.062751, 40.066448 ], [ -75.06304, 40.066143 ], [ -75.063537, 40.066449 ], [ -75.063461, 40.066526 ], [ -75.063173, 40.066831 ], [ -75.063646, 40.067099 ], [ -75.063724, 40.067145 ], [ -75.063795, 40.067186 ], [ -75.064199, 40.067412 ], [ -75.062628, 40.069077 ], [ -75.061304, 40.070455 ], [ -75.060155, 40.071671 ], [ -75.059413, 40.07244 ], [ -75.057654, 40.074311 ], [ -75.05821, 40.074605 ], [ -75.057848, 40.074896 ], [ -75.057625, 40.075072 ], [ -75.055712, 40.076524 ], [ -75.055527, 40.076666 ], [ -75.055408, 40.076756 ], [ -75.055061, 40.076355 ], [ -75.054788, 40.076103 ], [ -75.054574, 40.07593 ], [ -75.054334, 40.075891 ], [ -75.054048, 40.075976 ], [ -75.053956, 40.076076 ], [ -75.05394, 40.076409 ], [ -75.053894, 40.07678 ], [ -75.053816, 40.077104 ], [ -75.053646, 40.07729 ], [ -75.053422, 40.077444 ], [ -75.053191, 40.077506 ], [ -75.052835, 40.077545 ], [ -75.052572, 40.07756 ], [ -75.052356, 40.07756 ], [ -75.052078, 40.077568 ], [ -75.051931, 40.077599 ], [ -75.051823, 40.077745 ], [ -75.051637, 40.077931 ], [ -75.051436, 40.078109 ], [ -75.051112, 40.07831 ], [ -75.050834, 40.078418 ], [ -75.050594, 40.078495 ], [ -75.050324, 40.078549 ], [ -75.050113, 40.078587 ], [ -75.049968, 40.078587 ], [ -75.049708, 40.07854 ], [ -75.049464, 40.07854 ], [ -75.049134, 40.07854 ], [ -75.048803, 40.078511 ], [ -75.048473, 40.078465 ], [ -75.048166, 40.078442 ], [ -75.04783, 40.078442 ], [ -75.047494, 40.078453 ], [ -75.047198, 40.078453 ], [ -75.046903, 40.078413 ], [ -75.046595, 40.078332 ], [ -75.046184, 40.07821 ], [ -75.045981, 40.0781 ], [ -75.045703, 40.077972 ], [ -75.045436, 40.077816 ], [ -75.045199, 40.077607 ], [ -75.044973, 40.07741 ], [ -75.044868, 40.077155 ], [ -75.044787, 40.076947 ], [ -75.044618, 40.076727 ], [ -75.044371, 40.076522 ], [ -75.044183, 40.076303 ], [ -75.0441, 40.076203 ], [ -75.043917, 40.075983 ], [ -75.043714, 40.075732 ], [ -75.04351, 40.075372 ], [ -75.043455, 40.07513 ], [ -75.043534, 40.074872 ], [ -75.043729, 40.074426 ], [ -75.043839, 40.07423 ], [ -75.043909, 40.07405 ], [ -75.043933, 40.073909 ], [ -75.043854, 40.073768 ], [ -75.043682, 40.073667 ], [ -75.043534, 40.073604 ], [ -75.043307, 40.073541 ], [ -75.04308, 40.073487 ], [ -75.042822, 40.073361 ], [ -75.042548, 40.073228 ], [ -75.04218, 40.073072 ], [ -75.041898, 40.07297 ], [ -75.041672, 40.072853 ], [ -75.04146, 40.07272 ], [ -75.041304, 40.072579 ], [ -75.041296, 40.072391 ], [ -75.041382, 40.072235 ], [ -75.041515, 40.072086 ], [ -75.041765, 40.071922 ], [ -75.042047, 40.071742 ], [ -75.042384, 40.071437 ], [ -75.04261, 40.071186 ], [ -75.042814, 40.071006 ], [ -75.042837, 40.07085 ], [ -75.043064, 40.070412 ], [ -75.043268, 40.069981 ], [ -75.043541, 40.06952 ], [ -75.043761, 40.069136 ], [ -75.043878, 40.068777 ], [ -75.043878, 40.068346 ], [ -75.043862, 40.067838 ], [ -75.043753, 40.067392 ], [ -75.043667, 40.067102 ], [ -75.043377, 40.06668 ], [ -75.043189, 40.0665 ], [ -75.042876, 40.066367 ], [ -75.042556, 40.066335 ], [ -75.042219, 40.066304 ], [ -75.041938, 40.066163 ], [ -75.041465, 40.066025 ], [ -75.04145, 40.066059 ], [ -75.041431, 40.066104 ], [ -75.040771, 40.067658 ], [ -75.040723, 40.067768 ], [ -75.040629, 40.067979 ], [ -75.0406, 40.068042 ], [ -75.040265, 40.068747 ], [ -75.039848, 40.069452 ], [ -75.039561, 40.069854 ], [ -75.039394, 40.070066 ], [ -75.039163, 40.070369 ], [ -75.038889, 40.070653 ], [ -75.038299, 40.071261 ], [ -75.037569, 40.07203 ], [ -75.037352, 40.072257 ], [ -75.036627, 40.073019 ], [ -75.035975, 40.073674 ], [ -75.035087, 40.074617 ], [ -75.034949, 40.074458 ], [ -75.034839, 40.074307 ], [ -75.034737, 40.0742 ], [ -75.032965, 40.072152 ], [ -75.032655, 40.071807 ], [ -75.031283, 40.070199 ], [ -75.030417, 40.069072 ], [ -75.030395, 40.069043 ], [ -75.030171, 40.068751 ], [ -75.030119, 40.068693 ], [ -75.030064, 40.068612 ], [ -75.02966, 40.068154 ], [ -75.029612, 40.068125 ], [ -75.028256, 40.067314 ], [ -75.027404, 40.066812 ], [ -75.025871, 40.065912 ], [ -75.025427, 40.065647 ], [ -75.025318, 40.065374 ], [ -75.025228, 40.06512 ], [ -75.025158, 40.064863 ], [ -75.025142, 40.06479 ], [ -75.025101, 40.064604 ], [ -75.025055, 40.064343 ], [ -75.025017, 40.064081 ], [ -75.024985, 40.063818 ], [ -75.02496, 40.063556 ], [ -75.024941, 40.063293 ], [ -75.024926, 40.06303 ], [ -75.024915, 40.062767 ], [ -75.024914, 40.0627 ], [ -75.024906, 40.062504 ], [ -75.024899, 40.06224 ], [ -75.024878, 40.061714 ], [ -75.024866, 40.061451 ], [ -75.024845, 40.060925 ], [ -75.024818, 40.060286 ], [ -75.026338, 40.058776 ], [ -75.026864, 40.058255 ], [ -75.027482, 40.057642 ], [ -75.028098, 40.057032 ], [ -75.028397, 40.056728 ], [ -75.028473, 40.056752 ], [ -75.028579, 40.056769 ], [ -75.028668, 40.056781 ], [ -75.028756, 40.056781 ], [ -75.028829, 40.056751 ], [ -75.028904, 40.056708 ], [ -75.028968, 40.056667 ], [ -75.029019, 40.056617 ], [ -75.029036, 40.056561 ], [ -75.029048, 40.056477 ], [ -75.029032, 40.056399 ], [ -75.031092, 40.056573 ], [ -75.032781, 40.056723 ], [ -75.032935, 40.056732 ], [ -75.033168, 40.056768 ], [ -75.033478, 40.056827 ], [ -75.033734, 40.056884 ], [ -75.033954, 40.05695 ], [ -75.03433, 40.057067 ], [ -75.034947, 40.057278 ], [ -75.035062, 40.057327 ], [ -75.035205, 40.057387 ], [ -75.035529, 40.057532 ], [ -75.035655, 40.057612 ], [ -75.036215, 40.057811 ], [ -75.036368, 40.057865 ], [ -75.036476, 40.057904 ], [ -75.03689, 40.058051 ], [ -75.037834, 40.058287 ], [ -75.038249, 40.058376 ], [ -75.038576, 40.058405 ], [ -75.038649, 40.058406 ], [ -75.038591, 40.057711 ], [ -75.038588, 40.057694 ], [ -75.038658, 40.056708 ], [ -75.038719, 40.056435 ], [ -75.038845, 40.056224 ], [ -75.039449, 40.055286 ], [ -75.040002, 40.054412 ], [ -75.040039, 40.054247 ], [ -75.040059, 40.054079 ], [ -75.040027, 40.053894 ], [ -75.039998, 40.053736 ], [ -75.039996, 40.053615 ], [ -75.040052, 40.053432 ], [ -75.040247, 40.053158 ], [ -75.04132, 40.051996 ], [ -75.041515, 40.051762 ], [ -75.041526, 40.051526 ], [ -75.041521, 40.051294 ], [ -75.041498, 40.051024 ], [ -75.04153, 40.050819 ], [ -75.041627, 40.050579 ], [ -75.041778, 40.050361 ], [ -75.041934, 40.050201 ], [ -75.042076, 40.050103 ], [ -75.042279, 40.049992 ], [ -75.045149, 40.048854 ], [ -75.045233, 40.047207 ], [ -75.045239, 40.04711 ], [ -75.045269, 40.046509 ], [ -75.045312, 40.045643 ], [ -75.045294, 40.045213 ], [ -75.045272, 40.044952 ], [ -75.045201, 40.044354 ], [ -75.045063, 40.043756 ], [ -75.044973, 40.043403 ], [ -75.044877, 40.043079 ], [ -75.045092, 40.042965 ], [ -75.04514, 40.042923 ], [ -75.045629, 40.042396 ], [ -75.046204, 40.041796 ], [ -75.046743, 40.041224 ], [ -75.046794, 40.04117 ], [ -75.047074, 40.040873 ], [ -75.047339, 40.040593 ], [ -75.047424, 40.040497 ], [ -75.047772, 40.040696 ], [ -75.047343, 40.041121 ], [ -75.047718, 40.041338 ], [ -75.047757, 40.041303 ], [ -75.048572, 40.04175 ], [ -75.048663, 40.041794 ], [ -75.048772, 40.041847 ], [ -75.050227, 40.04266 ], [ -75.050288, 40.042713 ], [ -75.050387, 40.042797 ], [ -75.051886, 40.043624 ], [ -75.052228, 40.043271 ], [ -75.053114, 40.043764 ], [ -75.054061, 40.044325 ], [ -75.054262, 40.044435 ], [ -75.054287, 40.044448 ], [ -75.054433, 40.044528 ], [ -75.05449, 40.044559 ], [ -75.054646, 40.044645 ], [ -75.053961, 40.045296 ], [ -75.053954, 40.045307 ], [ -75.052455, 40.046732 ], [ -75.052797, 40.046922 ], [ -75.053331, 40.047221 ], [ -75.055032, 40.048171 ], [ -75.056656, 40.049084 ], [ -75.058105, 40.049866 ], [ -75.058284, 40.049688 ], [ -75.060654, 40.050999 ], [ -75.062425, 40.05199 ], [ -75.064186, 40.050129 ] ] ] } },
{ "type": "Feature", "properties": { "ZCTA5CE20": "19153", "TFID": 263383227, "STATEFP20": "42", "COUNTYFP20": "101", "TRACTCE20": "980901", "BLKGRPCE20": "1", "BLOCKCE20": "1007", "SUFFIX1CE": null, "UACE20": "69076", "PUMACE20": "03229", "STATEFP": "42", "COUNTYFP": "101", "TRACTCE": "980901", "BLKGRPCE": "1", "COUSUBFP": "60000", "SUBMCDFP": null, "ESTATEFP": null, "CONCTYFP": null, "PLACEFP": "60000", "AIANNHFP": null, "AIANNHCE": null, "COMPTYP": null, "TRSUBFP": null, "TRSUBCE": null, "ANRCFP": null, "TTRACTCE": null, "TBLKGPCE": null, "ELSDLEA": null, "SCSDLEA": null, "UNSDLEA": "18990", "SDADMLEA": null, "CD118FP": "05", "SLDUST": "001", "SLDLST": "185", "CSAFP": "428", "CBSAFP": "37980", "METDIVFP": "37964", "LWFLAG": "L", "OFFSET": "N", "ATOTAL": 26507, "INTPTLAT": "+39.8779774", "INTPTLON": "-75.2494657", "DP04_DP04_0001E_x": "5965", "DP04_DP04_0002E_x": "5726", "DP04_DP04_0003E_x": "239", "DP04_DP04_0089E_x": "198700", "DP04_DP04_0126E_x": "2676", "DP04_DP04_0134E_x": "1341", "DP04_DP04_0001E_y": "5965", "DP04_DP04_0002E_y": "5726", "DP04_DP04_0003E_y": "239", "DP04_DP04_0089E_y": "198700", "DP04_DP04_0126E_y": "2676", "DP04_DP04_0134E_y": "1341", "DP03_DP03_0002E": "5867", "DP03_DP03_0007E": "4144", "DP03_DP03_0062E": "53434", "DP03_DP03_0063E": "61834", "DP03_DP03_0064E": "4161", "DP03_DP03_0086E": "66387", "DP03_DP03_0087E": "71496", "DP03_DP03_0088E": "28808", "DP03_DP03_0119PE": "15.4", "DP02_DP02_0001E": "5726", "DP02_DP02_0016E": "2.16", "DP02_DP02_0017E": "3.04", "DP02_DP02_0053E": "2904", "DP02_DP02_0059E": "8832", "DP02_DP02_0067E": "8090", "DP02_DP02_0068E": "2470", "DP1_DP1_0001C": "11985", "DP1_DP1_0025C": "5525", "DP1_DP1_0049C": "6460", "DP1_DP1_0076C": "11985", "DP1_DP1_0084C": "396" }, "geometry": { "type": "Polygon", "coordinates": [ [ [ -75.253217, 39.875996 ], [ -75.253456, 39.876011 ], [ -75.253515, 39.876015 ], [ -75.253665, 39.876023 ], [ -75.253737, 39.876027 ], [ -75.253986, 39.876042 ], [ -75.254291, 39.876061 ], [ -75.254652, 39.876083 ], [ -75.255084, 39.876109 ], [ -75.255435, 39.87613 ], [ -75.256127, 39.876172 ], [ -75.257146, 39.876234 ], [ -75.25741, 39.87625 ], [ -75.257719, 39.876269 ], [ -75.257852, 39.876277 ], [ -75.258571, 39.876321 ], [ -75.259016, 39.876348 ], [ -75.259273, 39.876363 ], [ -75.259723, 39.876391 ], [ -75.259854, 39.876399 ], [ -75.259899, 39.876402 ], [ -75.261245, 39.876484 ], [ -75.261509, 39.876499 ], [ -75.261651, 39.876508 ], [ -75.26222, 39.876542 ], [ -75.262476, 39.876558 ], [ -75.262528, 39.876561 ], [ -75.262539, 39.876578 ], [ -75.262559, 39.876615 ], [ -75.262655, 39.876786 ], [ -75.263467, 39.878226 ], [ -75.263328, 39.879712 ], [ -75.264928, 39.881112 ], [ -75.264757, 39.881491 ], [ -75.264433, 39.882167 ], [ -75.263214, 39.882179 ], [ -75.263167, 39.882179 ], [ -75.262302, 39.882333 ], [ -75.262208, 39.882414 ], [ -75.261957, 39.882628 ], [ -75.261947, 39.882634 ], [ -75.261871, 39.882815 ], [ -75.261937, 39.883 ], [ -75.262387, 39.883446 ], [ -75.262777, 39.883596 ], [ -75.264103, 39.884106 ], [ -75.264408, 39.88432 ], [ -75.264491, 39.884544 ], [ -75.2645, 39.884561 ], [ -75.264602, 39.884737 ], [ -75.264232, 39.885028 ], [ -75.263228, 39.885403 ], [ -75.262844, 39.885682 ], [ -75.262759, 39.885931 ], [ -75.26284, 39.886135 ], [ -75.26296, 39.886181 ], [ -75.263807, 39.886166 ], [ -75.264088, 39.886094 ], [ -75.264385, 39.886162 ], [ -75.264549, 39.886226 ], [ -75.264719, 39.886356 ], [ -75.264817, 39.886431 ], [ -75.264869, 39.886523 ], [ -75.264951, 39.886655 ], [ -75.265001, 39.886734 ], [ -75.265056, 39.886819 ], [ -75.265112, 39.886943 ], [ -75.265123, 39.886967 ], [ -75.265153, 39.887142 ], [ -75.265147, 39.887317 ], [ -75.265113, 39.887524 ], [ -75.265084, 39.887578 ], [ -75.26501, 39.887706 ], [ -75.264917, 39.887873 ], [ -75.264878, 39.887927 ], [ -75.264743, 39.888068 ], [ -75.264613, 39.888205 ], [ -75.264463, 39.88832 ], [ -75.264276, 39.888401 ], [ -75.264012, 39.888457 ], [ -75.26374, 39.888473 ], [ -75.26339, 39.888449 ], [ -75.26299, 39.888401 ], [ -75.262692, 39.888343 ], [ -75.262485, 39.888406 ], [ -75.262306, 39.888537 ], [ -75.262212, 39.888692 ], [ -75.262145, 39.888905 ], [ -75.262108, 39.889141 ], [ -75.262092, 39.889355 ], [ -75.262097, 39.889664 ], [ -75.262111, 39.889896 ], [ -75.262135, 39.890093 ], [ -75.26212, 39.890267 ], [ -75.262112, 39.890465 ], [ -75.262045, 39.890688 ], [ -75.261891, 39.891299 ], [ -75.261865, 39.891444 ], [ -75.2618, 39.891618 ], [ -75.261743, 39.891774 ], [ -75.261613, 39.891884 ], [ -75.261512, 39.891938 ], [ -75.261321, 39.891984 ], [ -75.261107, 39.892076 ], [ -75.260738, 39.892174 ], [ -75.260147, 39.892296 ], [ -75.259935, 39.892325 ], [ -75.259751, 39.892349 ], [ -75.259547, 39.892351 ], [ -75.259354, 39.892397 ], [ -75.259112, 39.892436 ], [ -75.258962, 39.892522 ], [ -75.258782, 39.892666 ], [ -75.258571, 39.892802 ], [ -75.25839, 39.892978 ], [ -75.258214, 39.893159 ], [ -75.258023, 39.893359 ], [ -75.257831, 39.893562 ], [ -75.257671, 39.893727 ], [ -75.257434, 39.894003 ], [ -75.256908, 39.894538 ], [ -75.256741, 39.894726 ], [ -75.256662, 39.894848 ], [ -75.256659, 39.894933 ], [ -75.256708, 39.89503 ], [ -75.256789, 39.895189 ], [ -75.256967, 39.895356 ], [ -75.257123, 39.895461 ], [ -75.257272, 39.89556 ], [ -75.257389, 39.895704 ], [ -75.257362, 39.895844 ], [ -75.257282, 39.895984 ], [ -75.257277, 39.895995 ], [ -75.257147, 39.89615 ], [ -75.256934, 39.896359 ], [ -75.256761, 39.896495 ], [ -75.25645, 39.896843 ], [ -75.256235, 39.897097 ], [ -75.25609, 39.89729 ], [ -75.255982, 39.897468 ], [ -75.255804, 39.897722 ], [ -75.255618, 39.897943 ], [ -75.255506, 39.898183 ], [ -75.25533, 39.89842 ], [ -75.255224, 39.898491 ], [ -75.255156, 39.898585 ], [ -75.255095, 39.898666 ], [ -75.255093, 39.898756 ], [ -75.255107, 39.898842 ], [ -75.255115, 39.898882 ], [ -75.255131, 39.898899 ], [ -75.255174, 39.898943 ], [ -75.255188, 39.898979 ], [ -75.25525, 39.899137 ], [ -75.255375, 39.899291 ], [ -75.255553, 39.899499 ], [ -75.25561, 39.899576 ], [ -75.255597, 39.899596 ], [ -75.253563, 39.901826 ], [ -75.25179, 39.903835 ], [ -75.251288, 39.904403 ], [ -75.252971, 39.905309 ], [ -75.253492, 39.905585 ], [ -75.25256, 39.90655 ], [ -75.2525, 39.906614 ], [ -75.25248, 39.906633 ], [ -75.252398, 39.906636 ], [ -75.25233, 39.906644 ], [ -75.252156, 39.906665 ], [ -75.251995, 39.906688 ], [ -75.251759, 39.906744 ], [ -75.251633, 39.906814 ], [ -75.251501, 39.906901 ], [ -75.251307, 39.907031 ], [ -75.251059, 39.907178 ], [ -75.250872, 39.907285 ], [ -75.250716, 39.907366 ], [ -75.250446, 39.907539 ], [ -75.250319, 39.907626 ], [ -75.250271, 39.907708 ], [ -75.250224, 39.907808 ], [ -75.250205, 39.907915 ], [ -75.250183, 39.908061 ], [ -75.250198, 39.908286 ], [ -75.250196, 39.908323 ], [ -75.250193, 39.908448 ], [ -75.250168, 39.908565 ], [ -75.25012, 39.90872 ], [ -75.25005, 39.908881 ], [ -75.250008, 39.909036 ], [ -75.249941, 39.909146 ], [ -75.249901, 39.909268 ], [ -75.249929, 39.909352 ], [ -75.250002, 39.90943 ], [ -75.250045, 39.909459 ], [ -75.250158, 39.9095 ], [ -75.250289, 39.90953 ], [ -75.250476, 39.909532 ], [ -75.250656, 39.909568 ], [ -75.250885, 39.909633 ], [ -75.251107, 39.909708 ], [ -75.251229, 39.909776 ], [ -75.251298, 39.909855 ], [ -75.251288, 39.909983 ], [ -75.251498, 39.910051 ], [ -75.251268, 39.910031 ], [ -75.251237, 39.91011 ], [ -75.251123, 39.910248 ], [ -75.251001, 39.910376 ], [ -75.250871, 39.910532 ], [ -75.25072, 39.910659 ], [ -75.250615, 39.91077 ], [ -75.250537, 39.910887 ], [ -75.250401, 39.911042 ], [ -75.250353, 39.911077 ], [ -75.250194, 39.911196 ], [ -75.249926, 39.911293 ], [ -75.249748, 39.911369 ], [ -75.249518, 39.911477 ], [ -75.249332, 39.911553 ], [ -75.249161, 39.91164 ], [ -75.24898, 39.911749 ], [ -75.248854, 39.911854 ], [ -75.248762, 39.911983 ], [ -75.248719, 39.912139 ], [ -75.248685, 39.912302 ], [ -75.248598, 39.912504 ], [ -75.248558, 39.912604 ], [ -75.24851, 39.912722 ], [ -75.248432, 39.91284 ], [ -75.248377, 39.912934 ], [ -75.248295, 39.913012 ], [ -75.248212, 39.913077 ], [ -75.248056, 39.913165 ], [ -75.247831, 39.913285 ], [ -75.2476, 39.913388 ], [ -75.2474, 39.913502 ], [ -75.2472, 39.913578 ], [ -75.247191, 39.913588 ], [ -75.247116, 39.913678 ], [ -75.247068, 39.913778 ], [ -75.247063, 39.913907 ], [ -75.247117, 39.914043 ], [ -75.247222, 39.914164 ], [ -75.247323, 39.914286 ], [ -75.247592, 39.914362 ], [ -75.247411, 39.914418 ], [ -75.247359, 39.914436 ], [ -75.247327, 39.914449 ], [ -75.247053, 39.914552 ], [ -75.246445, 39.914792 ], [ -75.246141, 39.914914 ], [ -75.24584, 39.915039 ], [ -75.245543, 39.915169 ], [ -75.245249, 39.915302 ], [ -75.244957, 39.915439 ], [ -75.244935, 39.91545 ], [ -75.244662, 39.91511 ], [ -75.244132, 39.914445 ], [ -75.243849, 39.914089 ], [ -75.244378, 39.913714 ], [ -75.244513, 39.91366 ], [ -75.244287, 39.913476 ], [ -75.243836, 39.913081 ], [ -75.243582, 39.912867 ], [ -75.243367, 39.913005 ], [ -75.243226, 39.913112 ], [ -75.243103, 39.91275 ], [ -75.241019, 39.912949 ], [ -75.240596, 39.913233 ], [ -75.240333, 39.912999 ], [ -75.23981, 39.913368 ], [ -75.239594, 39.913535 ], [ -75.2394, 39.913507 ], [ -75.239258, 39.913504 ], [ -75.23918, 39.913505 ], [ -75.239109, 39.913501 ], [ -75.23906, 39.913484 ], [ -75.239017, 39.913457 ], [ -75.238947, 39.913421 ], [ -75.238899, 39.91341 ], [ -75.237899, 39.91256 ], [ -75.237566, 39.912785 ], [ -75.236456, 39.913576 ], [ -75.236202, 39.913758 ], [ -75.235912, 39.913509 ], [ -75.235727, 39.913555 ], [ -75.235477, 39.913578 ], [ -75.235356, 39.913476 ], [ -75.23516, 39.913616 ], [ -75.235165, 39.913646 ], [ -75.235049, 39.913663 ], [ -75.234944, 39.913679 ], [ -75.234927, 39.913578 ], [ -75.234864, 39.913523 ], [ -75.234675, 39.91366 ], [ -75.234547, 39.913556 ], [ -75.234349, 39.913696 ], [ -75.234377, 39.913721 ], [ -75.2344, 39.913867 ], [ -75.234306, 39.914013 ], [ -75.234263, 39.913709 ], [ -75.233976, 39.913458 ], [ -75.23349, 39.913818 ], [ -75.233027, 39.913408 ], [ -75.232825, 39.913228 ], [ -75.232217, 39.912755 ], [ -75.231662, 39.912252 ], [ -75.23108, 39.911791 ], [ -75.230792, 39.911549 ], [ -75.230635, 39.911381 ], [ -75.230507, 39.911203 ], [ -75.230417, 39.911046 ], [ -75.229266, 39.909028 ], [ -75.22918, 39.909127 ], [ -75.229144, 39.909166 ], [ -75.229002, 39.909331 ], [ -75.22885, 39.909511 ], [ -75.22877, 39.909607 ], [ -75.228587, 39.90983 ], [ -75.228412, 39.910056 ], [ -75.228242, 39.910284 ], [ -75.228076, 39.910514 ], [ -75.227913, 39.910745 ], [ -75.22759, 39.911209 ], [ -75.227273, 39.911675 ], [ -75.227118, 39.911909 ], [ -75.226961, 39.912144 ], [ -75.226806, 39.912378 ], [ -75.226649, 39.912613 ], [ -75.226495, 39.912847 ], [ -75.225871, 39.913785 ], [ -75.225713, 39.914018 ], [ -75.225532, 39.914278 ], [ -75.225226, 39.914719 ], [ -75.224988, 39.915064 ], [ -75.224608, 39.915609 ], [ -75.224201, 39.916197 ], [ -75.223236, 39.917589 ], [ -75.221873, 39.919551 ], [ -75.21964, 39.922769 ], [ -75.219196, 39.923409 ], [ -75.216768, 39.926956 ], [ -75.216738, 39.926942 ], [ -75.214919, 39.926215 ], [ -75.214806, 39.926166 ], [ -75.213407, 39.925581 ], [ -75.213308, 39.92554 ], [ -75.212428, 39.92523 ], [ -75.212057, 39.923562 ], [ -75.21079, 39.922095 ], [ -75.208526, 39.921033 ], [ -75.203396, 39.921007 ], [ -75.2017, 39.919834 ], [ -75.20209, 39.918555 ], [ -75.204148, 39.915073 ], [ -75.204342, 39.914772 ], [ -75.204471, 39.914573 ], [ -75.2055, 39.91304 ], [ -75.205718, 39.912717 ], [ -75.206377, 39.911772 ], [ -75.206841, 39.911186 ], [ -75.212149, 39.911151 ], [ -75.213906, 39.911072 ], [ -75.21454, 39.910661 ], [ -75.216123, 39.909637 ], [ -75.214927, 39.901616 ], [ -75.211807, 39.897801 ], [ -75.211762, 39.897747 ], [ -75.208124, 39.895675 ], [ -75.205804, 39.894934 ], [ -75.198744, 39.893114 ], [ -75.197345, 39.892647 ], [ -75.19726, 39.892618 ], [ -75.195514, 39.89184 ], [ -75.195236, 39.877365 ], [ -75.195361, 39.877276 ], [ -75.195489, 39.877167 ], [ -75.195908, 39.876811 ], [ -75.196404, 39.876418 ], [ -75.196761, 39.876098 ], [ -75.197123, 39.875818 ], [ -75.197424, 39.875515 ], [ -75.197636, 39.875294 ], [ -75.197828, 39.875127 ], [ -75.198106, 39.874861 ], [ -75.198552, 39.874441 ], [ -75.199049, 39.87399 ], [ -75.199468, 39.873552 ], [ -75.199857, 39.873222 ], [ -75.199941, 39.873182 ], [ -75.204087, 39.871204 ], [ -75.211463, 39.867004 ], [ -75.216039, 39.871115 ], [ -75.216022, 39.871358 ], [ -75.216015, 39.871468 ], [ -75.215801, 39.874828 ], [ -75.215787, 39.875052 ], [ -75.215727, 39.876018 ], [ -75.215722, 39.876087 ], [ -75.2159, 39.876059 ], [ -75.216046, 39.876024 ], [ -75.216203, 39.875991 ], [ -75.216348, 39.875957 ], [ -75.21637, 39.875952 ], [ -75.216702, 39.875876 ], [ -75.216844, 39.875843 ], [ -75.217013, 39.875807 ], [ -75.217515, 39.875745 ], [ -75.217701, 39.87572 ], [ -75.217858, 39.875701 ], [ -75.218034, 39.875683 ], [ -75.21832, 39.875678 ], [ -75.218824, 39.875672 ], [ -75.218885, 39.875673 ], [ -75.218921, 39.875669 ], [ -75.219241, 39.875591 ], [ -75.219445, 39.875543 ], [ -75.21962, 39.875502 ], [ -75.219648, 39.875491 ], [ -75.219703, 39.875476 ], [ -75.219735, 39.875473 ], [ -75.21977, 39.875479 ], [ -75.220865, 39.87557 ], [ -75.221041, 39.875586 ], [ -75.221229, 39.875602 ], [ -75.221275, 39.875606 ], [ -75.222081, 39.875674 ], [ -75.222697, 39.87573 ], [ -75.222869, 39.87575 ], [ -75.223065, 39.875774 ], [ -75.223152, 39.875784 ], [ -75.223763, 39.875858 ], [ -75.224653, 39.876023 ], [ -75.224857, 39.87606 ], [ -75.225028, 39.876093 ], [ -75.225951, 39.876266 ], [ -75.226844, 39.876402 ], [ -75.22689, 39.876404 ], [ -75.227119, 39.876436 ], [ -75.22847, 39.876631 ], [ -75.228724, 39.876667 ], [ -75.228905, 39.876692 ], [ -75.229985, 39.876847 ], [ -75.230475, 39.876889 ], [ -75.230644, 39.876901 ], [ -75.230772, 39.876912 ], [ -75.230806, 39.876915 ], [ -75.230846, 39.876919 ], [ -75.230996, 39.876933 ], [ -75.231055, 39.876938 ], [ -75.23187, 39.87701 ], [ -75.231929, 39.877016 ], [ -75.23231, 39.877056 ], [ -75.232549, 39.877082 ], [ -75.232657, 39.877093 ], [ -75.232814, 39.877111 ], [ -75.232991, 39.877128 ], [ -75.233271, 39.877154 ], [ -75.233956, 39.877177 ], [ -75.234018, 39.877179 ], [ -75.234122, 39.877181 ], [ -75.234302, 39.877136 ], [ -75.23448, 39.877094 ], [ -75.234652, 39.877053 ], [ -75.234684, 39.877045 ], [ -75.235024, 39.876964 ], [ -75.235537, 39.876751 ], [ -75.235795, 39.876579 ], [ -75.235928, 39.876488 ], [ -75.235966, 39.876461 ], [ -75.23605, 39.876404 ], [ -75.23637, 39.876187 ], [ -75.23664, 39.875736 ], [ -75.236713, 39.875614 ], [ -75.236774, 39.875475 ], [ -75.236785, 39.875446 ], [ -75.236932, 39.875116 ], [ -75.2375, 39.87508 ], [ -75.23759, 39.874982 ], [ -75.237536, 39.874911 ], [ -75.2375, 39.874867 ], [ -75.237459, 39.874804 ], [ -75.23811, 39.874593 ], [ -75.238246, 39.874446 ], [ -75.238325, 39.874362 ], [ -75.238376, 39.874301 ], [ -75.238688, 39.873959 ], [ -75.238992, 39.873836 ], [ -75.239171, 39.873609 ], [ -75.23926, 39.87349 ], [ -75.239348, 39.873372 ], [ -75.239404, 39.873299 ], [ -75.240098, 39.87303 ], [ -75.240105, 39.872858 ], [ -75.240101, 39.872731 ], [ -75.2401, 39.872629 ], [ -75.240101, 39.872597 ], [ -75.24047, 39.872381 ], [ -75.240898, 39.8724 ], [ -75.240937, 39.872405 ], [ -75.241088, 39.872438 ], [ -75.241216, 39.872466 ], [ -75.241371, 39.872501 ], [ -75.241419, 39.872511 ], [ -75.241555, 39.87254 ], [ -75.241746, 39.872585 ], [ -75.242218, 39.872777 ], [ -75.24229, 39.872808 ], [ -75.242568, 39.872955 ], [ -75.242694, 39.873021 ], [ -75.242729, 39.873039 ], [ -75.246626, 39.875013 ], [ -75.246734, 39.875068 ], [ -75.246776, 39.875103 ], [ -75.246824, 39.875142 ], [ -75.247531, 39.875734 ], [ -75.248098, 39.876208 ], [ -75.2483, 39.876377 ], [ -75.248404, 39.876464 ], [ -75.248431, 39.876485 ], [ -75.249644, 39.876311 ], [ -75.250302, 39.876217 ], [ -75.251301, 39.876074 ], [ -75.251751, 39.876009 ], [ -75.252257, 39.875937 ], [ -75.252725, 39.875965 ], [ -75.252901, 39.875975 ], [ -75.252934, 39.875977 ], [ -75.253017, 39.875983 ], [ -75.253217, 39.875996 ] ] ] } },
{ "type": "Feature", "properties": { "ZCTA5CE20": "19154", "TFID": 216590821, "STATEFP20": "42", "COUNTYFP20": "101", "TRACTCE20": "980300", "BLKGRPCE20": "3", "BLOCKCE20": "3001", "SUFFIX1CE": null, "UACE20": "69076", "PUMACE20": "03221", "STATEFP": "42", "COUNTYFP": "101", "TRACTCE": "980300", "BLKGRPCE": "3", "COUSUBFP": "60000", "SUBMCDFP": null, "ESTATEFP": null, "CONCTYFP": null, "PLACEFP": "60000", "AIANNHFP": null, "AIANNHCE": null, "COMPTYP": null, "TRSUBFP": null, "TRSUBCE": null, "ANRCFP": null, "TTRACTCE": null, "TBLKGPCE": null, "ELSDLEA": null, "SCSDLEA": null, "UNSDLEA": "18990", "SDADMLEA": null, "CD118FP": "02", "SLDUST": "005", "SLDLST": "170", "CSAFP": "428", "CBSAFP": "37980", "METDIVFP": "37964", "LWFLAG": "P", "OFFSET": "N", "ATOTAL": 78, "INTPTLAT": "+40.0922641", "INTPTLON": "-75.0054362", "DP04_DP04_0001E_x": "13296", "DP04_DP04_0002E_x": "12689", "DP04_DP04_0003E_x": "607", "DP04_DP04_0089E_x": "274400", "DP04_DP04_0126E_x": "2350", "DP04_DP04_0134E_x": "1396", "DP04_DP04_0001E_y": "13296", "DP04_DP04_0002E_y": "12689", "DP04_DP04_0003E_y": "607", "DP04_DP04_0089E_y": "274400", "DP04_DP04_0126E_y": "2350", "DP04_DP04_0134E_y": "1396", "DP03_DP03_0002E": "17651", "DP03_DP03_0007E": "8907", "DP03_DP03_0062E": "93479", "DP03_DP03_0063E": "103061", "DP03_DP03_0064E": "9607", "DP03_DP03_0086E": "105158", "DP03_DP03_0087E": "118646", "DP03_DP03_0088E": "38062", "DP03_DP03_0119PE": "5.8", "DP02_DP02_0001E": "12689", "DP02_DP02_0016E": "2.67", "DP02_DP02_0017E": "3.26", "DP02_DP02_0053E": "7875", "DP02_DP02_0059E": "24210", "DP02_DP02_0067E": "21935", "DP02_DP02_0068E": "6471", "DP1_DP1_0001C": "34681", "DP1_DP1_0025C": "16937", "DP1_DP1_0049C": "17744", "DP1_DP1_0076C": "34681", "DP1_DP1_0084C": "2082" }, "geometry": { "type": "Polygon", "coordinates": [ [ [ -75.005998, 40.087229 ], [ -75.010089, 40.090559 ], [ -75.010191, 40.090599 ], [ -75.011231, 40.091399 ], [ -75.015067, 40.094515 ], [ -75.015223, 40.094626 ], [ -75.015367, 40.094734 ], [ -75.015528, 40.09486 ], [ -75.015151, 40.095273 ], [ -75.014731, 40.09568 ], [ -75.014321, 40.096065 ], [ -75.014156, 40.096236 ], [ -75.012727, 40.097392 ], [ -75.012543, 40.097523 ], [ -75.012249, 40.097733 ], [ -75.011648, 40.098138 ], [ -75.00979, 40.099424 ], [ -75.009399, 40.099694 ], [ -75.009384, 40.099703 ], [ -75.0087, 40.100171 ], [ -75.008641, 40.100211 ], [ -75.007969, 40.100672 ], [ -75.006401, 40.101759 ], [ -75.005107, 40.102637 ], [ -75.003664, 40.103638 ], [ -75.003393, 40.103833 ], [ -75.003127, 40.104017 ], [ -75.002623, 40.104363 ], [ -75.001796, 40.10493 ], [ -74.99919, 40.106714 ], [ -74.998127, 40.107474 ], [ -74.997124, 40.108151 ], [ -74.996956, 40.108007 ], [ -74.996796, 40.108117 ], [ -74.996668, 40.108006 ], [ -74.996199, 40.108324 ], [ -74.995497, 40.108798 ], [ -74.995214, 40.108994 ], [ -74.994432, 40.109534 ], [ -74.994187, 40.109705 ], [ -74.993661, 40.110067 ], [ -74.99072, 40.1121 ], [ -74.98962, 40.112846 ], [ -74.987777, 40.114127 ], [ -74.984976, 40.116047 ], [ -74.984097, 40.116697 ], [ -74.983765, 40.116944 ], [ -74.983294, 40.117252 ], [ -74.981744, 40.118465 ], [ -74.981473, 40.118675 ], [ -74.98, 40.1197 ], [ -74.97994, 40.119742 ], [ -74.979843, 40.119625 ], [ -74.979528, 40.119548 ], [ -74.979292, 40.119526 ], [ -74.978956, 40.119565 ], [ -74.978813, 40.119603 ], [ -74.977854, 40.120043 ], [ -74.977561, 40.120137 ], [ -74.977354, 40.120159 ], [ -74.977117, 40.120109 ], [ -74.977019, 40.120088 ], [ -74.976889, 40.12006 ], [ -74.976817, 40.120065 ], [ -74.976324, 40.120192 ], [ -74.97618, 40.120209 ], [ -74.975816, 40.120181 ], [ -74.9751, 40.12005 ], [ -74.974657, 40.119995 ], [ -74.97402, 40.119984 ], [ -74.973219, 40.119891 ], [ -74.972961, 40.119803 ], [ -74.972646, 40.119655 ], [ -74.972052, 40.11926 ], [ -74.971873, 40.119084 ], [ -74.971422, 40.118573 ], [ -74.971172, 40.11826 ], [ -74.971086, 40.118079 ], [ -74.97095, 40.117909 ], [ -74.970706, 40.117695 ], [ -74.970506, 40.117459 ], [ -74.970263, 40.117277 ], [ -74.970146, 40.117215 ], [ -74.970119, 40.117201 ], [ -74.969833, 40.117118 ], [ -74.969547, 40.117085 ], [ -74.969311, 40.117097 ], [ -74.968574, 40.117251 ], [ -74.967923, 40.117492 ], [ -74.967607, 40.117609 ], [ -74.966331, 40.11808 ], [ -74.966228, 40.118119 ], [ -74.965463, 40.118553 ], [ -74.965205, 40.118613 ], [ -74.964991, 40.118635 ], [ -74.96474, 40.11857 ], [ -74.964612, 40.118476 ], [ -74.964526, 40.118372 ], [ -74.964289, 40.117905 ], [ -74.96408, 40.117766 ], [ -74.964031, 40.117734 ], [ -74.96391, 40.117653 ], [ -74.963877, 40.117593 ], [ -74.963857, 40.117557 ], [ -74.963753, 40.117367 ], [ -74.963741, 40.117342 ], [ -74.963698, 40.11725 ], [ -74.963567, 40.116972 ], [ -74.963244, 40.115928 ], [ -74.963137, 40.115401 ], [ -74.963129, 40.114978 ], [ -74.963201, 40.114676 ], [ -74.963387, 40.114242 ], [ -74.963472, 40.113956 ], [ -74.963494, 40.113786 ], [ -74.96358, 40.113671 ], [ -74.96363, 40.113369 ], [ -74.963644, 40.112836 ], [ -74.963493, 40.112281 ], [ -74.963507, 40.111935 ], [ -74.963579, 40.11154 ], [ -74.963657, 40.111309 ], [ -74.96365, 40.111111 ], [ -74.9636, 40.110886 ], [ -74.963371, 40.110337 ], [ -74.96345, 40.110013 ], [ -74.963714, 40.109458 ], [ -74.964, 40.109123 ], [ -74.964386, 40.108804 ], [ -74.964808, 40.108563 ], [ -74.965065, 40.108348 ], [ -74.965121, 40.108286 ], [ -74.965288, 40.108102 ], [ -74.9653, 40.108089 ], [ -74.965359, 40.108024 ], [ -74.96535, 40.107968 ], [ -74.965344, 40.107931 ], [ -74.965194, 40.107777 ], [ -74.96465, 40.107321 ], [ -74.964557, 40.107272 ], [ -74.964385, 40.107217 ], [ -74.963928, 40.107173 ], [ -74.963777, 40.107124 ], [ -74.963641, 40.107014 ], [ -74.963563, 40.106899 ], [ -74.963491, 40.10674 ], [ -74.96347, 40.106569 ], [ -74.963461, 40.106495 ], [ -74.963442, 40.106342 ], [ -74.963419, 40.106152 ], [ -74.963205, 40.105724 ], [ -74.962689, 40.105301 ], [ -74.962489, 40.105032 ], [ -74.962446, 40.104883 ], [ -74.962246, 40.104493 ], [ -74.962146, 40.104384 ], [ -74.961673, 40.10412 ], [ -74.961156, 40.103446 ], [ -74.961141, 40.103431 ], [ -74.961001, 40.103324 ], [ -74.960886, 40.103104 ], [ -74.960908, 40.103033 ], [ -74.961065, 40.10295 ], [ -74.960965, 40.10272 ], [ -74.960865, 40.102615 ], [ -74.960872, 40.102473 ], [ -74.960936, 40.102407 ], [ -74.961079, 40.102313 ], [ -74.961058, 40.101852 ], [ -74.960993, 40.101792 ], [ -74.960948, 40.101762 ], [ -74.960814, 40.101676 ], [ -74.960807, 40.101572 ], [ -74.960988, 40.101392 ], [ -74.961054, 40.101326 ], [ -74.961243, 40.101138 ], [ -74.961322, 40.100995 ], [ -74.961586, 40.100891 ], [ -74.961687, 40.100731 ], [ -74.961708, 40.100578 ], [ -74.961679, 40.100314 ], [ -74.961693, 40.100067 ], [ -74.961858, 40.099693 ], [ -74.961844, 40.099622 ], [ -74.961736, 40.099496 ], [ -74.961607, 40.099463 ], [ -74.961414, 40.09938 ], [ -74.961371, 40.099287 ], [ -74.9614, 40.099172 ], [ -74.9615, 40.099056 ], [ -74.961829, 40.09882 ], [ -74.961872, 40.098644 ], [ -74.961757, 40.098474 ], [ -74.961643, 40.098428 ], [ -74.961485, 40.098364 ], [ -74.961464, 40.098298 ], [ -74.961514, 40.098161 ], [ -74.961664, 40.097969 ], [ -74.961647, 40.097884 ], [ -74.96163, 40.097804 ], [ -74.961628, 40.097793 ], [ -74.961342, 40.097496 ], [ -74.961192, 40.097447 ], [ -74.961049, 40.097431 ], [ -74.960455, 40.097464 ], [ -74.960083, 40.097376 ], [ -74.95994, 40.09737 ], [ -74.959339, 40.097129 ], [ -74.959154, 40.097047 ], [ -74.958771, 40.096938 ], [ -74.958749, 40.096929 ], [ -74.958623, 40.096872 ], [ -74.958488, 40.09681 ], [ -74.958345, 40.096723 ], [ -74.958159, 40.096569 ], [ -74.957744, 40.096091 ], [ -74.957415, 40.09597 ], [ -74.957079, 40.095915 ], [ -74.956829, 40.095943 ], [ -74.956636, 40.095943 ], [ -74.956271, 40.095767 ], [ -74.956164, 40.095745 ], [ -74.956114, 40.095691 ], [ -74.956063, 40.09557 ], [ -74.955835, 40.095235 ], [ -74.955777, 40.095103 ], [ -74.955763, 40.094982 ], [ -74.955813, 40.094856 ], [ -74.955913, 40.094718 ], [ -74.956049, 40.094598 ], [ -74.956306, 40.094037 ], [ -74.956328, 40.093845 ], [ -74.956299, 40.093636 ], [ -74.956308, 40.093204 ], [ -74.956326, 40.09312 ], [ -74.956345, 40.09299 ], [ -74.956392, 40.092897 ], [ -74.956447, 40.092757 ], [ -74.95655, 40.092599 ], [ -74.956643, 40.09245 ], [ -74.956764, 40.092274 ], [ -74.956885, 40.092088 ], [ -74.957006, 40.091985 ], [ -74.957089, 40.091902 ], [ -74.957145, 40.091762 ], [ -74.95721, 40.09165 ], [ -74.957257, 40.09153 ], [ -74.957396, 40.091316 ], [ -74.957573, 40.09112 ], [ -74.957703, 40.090925 ], [ -74.957815, 40.09073 ], [ -74.957899, 40.090571 ], [ -74.957936, 40.090423 ], [ -74.957945, 40.090348 ], [ -74.957936, 40.090237 ], [ -74.957917, 40.090116 ], [ -74.957824, 40.089995 ], [ -74.957747, 40.089844 ], [ -74.957807, 40.089763 ], [ -74.957857, 40.089694 ], [ -74.957978, 40.089529 ], [ -74.958036, 40.089451 ], [ -74.958122, 40.089333 ], [ -74.958158, 40.08926 ], [ -74.958165, 40.089159 ], [ -74.958173, 40.088999 ], [ -74.95818, 40.088811 ], [ -74.958028, 40.088405 ], [ -74.958006, 40.088275 ], [ -74.957948, 40.088101 ], [ -74.957825, 40.08784 ], [ -74.957687, 40.087623 ], [ -74.957622, 40.087311 ], [ -74.9576, 40.087181 ], [ -74.9576, 40.087094 ], [ -74.957666, 40.087029 ], [ -74.957753, 40.086949 ], [ -74.957825, 40.086877 ], [ -74.957912, 40.086812 ], [ -74.957948, 40.086746 ], [ -74.958006, 40.086645 ], [ -74.958028, 40.086551 ], [ -74.958035, 40.086471 ], [ -74.958021, 40.086391 ], [ -74.958028, 40.086239 ], [ -74.958093, 40.086131 ], [ -74.958173, 40.086015 ], [ -74.958209, 40.08587 ], [ -74.95818, 40.085754 ], [ -74.958137, 40.085602 ], [ -74.958034, 40.085474 ], [ -74.95802, 40.085271 ], [ -74.958056, 40.085156 ], [ -74.95812, 40.085073 ], [ -74.958235, 40.084991 ], [ -74.958349, 40.084942 ], [ -74.958377, 40.084887 ], [ -74.958392, 40.084508 ], [ -74.958234, 40.084431 ], [ -74.958177, 40.084337 ], [ -74.958156, 40.08425 ], [ -74.958284, 40.084145 ], [ -74.95857, 40.084035 ], [ -74.958627, 40.083997 ], [ -74.958735, 40.083656 ], [ -74.95882, 40.083514 ], [ -74.958913, 40.083431 ], [ -74.958956, 40.083222 ], [ -74.958913, 40.082959 ], [ -74.958835, 40.082794 ], [ -74.958806, 40.082585 ], [ -74.958841, 40.082503 ], [ -74.958927, 40.082431 ], [ -74.959085, 40.082349 ], [ -74.959185, 40.082355 ], [ -74.959276, 40.08233 ], [ -74.959468, 40.082261 ], [ -74.959614, 40.082157 ], [ -74.959749, 40.081926 ], [ -74.959914, 40.081487 ], [ -74.960078, 40.081272 ], [ -74.960243, 40.081109 ], [ -74.9603, 40.081053 ], [ -74.960411, 40.080967 ], [ -74.960564, 40.080849 ], [ -74.960829, 40.080553 ], [ -74.961, 40.080426 ], [ -74.961272, 40.07997 ], [ -74.961511, 40.079821 ], [ -74.961615, 40.079756 ], [ -74.961664, 40.079694 ], [ -74.961674, 40.079668 ], [ -74.961722, 40.079582 ], [ -74.961758, 40.079504 ], [ -74.961743, 40.079295 ], [ -74.962251, 40.078773 ], [ -74.962267, 40.078709 ], [ -74.962315, 40.07852 ], [ -74.962337, 40.078367 ], [ -74.962377, 40.078315 ], [ -74.962405, 40.078262 ], [ -74.962452, 40.078201 ], [ -74.962526, 40.078123 ], [ -74.96258, 40.078073 ], [ -74.962661, 40.077995 ], [ -74.962714, 40.077859 ], [ -74.962761, 40.077774 ], [ -74.962861, 40.077692 ], [ -74.962935, 40.077646 ], [ -74.963021, 40.077571 ], [ -74.963067, 40.077504 ], [ -74.963092, 40.077418 ], [ -74.963145, 40.077326 ], [ -74.963266, 40.077241 ], [ -74.963334, 40.077212 ], [ -74.963466, 40.077155 ], [ -74.963604, 40.077105 ], [ -74.963764, 40.077063 ], [ -74.963989, 40.077041 ], [ -74.964234, 40.077059 ], [ -74.964485, 40.077098 ], [ -74.964514, 40.077105 ], [ -74.964842, 40.077148 ], [ -74.964887, 40.077157 ], [ -74.964963, 40.07717 ], [ -74.965424, 40.07723 ], [ -74.965614, 40.077244 ], [ -74.965924, 40.077281 ], [ -74.966216, 40.077258 ], [ -74.966401, 40.077189 ], [ -74.96653, 40.077082 ], [ -74.966674, 40.076888 ], [ -74.966734, 40.076735 ], [ -74.966771, 40.076633 ], [ -74.966882, 40.076439 ], [ -74.967063, 40.076378 ], [ -74.967401, 40.076337 ], [ -74.967586, 40.076337 ], [ -74.967767, 40.076318 ], [ -74.96803, 40.076314 ], [ -74.968447, 40.0763 ], [ -74.968762, 40.0763 ], [ -74.96904, 40.076328 ], [ -74.969248, 40.07636 ], [ -74.96947, 40.076402 ], [ -74.96972, 40.076411 ], [ -74.969855, 40.076383 ], [ -74.969966, 40.076286 ], [ -74.970109, 40.076226 ], [ -74.970262, 40.076189 ], [ -74.970387, 40.076184 ], [ -74.970484, 40.076115 ], [ -74.970568, 40.076036 ], [ -74.970669, 40.075957 ], [ -74.970771, 40.075943 ], [ -74.970887, 40.075971 ], [ -74.97108, 40.075992 ], [ -74.971197, 40.075934 ], [ -74.971299, 40.075841 ], [ -74.971331, 40.075721 ], [ -74.97135, 40.075619 ], [ -74.971355, 40.075541 ], [ -74.97135, 40.075429 ], [ -74.971345, 40.075323 ], [ -74.971313, 40.075226 ], [ -74.97128, 40.075064 ], [ -74.971271, 40.074939 ], [ -74.97128, 40.074828 ], [ -74.971308, 40.074693 ], [ -74.971336, 40.074642 ], [ -74.971392, 40.074587 ], [ -74.971466, 40.074517 ], [ -74.971484, 40.074429 ], [ -74.971466, 40.074355 ], [ -74.971438, 40.074295 ], [ -74.971405, 40.074258 ], [ -74.971262, 40.074147 ], [ -74.971063, 40.073966 ], [ -74.971036, 40.073857 ], [ -74.971036, 40.073824 ], [ -74.971062, 40.073731 ], [ -74.971103, 40.073695 ], [ -74.971258, 40.073606 ], [ -74.971398, 40.073518 ], [ -74.971626, 40.073374 ], [ -74.971943, 40.073322 ], [ -74.97208, 40.073249 ], [ -74.972153, 40.073201 ], [ -74.972212, 40.073142 ], [ -74.972235, 40.073038 ], [ -74.972238, 40.072939 ], [ -74.972263, 40.072799 ], [ -74.972282, 40.072684 ], [ -74.97229, 40.07267 ], [ -74.972334, 40.072559 ], [ -74.972349, 40.072408 ], [ -74.972378, 40.072342 ], [ -74.972445, 40.072235 ], [ -74.972585, 40.072139 ], [ -74.972935, 40.071921 ], [ -74.97309, 40.071807 ], [ -74.973138, 40.071719 ], [ -74.973172, 40.071558 ], [ -74.973251, 40.071487 ], [ -74.973294, 40.071466 ], [ -74.973423, 40.071402 ], [ -74.973744, 40.071245 ], [ -74.973866, 40.071185 ], [ -74.973888, 40.071175 ], [ -74.973901, 40.07117 ], [ -74.973989, 40.071132 ], [ -74.974138, 40.071068 ], [ -74.974197, 40.071043 ], [ -74.974325, 40.070988 ], [ -74.974384, 40.070963 ], [ -74.974416, 40.070949 ], [ -74.974637, 40.070811 ], [ -74.974746, 40.070648 ], [ -74.974873, 40.07046 ], [ -74.974909, 40.070229 ], [ -74.975008, 40.070092 ], [ -74.975098, 40.070034 ], [ -74.975173, 40.069985 ], [ -74.975237, 40.069943 ], [ -74.975266, 40.06993 ], [ -74.975483, 40.069833 ], [ -74.975995, 40.069603 ], [ -74.976142, 40.069482 ], [ -74.976202, 40.069432 ], [ -74.976288, 40.069328 ], [ -74.976618, 40.069204 ], [ -74.976699, 40.069144 ], [ -74.976733, 40.06907 ], [ -74.976786, 40.069009 ], [ -74.97686, 40.068875 ], [ -74.976887, 40.068794 ], [ -74.976901, 40.068713 ], [ -74.976988, 40.068632 ], [ -74.977103, 40.068444 ], [ -74.977103, 40.068397 ], [ -74.977116, 40.068323 ], [ -74.977124, 40.06825 ], [ -74.97721, 40.068168 ], [ -74.977298, 40.068121 ], [ -74.977416, 40.068028 ], [ -74.97746, 40.067919 ], [ -74.977533, 40.067737 ], [ -74.977634, 40.067589 ], [ -74.977655, 40.067589 ], [ -74.977789, 40.067542 ], [ -74.977998, 40.067502 ], [ -74.97826, 40.067481 ], [ -74.978597, 40.067421 ], [ -74.978819, 40.067401 ], [ -74.979027, 40.067327 ], [ -74.979209, 40.067259 ], [ -74.979344, 40.067172 ], [ -74.979438, 40.067084 ], [ -74.979485, 40.067024 ], [ -74.979552, 40.066909 ], [ -74.979667, 40.066842 ], [ -74.979828, 40.066694 ], [ -74.97999, 40.066566 ], [ -74.980192, 40.066445 ], [ -74.980421, 40.066337 ], [ -74.980575, 40.06625 ], [ -74.98069, 40.066203 ], [ -74.980838, 40.066102 ], [ -74.980878, 40.066028 ], [ -74.980892, 40.065907 ], [ -74.980919, 40.065718 ], [ -74.980953, 40.065565 ], [ -74.980989, 40.065508 ], [ -74.98113, 40.065733 ], [ -74.981152, 40.06578 ], [ -74.981158, 40.065819 ], [ -74.981156, 40.065852 ], [ -74.981148, 40.065895 ], [ -74.98113, 40.065958 ], [ -74.981081, 40.06602 ], [ -74.980489, 40.066642 ], [ -74.980263, 40.066977 ], [ -74.980124, 40.067176 ], [ -74.980079, 40.067311 ], [ -74.98007, 40.067402 ], [ -74.980083, 40.067465 ], [ -74.980115, 40.06755 ], [ -74.980164, 40.067627 ], [ -74.98068, 40.068419 ], [ -74.980781, 40.068596 ], [ -74.981026, 40.069279 ], [ -74.981084, 40.069483 ], [ -74.981563, 40.069522 ], [ -74.981413, 40.070988 ], [ -74.981347, 40.071493 ], [ -74.981257, 40.071783 ], [ -74.981173, 40.071985 ], [ -74.981604, 40.072307 ], [ -74.981545, 40.072438 ], [ -74.981389, 40.072751 ], [ -74.982346, 40.073458 ], [ -74.98307, 40.073975 ], [ -74.984319, 40.074648 ], [ -74.984631, 40.074335 ], [ -74.984901, 40.07448 ], [ -74.984987, 40.074526 ], [ -74.985414, 40.074756 ], [ -74.985749, 40.07492 ], [ -74.985994, 40.075019 ], [ -74.986285, 40.075106 ], [ -74.98657, 40.075198 ], [ -74.986886, 40.075332 ], [ -74.987162, 40.075502 ], [ -74.987382, 40.075654 ], [ -74.987568, 40.075825 ], [ -74.988272, 40.076466 ], [ -74.988851, 40.076994 ], [ -74.989139, 40.077231 ], [ -74.988771, 40.077506 ], [ -74.989637, 40.07823 ], [ -74.990273, 40.078781 ], [ -74.988552, 40.079912 ], [ -74.988371, 40.07988 ], [ -74.988387, 40.079902 ], [ -74.988219, 40.080029 ], [ -74.987745, 40.08034 ], [ -74.987027, 40.080802 ], [ -74.987164, 40.080973 ], [ -74.987247, 40.081074 ], [ -74.987382, 40.081307 ], [ -74.987487, 40.081257 ], [ -74.987522, 40.08134 ], [ -74.987861, 40.081257 ], [ -74.988167, 40.081249 ], [ -74.988165, 40.08109 ], [ -74.988763, 40.080698 ], [ -74.989272, 40.081147 ], [ -74.989312, 40.081106 ], [ -74.989436, 40.081006 ], [ -74.990363, 40.080401 ], [ -74.990976, 40.079989 ], [ -74.991256, 40.079804 ], [ -74.993278, 40.081501 ], [ -74.993392, 40.081611 ], [ -74.994348, 40.081681 ], [ -74.995803, 40.080845 ], [ -74.997233, 40.080023 ], [ -74.998754, 40.08132 ], [ -75.002578, 40.084426 ], [ -75.002629, 40.084486 ], [ -75.005998, 40.087229 ] ] ] } }
]
}
